Kepler ID,KOI,Morph,Mult,BJD0,BJD0 Err,Period,Period Err,Kepmag,Teff,RA,Dec
1026032,,0.15,1,54966.773813,0.030112,8.460438,2.30e-5,14.813,5715,291.04410,36.72930
1026957,958,0.01,1,54956.017106,0.011314,21.761306,8.81e-5,12.559,4845,291.25450,36.74360
1161345,984,0.24,1,55005.028983,0.023798,4.287456,8.60e-6,11.631,5836,291.04880,36.83990
1432214,998,0.00,1,55047.039254,0.037980,161.788300,1.58e-3,15.661,5814,291.38270,37.07300
1433410,,0.74,1,54999.951811,0.014174,0.283275,3.10e-6,14.119,6003,291.63770,37.08230
1433980,3924,0.62,1,55000.366398,0.054653,1.592634,6.20e-6,14.915,6345,291.76630,37.09720
1571511,362,0.17,1,54954.504752,0.065876,14.022451,4.72e-5,13.424,5804,290.99690,37.19920
1572353,,0.91,1,54964.674573,0.013123,0.228931,1.00e-7,15.234,4470,291.18860,37.16160
1573836,,-1.00,1,55000.034563,,3.557093,6.60e-6,13.124,6283,291.50250,37.17750
1575690,3658,0.31,1,54965.432738,0.013150,2.252428,4.30e-6,15.625,4140,291.88190,37.18910
1722276,1008,0.00,1,55081.923700,0.035212,569.950000,7.35e-3,14.645,5370,291.69670,37.23800
1868650,,1.00,1,54953.769678,0.028231,0.584731,5.00e-7,13.453,10733,291.53940,37.33560
1873513,4928,0.16,1,55001.074635,0.014651,3.290383,5.29e-5,15.669,3109,292.57990,37.37640
1995732,3351,0.03,1,55049.455853,0.074804,77.362721,5.44e-4,15.673,5163,286.21600,37.42520
2010607,4929,-1.00,1,54974.489675,,18.632296,7.10e-5,11.347,6122,290.50560,37.45900
2012362,,0.93,1,54964.744705,0.021930,0.386323,3.00e-7,14.121,6218,290.92520,37.47630
2019076,3585,0.16,1,55004.072218,0.023465,7.129228,1.87e-5,15.671,5624,292.46250,37.44260
2141697,,0.98,1,54953.836742,0.019676,0.331043,2.00e-7,13.399,6049,286.34490,37.50180
2159783,,0.87,1,54964.975549,0.022460,0.373884,2.00e-7,14.965,5643,291.35940,37.55330
2161623,6094,0.54,1,54999.599837,0.044144,2.283470,6.18e-5,14.312,6507,291.74450,37.59100
2162283,,1.00,1,54954.341553,0.049680,0.906378,9.00e-7,9.551,6683,291.89180,37.55680
2162994,,0.42,1,54965.631653,0.036112,4.101596,8.10e-6,14.162,5410,292.05800,37.59210
2166200,3735,0.11,1,55006.127339,0.022259,8.096956,6.39e-5,17.637,6344,292.73370,37.55930
2167890,3670,0.29,1,55185.843253,0.018062,2.648301,5.70e-6,12.858,4837,293.09360,37.51450
2302092,,0.88,1,54964.690581,0.025649,0.294673,2.00e-7,14.440,5245,291.26230,37.69790
2305277,,0.98,1,54964.986693,0.020035,0.378772,3.00e-7,15.101,5694,291.97070,37.65120
2305372,,0.58,1,54965.954227,0.035813,1.404692,1.70e-6,13.821,5664,291.99030,37.67280
2305543,4936,0.50,1,55003.400909,0.017121,1.362273,1.90e-6,12.545,5623,292.02690,37.60070
2306740,,0.27,1,54966.425207,0.067457,10.306987,3.06e-5,13.545,5647,292.26980,37.69820
2306756,113,0.00,1,54999.342231,0.044178,386.600000,5.05e-3,12.394,5362,292.27370,37.67160
2307199,151,0.07,1,55006.176594,0.020973,13.447111,4.47e-5,14.000,6028,292.37480,37.63100
2307206,3549,0.01,1,55086.538682,0.106873,204.031379,2.28e-3,15.734,5342,292.37620,37.65750
2308957,,0.59,1,54965.166461,0.048525,2.219684,3.30e-6,14.520,5697,292.75180,37.60350
2309587,5982,0.44,1,54965.101351,0.020303,1.838511,2.50e-6,13.925,5560,292.89970,37.65930
2309719,1020,0.02,1,54997.069278,0.041307,54.356360,3.13e-4,12.899,5786,292.93090,37.60660
2435971,,0.94,1,54964.815967,0.018215,0.271828,2.00e-7,14.695,,290.07960,37.78800
2436378,2682,0.09,1,54969.278076,0.019058,8.531613,3.72e-5,18.498,,290.14170,37.74140
2437038,,0.87,1,54964.980693,0.049493,0.267678,2.00e-7,15.955,5461,290.19840,37.74210
2437060,3712,0.47,1,55000.890724,0.043079,3.187110,2.28e-5,16.988,4452,290.19950,37.77700
2437149,3598,0.11,1,55008.621824,0.044609,18.798735,2.84e-4,17.628,5130,290.20580,37.76910
2437452,,0.16,1,54974.816530,0.048037,14.469930,4.99e-5,16.981,5398,290.22620,37.75960
2437505,2671,0.06,1,54982.261859,0.033460,21.476422,1.41e-4,17.290,,290.23030,37.77750
2438061,,0.30,1,55004.093627,0.025130,4.885852,1.67e-5,,,290.27700,37.79100
2438490,3699,0.34,1,55001.014453,0.149523,3.315767,4.36e-5,17.772,5317,290.32590,37.76150
2440757,792,0.36,1,54964.685956,0.013408,1.433771,1.80e-6,15.122,5990,290.84370,37.72880
2441161,3642,0.25,1,55004.684524,0.019591,4.383980,2.85e-5,16.654,5112,290.93840,37.70120
2442084,,0.03,1,55008.192092,0.045072,49.788598,2.84e-4,15.591,4005,291.16010,37.76110
2444187,,0.76,1,54964.814979,0.021043,0.390159,3.00e-7,14.138,6162,291.63230,37.73800
2444348,,-1.00,1,54992.474120,,103.206989,7.65e-4,10.316,4546,291.66870,37.70410
2445134,5983,0.16,1,54972.647749,0.035101,8.412009,2.28e-5,13.551,5999,291.84970,37.73860
2445975,53,0.14,1,54967.981114,0.018139,3.388882,6.20e-6,13.513,,292.03090,37.77350
2446623,3674,0.00,1,55012.043234,0.028559,175.065720,1.58e-3,15.620,5790,292.16530,37.79410
2447893,,0.58,1,54965.113742,0.014914,0.661620,6.00e-7,14.490,5059,292.42400,37.79450
2448320,,0.93,1,55002.065503,0.015835,0.274108,2.00e-7,15.858,5160,292.51910,37.71600
2449084,,0.70,1,55000.319865,0.042648,0.739757,1.23e-5,15.018,6177,292.69560,37.77200
2449090,3702,0.24,1,55001.811037,0.028135,4.944000,3.15e-5,16.237,,292.69630,37.70720
2450566,,0.98,1,55001.553286,0.099698,1.844587,2.50e-6,11.720,6380,293.03630,37.76270
2452440,3687,0.18,1,55003.811045,0.040182,8.097045,6.39e-5,16.474,5519,293.44690,37.72120
2453212,,0.98,1,55002.014475,0.024682,0.436716,4.00e-7,15.946,6288,293.61660,37.78980
2556127,,0.60,1,54953.710274,0.011073,0.418871,3.00e-7,12.895,5920,286.42020,37.80580
2557430,,0.51,1,54954.461036,0.017907,1.297736,1.50e-6,11.471,6248,286.84530,37.81590
2558370,3855,0.57,1,55000.092666,0.013422,0.546248,1.30e-6,18.550,,287.13600,37.83830
2569494,3704,0.58,1,55000.349187,0.060781,1.523324,1.02e-5,17.380,5114,290.17880,37.84900
2570289,,0.90,1,54964.579321,0.017007,0.279028,2.00e-7,15.330,5966,290.26130,37.81350
2571439,,0.93,1,54964.701572,0.018242,0.320979,2.00e-7,14.696,5046,290.46930,37.85520
2576107,3709,0.00,1,54862.171422,0.038232,205.583017,1.92e-3,15.247,6118,291.52310,37.88760
2576692,,0.04,1,55027.106692,0.076217,87.878533,6.38e-4,12.744,5573,291.64300,37.81430
2577756,,0.63,1,54964.662821,0.033717,0.870333,9.00e-7,15.514,5630,291.86200,37.82990
2580872,,0.12,1,54978.551299,0.044913,15.926628,5.71e-5,14.880,5293,292.52860,37.81000
2693092,,0.05,1,54961.298937,0.055086,39.841524,2.11e-4,12.003,5819,285.90480,37.92810
2694741,,0.93,1,54953.773721,0.019405,0.326647,2.00e-7,12.297,5302,286.41230,37.90820
2695740,,0.85,1,54956.418200,0.208455,3.615875,6.70e-6,13.240,4881,286.73070,37.94430
2696703,3161,0.06,1,54997.116516,0.050387,6.094094,1.42e-5,9.580,,287.05740,37.99140
2697935,3853,-1.00,1,55008.469440,,21.513359,1.03e-4,10.630,4883,287.46790,37.96660
2708156,,0.57,1,54954.335595,0.046299,1.891272,2.60e-6,10.672,11061,290.28710,37.93650
2708614,,0.03,1,55032.893022,0.050855,52.885890,5.05e-3,15.694,6252,290.40160,37.94200
2711114,,0.29,1,54967.174931,0.016196,2.858880,4.80e-6,12.335,6281,291.01420,37.96970
2715007,,0.87,1,54964.782119,0.018796,0.297110,2.00e-7,14.730,5598,291.87730,37.95080
2715417,,0.77,1,54964.666158,0.013583,0.236440,1.00e-7,14.070,5189,291.96900,37.92780
2717141,,0.78,1,54953.756174,0.022583,0.394572,3.00e-7,13.519,6140,292.32620,37.96150
2719436,,0.67,1,54999.715360,0.032161,0.743480,7.80e-6,14.015,7041,292.83320,37.93710
2719873,6096,0.07,1,54968.273349,0.032901,17.279290,6.39e-5,15.160,5086,292.93060,37.96440
2720096,,-1.00,1,55003.029283,,26.674680,1.33e-4,13.047,4832,292.97910,37.91090
2720354,,0.46,1,54956.215382,0.035955,2.821328,4.70e-6,13.116,6513,293.03610,37.95470
2831632,,0.92,1,54954.729960,0.149520,2.573172,4.10e-6,13.198,7045,285.69010,38.07610
2835289,,0.92,1,55000.442959,0.052267,0.857762,8.00e-7,13.009,6228,286.85930,38.02750
2851100,1104,0.46,1,54965.364973,0.046455,0.890108,9.00e-7,15.723,4600,291.17070,38.00860
2851474,,0.95,1,54965.526650,0.157163,2.768293,4.60e-6,12.624,8354,291.24910,38.04270
2852560,,0.09,1,54964.912445,0.028009,11.961308,3.76e-5,15.308,5381,291.46600,38.00500
2854432,,0.93,1,54964.880329,0.019925,0.322326,2.00e-7,14.922,5103,291.86660,38.08550
2854752,,0.79,1,54964.893006,0.031989,0.470433,3.00e-7,13.990,7073,291.93570,38.00630
2854948,3786,0.50,1,55002.410212,0.013870,0.974304,1.30e-6,15.783,5466,291.98420,38.08840
2856960,,0.64,2,54964.658506,0.007310,0.258507,1.00e-7,15.615,4733,292.38130,38.07670
2856960,,0.04,2,54997.652563,0.369952,204.255879,1.92e-3,15.615,4733,292.38130,38.07670
2858322,,0.77,1,54964.659801,0.071035,0.436400,3.00e-7,14.751,5605,292.67460,38.06480
2860594,,0.52,1,54960.317741,0.085050,5.499945,1.22e-5,13.370,6684,293.16500,38.06910
2860788,,0.37,1,54965.066911,0.041162,5.259742,1.16e-5,14.043,5319,293.20730,38.00900
2970804,3993,0.61,1,54964.658323,0.102079,0.686992,6.00e-7,9.160,,286.10700,38.10760
2972514,,0.74,1,54999.881938,0.025770,0.503485,7.10e-6,14.031,6346,286.68580,38.17030
2973509,,0.24,1,54958.918282,0.037474,6.627611,1.61e-5,13.558,6058,287.02570,38.17100
2983113,,0.89,1,55001.969640,0.024093,0.395160,3.00e-7,15.152,6321,289.86300,38.15240
2987433,4959,0.00,1,55029.680109,0.106658,420.930000,5.05e-3,13.858,6205,290.93900,38.11960
2988984,,0.82,1,54999.991556,0.041446,0.713020,3.30e-6,15.316,7160,291.28800,38.17200
2996347,,0.90,1,55002.146322,0.018906,0.301011,2.00e-7,15.448,5445,292.88540,38.19370
2997455,6098,0.45,1,54964.788647,0.013905,1.129850,1.30e-6,13.800,4795,293.13040,38.12780
2998124,,0.08,1,54957.385528,0.056015,28.597884,1.29e-4,13.119,6374,293.26640,38.12610
3003991,6099,0.13,1,54964.859085,0.023069,7.244779,1.84e-5,13.926,5366,294.49000,38.19960
3097352,3648,0.30,1,54999.654921,0.029231,4.029840,2.36e-5,16.936,5760,285.68700,38.26120
3098194,,0.10,1,54969.971978,0.060392,30.476531,1.45e-4,13.901,5328,286.00310,38.28570
3102000,3373,0.03,1,54997.255620,0.054576,57.060009,3.49e-4,15.936,5718,287.34950,38.28600
3102024,,0.15,1,54958.697369,0.050322,13.782521,4.60e-5,12.809,5117,287.35610,38.21220
3104113,,0.85,1,54965.284916,0.050595,0.846786,8.00e-7,13.447,5910,288.03970,38.29410
3113266,1088,0.39,1,54964.847534,0.008549,0.995861,1.00e-6,15.577,5077,290.63940,38.28460
3114667,3763,0.52,1,54999.753222,0.014018,0.888583,2.70e-6,17.375,,290.99720,38.28260
3115480,,0.28,1,54968.194275,0.021590,3.693703,7.00e-6,14.469,5961,291.19320,38.24470
3119295,,0.75,1,55000.054095,0.024182,0.439698,5.80e-6,14.268,7236,292.05970,38.26690
3120320,2126,0.14,1,54959.222315,0.034945,10.265613,3.00e-5,10.885,5676,292.29200,38.28450
3122985,1949,0.47,1,54965.600017,0.013701,0.993488,1.00e-6,14.701,5592,292.91890,38.20670
3124420,3918,0.60,1,55000.571511,0.025091,0.948951,2.90e-6,18.241,,293.24540,38.27220
3127817,,0.48,1,54955.117734,0.046655,4.327139,8.70e-6,12.155,6504,293.99970,38.23230
3127873,,0.91,1,54964.982325,0.041188,0.671526,6.00e-7,15.153,6069,294.01070,38.26360
3128793,1786,0.23,1,54970.770924,0.122631,24.679381,1.05e-4,14.633,4371,294.20700,38.22350
3218683,,0.69,1,54965.118326,0.028861,0.771670,7.00e-7,15.998,5119,286.40060,38.37620
3221207,,0.81,1,54953.960358,0.028449,0.473830,3.00e-7,11.975,6414,287.34090,38.32570
3222471,,0.00,1,55369.551410,0.097825,618.420000,7.35e-3,14.491,4903,287.78780,38.31040
3228824,1100,0.64,1,54970.345617,0.028785,0.730942,8.00e-7,15.736,4606,289.76480,38.35240
3228863,,0.65,1,54954.262345,0.028985,0.730944,7.00e-7,11.816,6561,289.77480,38.36680
3230227,,-1.00,1,54958.702238,,7.047106,1.75e-5,9.002,7972,290.11260,38.39990
3230578,381,0.26,1,54958.828915,0.011983,6.337610,1.50e-5,13.406,,290.20360,38.37490
3230787,6101,0.09,1,54959.183688,0.044793,17.734052,6.62e-5,12.553,5669,290.25480,38.34170
3231120,3643,0.25,1,55001.478119,0.024579,3.900090,2.24e-5,16.597,5555,290.34440,38.37710
3232823,,0.94,1,54964.862867,0.024275,0.423907,3.00e-7,15.142,6172,290.85280,38.32660
3240159,3515,0.00,1,55029.121410,0.038712,82.137655,5.90e-4,12.261,6128,292.71320,38.36970
3240706,1098,0.21,1,54970.003288,0.020455,5.489865,1.24e-5,15.030,5760,292.85610,38.37260
3240976,,-1.00,1,55002.377433,,15.238869,5.37e-5,14.502,6124,292.92910,38.32800
3241344,5984,0.24,1,54966.428168,0.023524,3.912678,7.60e-6,14.756,5422,293.01650,38.31850
3241619,,0.44,1,54955.247951,0.019477,1.703344,2.20e-6,12.524,5165,293.09490,38.36130
3245776,,0.96,1,55001.643004,0.078571,1.492059,1.90e-6,14.377,5839,294.07400,38.31910
3247294,,0.02,1,54966.433454,0.046596,67.418828,4.41e-4,13.924,5811,294.43990,38.38080
3248019,1759,0.37,1,55098.773000,0.019924,2.668222,5.00e-6,15.387,6075,294.59680,38.37010
3248332,,0.20,1,54956.975010,0.036772,7.363607,1.87e-5,13.102,6578,294.66470,38.33300
3323289,,0.05,1,54991.866206,0.043305,33.693201,1.64e-4,14.898,5229,285.33660,38.45050
3327980,,0.44,1,54967.106634,0.042965,4.231022,8.50e-6,12.119,7321,287.17610,38.43350
3335816,,0.16,1,54954.355631,0.022997,7.422006,1.88e-5,12.084,6079,289.69830,38.40660
3338660,3795,0.60,1,55002.252623,0.056241,1.873380,5.70e-6,14.807,5722,290.47420,38.42740
3339538,,0.05,1,54958.816851,0.019182,14.658014,4.99e-5,13.391,4955,290.73940,38.41410
3339563,,0.72,1,54965.376860,0.120256,0.841232,8.00e-7,14.176,5367,290.74600,38.44310
3340313,3677,0.05,1,55006.985602,0.191221,30.553700,4.15e-4,16.245,6208,290.96400,38.46950
3341934,,0.07,1,54970.768578,0.036673,18.839497,7.23e-5,15.291,5992,291.38620,38.49150
3342425,,0.94,1,54964.942901,0.024483,0.393415,3.00e-7,15.089,6035,291.51620,38.45450
3342592,402,0.13,1,54969.191539,0.061224,17.177326,6.39e-5,14.923,5717,291.55630,38.44630
3344427,3764,0.57,1,55000.003110,0.013749,0.651785,1.70e-6,15.832,4676,292.00240,38.43520
3345675,1772,0.00,1,55083.146716,0.022688,120.004010,9.45e-4,15.635,4105,292.30070,38.40210
3347485,5985,0.28,1,54955.024047,0.045785,7.544841,1.94e-5,12.920,5659,292.77970,38.44860
3348093,3590,0.12,1,55000.364628,0.018000,7.964420,6.29e-5,16.200,4295,292.92530,38.48100
3351945,,0.50,1,54965.329700,0.019091,1.080538,1.20e-6,14.734,4744,293.88450,38.44570
3352751,,0.50,1,54954.597119,0.042074,3.495455,6.40e-6,13.444,7909,294.07190,38.42690
3353233,,0.75,1,55002.057634,0.016595,0.315778,2.00e-7,15.958,4586,294.19230,38.43950
3354616,,0.76,1,55000.188881,0.014963,0.276983,2.00e-7,15.926,5093,294.52760,38.42400
3427776,,0.17,1,54967.239974,0.014678,4.016682,7.90e-6,15.371,5292,286.45260,38.53830
3428468,3582,0.00,1,55032.449947,0.047005,114.908680,9.45e-4,15.927,4279,286.72340,38.59570
3431321,,0.79,1,54954.417815,0.065919,1.015049,1.10e-6,11.197,9589,287.77450,38.50400
3433668,3415,0.12,1,54991.740114,0.078628,15.021798,5.21e-5,13.109,5440,288.54910,38.56520
3437778,,0.68,1,55002.015043,0.032359,0.635582,1.20e-6,15.704,6929,289.79970,38.56090
3437800,,0.97,1,54964.746426,0.020464,0.362679,2.00e-7,13.871,6185,289.80420,38.56080
3438975,300,0.46,1,55004.632617,0.039852,2.976096,5.00e-6,12.302,5694,290.12020,38.50950
3439031,4980,0.33,1,54954.068169,0.038300,5.952026,1.37e-5,11.287,6337,290.13270,38.51370
3439180,,0.76,1,55002.039112,0.016434,0.325065,3.00e-7,14.366,5597,290.16900,38.53920
3440230,,0.54,1,54967.238413,0.055493,2.881101,4.90e-6,13.636,7869,290.47130,38.52860
3441784,976,0.03,1,54965.403536,0.042882,52.568726,3.13e-4,9.729,,290.94440,38.53890
3442054,3593,0.02,1,54980.206233,0.094879,117.681382,9.45e-4,12.112,6206,291.01880,38.56990
3443519,,0.89,1,54953.826091,0.019651,0.353627,2.00e-7,11.481,5929,291.40700,38.56790
3443790,1185,0.34,1,54955.201970,0.013020,1.665784,2.20e-6,11.840,6024,291.47630,38.50060
3448245,,0.69,1,54953.953327,0.027074,0.513490,4.00e-7,11.864,6573,292.61860,38.52490
3449540,4982,0.40,1,54965.493715,0.028963,3.212006,5.70e-6,14.194,6216,292.93700,38.59310
3454864,,0.69,1,54964.780262,0.013257,0.294120,2.00e-7,13.731,5791,294.22170,38.53110
3458919,,0.54,1,54964.815308,0.014423,0.892061,9.00e-7,13.815,5063,295.14030,38.59750
3459199,3725,0.33,1,54999.890746,0.020340,3.141034,5.40e-6,10.055,4907,295.20290,38.51960
3530668,5986,0.48,1,55004.235182,0.027950,1.946200,2.90e-6,13.993,,287.03970,38.64030
3534118,3641,0.00,1,55051.226914,0.020554,178.413557,1.58e-3,13.944,5684,288.32780,38.62760
3542573,,0.25,1,54959.807593,0.031661,6.942796,1.72e-5,12.161,5741,290.85920,38.63380
3543270,,0.33,1,54966.195961,0.030949,4.176929,8.30e-6,15.220,5288,291.05760,38.64530
3544694,3629,0.29,1,5500.426884,0.023668,3.845700,2.21e-5,15.925,6172,291.44630,38.63980
3545476,,0.88,1,54964.739951,0.018560,0.317689,2.00e-7,14.821,5319,291.66330,38.64400
3547091,1177,0.22,1,55096.322121,0.015722,3.305578,6.20e-6,15.537,5360,292.07850,38.63150
3547111,,0.96,1,55000.126516,0.064491,1.207836,2.49e-5,14.398,6401,292.08390,38.67500
3547315,3736,0.48,1,54999.596630,0.013851,1.284700,3.30e-6,16.639,5235,292.13730,38.60240
3547874,,-1.00,1,54999.266982,,19.692172,7.65e-5,10.952,6371,292.28290,38.66570
3549994,,0.74,1,55000.000868,0.017768,0.347182,5.00e-7,16.102,5544,292.82390,38.62270
3556229,3899,0.61,1,55000.337470,0.026273,0.796720,2.80e-6,17.656,,294.35190,38.60470
3557421,,0.70,1,54953.706725,0.017995,0.393728,3.00e-7,10.027,,294.63490,38.62690
3558822,,0.71,1,54953.844462,0.069759,1.353421,1.60e-6,12.252,6188,294.94430,38.63010
3558981,52,0.24,1,54965.154915,0.018298,2.987859,1.28e-5,13.109,,294.97740,38.67840
3560212,,0.74,1,55000.205217,0.017050,0.346064,2.00e-7,15.525,5233,295.24700,38.64810
3633901,,0.84,1,54999.655075,0.049277,0.807387,3.85e-5,14.944,7184,287.91760,38.78730
3641446,,0.95,1,55000.215748,0.118014,2.100014,3.00e-6,8.369,,290.24650,38.78990
3644542,3511,0.06,1,55009.105590,0.202592,119.679795,9.45e-4,8.351,8075,291.17060,38.76520
3654950,1766,0.26,1,55003.927327,0.036104,8.134725,2.26e-5,15.858,5233,293.83290,38.73630
3655326,,0.11,1,54973.654266,0.039133,15.066503,5.29e-5,14.213,6122,293.92530,38.73900
3656322,,0.56,1,54956.379473,0.049192,3.663604,1.68e-5,13.061,5075,294.16030,38.76740
3659940,,0.55,1,54965.564596,0.012620,0.896270,9.00e-7,15.261,5344,295.00460,38.77550
3662635,,0.57,1,54965.012755,0.020073,0.939376,1.00e-6,14.904,5589,295.56930,38.72610
3729724,,-1.00,1,54999.176469,,16.418755,5.89e-5,12.093,,285.65550,38.85050
3730067,,0.62,1,54964.887243,0.009790,0.294079,2.00e-7,14.610,4099,285.80780,38.89480
3732732,,0.94,1,54953.918666,0.024091,0.396187,3.00e-7,13.462,5946,286.88040,38.89300
3734660,,-1.00,1,55004.352911,,19.942137,7.80e-5,12.935,6030,287.62380,38.85540
3734868,805,0.23,1,54966.268921,0.060487,10.328036,3.19e-5,15.646,5415,287.69670,38.88650
3735597,,0.67,1,54954.425217,0.077638,1.966356,2.80e-6,12.240,6556,287.97440,38.84240
3735629,3544,0.13,1,54999.322469,0.147492,9.328346,5.71e-5,16.144,4877,287.98800,38.89180
3743834,,0.76,1,54964.543136,0.016525,0.273615,2.00e-7,14.076,4889,290.54620,38.87260
3745184,,0.67,1,54964.732045,0.013602,0.304233,2.00e-7,15.031,4607,290.95420,38.87420
3749404,,-1.00,1,54981.166190,,20.306385,7.95e-5,10.575,7144,292.07950,38.83710
3749508,,0.52,1,54954.377220,0.016777,1.065734,1.10e-6,13.151,5961,292.10590,38.83620
3756730,,0.95,1,54964.961909,0.020112,0.379164,3.00e-7,14.595,5638,293.93500,38.86730
3757588,,0.12,1,54987.285063,0.073726,24.089981,1.03e-4,14.940,5214,294.14340,38.89320
3757590,3520,0.00,1,55010.927823,0.034019,135.586070,1.18e-3,13.674,5827,294.14370,38.87740
3757778,3402,0.04,1,55215.879921,0.045751,36.514397,2.38e-4,15.423,5570,294.19630,38.83710
3761175,,0.91,1,55169.325620,0.307345,5.162343,1.13e-5,12.828,6890,295.02930,38.89790
3764714,3963,-1.00,1,55000.373734,,6.633276,1.61e-5,12.842,6251,295.74000,38.86230
3765708,,0.95,1,55002.136735,0.025413,0.431419,4.00e-7,15.193,6529,295.92790,38.84880
3765771,1189,0.17,1,54969.011606,0.016259,5.567717,1.26e-5,14.216,6145,295.94060,38.87640
3766353,,-1.00,1,54966.722400,,2.666965,4.30e-6,13.968,6362,296.05380,38.89430
3830820,,0.06,1,54968.114264,0.025828,15.582788,5.53e-5,15.368,3902,284.62020,38.96950
3832382,,0.75,1,54964.603149,0.014831,0.272649,2.00e-7,15.691,4454,285.24610,38.98330
3832716,27,0.57,2,54954.237442,0.025584,1.141877,1.30e-6,13.418,5926,285.39400,38.90490
3832716,27,0.36,2,54953.978611,0.042336,2.170109,3.20e-6,13.418,5926,285.39400,38.90490
3833859,,0.99,1,54954.084827,0.025281,0.431743,3.00e-7,11.987,6011,285.87390,38.90390
3834322,2763,0.43,1,54964.575359,0.016343,0.996858,1.00e-6,15.397,4627,286.04990,38.96020
3834364,,0.23,1,54965.314880,0.016479,2.908455,4.90e-6,14.661,5449,286.07220,38.97220
3836439,,0.47,1,54954.213023,0.017202,1.540395,1.90e-6,7.570,7166,286.94840,38.92820
3836522,5012,0.46,1,55003.511422,0.017012,1.540380,2.00e-6,14.844,5268,286.97740,38.91330
3837677,,0.94,1,54964.806673,0.027697,0.461984,3.00e-7,15.548,5466,287.42800,38.91860
3838496,3700,0.36,1,55002.007500,0.047078,5.980397,4.14e-5,17.900,,287.75240,38.92980
3839964,,0.80,1,54964.791432,0.016135,0.256150,1.00e-7,14.602,5332,288.29390,38.97810
3848042,,0.99,1,54964.758310,0.023564,0.411453,3.00e-7,14.965,6398,290.80390,38.95300
3848919,5015,0.57,1,54964.765586,0.019884,1.047260,1.10e-6,13.901,5226,291.05630,38.97440
3848972,1187,0.46,1,55001.998566,0.008762,0.741057,7.00e-7,14.489,5286,291.07130,38.99900
3849155,390,0.41,1,54965.047161,0.013029,1.168313,1.30e-6,13.831,5343,291.12800,38.91470
3850086,,-1.00,1,55012.165119,,19.114247,7.37e-5,11.239,6230,291.39750,38.96470
3851193,,0.55,1,54964.838287,0.027380,1.341079,1.60e-6,13.682,6122,291.70960,38.92140
3851320,,0.82,1,55000.251155,0.069351,1.238569,1.31e-5,14.147,8540,291.74400,38.98720
3851949,3808,0.25,1,54976.747861,0.284137,54.771108,3.30e-4,13.939,4981,291.90330,38.92590
3852655,3002,0.10,1,55000.716753,0.021798,11.629058,3.59e-5,13.256,5822,292.08190,38.91500
3853259,,0.98,1,54964.780871,0.015948,0.276648,2.00e-7,13.922,4467,292.24470,38.92320
3853673,1197,0.54,1,54965.687811,0.011973,0.643796,6.00e-7,15.103,5727,292.35290,38.94250
3858879,3276,0.19,1,55013.750021,0.096759,25.952311,1.13e-4,15.112,5658,293.69410,38.99560
3858884,,0.14,1,54961.928697,0.095929,25.951931,1.13e-4,9.277,,293.69540,38.98280
3858949,995,0.26,1,54987.883881,0.082366,25.951139,1.13e-4,14.576,5219,293.71080,38.98360
3861595,4,0.20,1,54959.728108,0.020420,3.849367,7.30e-6,11.432,6054,294.35660,38.94740
3862171,,-1.00,1,55001.336005,,6.996461,1.75e-5,13.685,5922,294.49700,38.98010
3862246,230,0.13,1,54969.307559,0.015524,4.702494,9.90e-6,14.916,5265,294.51750,38.95630
3865298,3540,0.15,1,54967.812277,0.034252,9.530635,1.37e-3,14.689,5295,295.23200,38.92590
3867593,5023,0.02,1,55042.964810,0.063167,73.332022,4.71e-4,13.559,7037,295.69750,38.90200
3869326,5991,0.14,1,54969.211375,0.023559,8.586044,2.32e-5,11.598,4903,296.03300,38.93670
3869825,1178,-1.00,1,54972.135090,,4.800656,1.02e-5,13.320,6476,296.13390,38.99900
3935319,,0.76,1,55001.973950,0.019038,0.353131,3.00e-7,15.852,5203,284.98610,39.04050
3936357,,0.77,1,54953.852697,0.020054,0.369154,2.00e-7,12.437,5933,285.41090,39.04120
3938073,,0.06,1,54960.840071,0.046919,31.024312,1.45e-4,12.512,5744,286.15420,39.06570
3953106,5025,0.20,1,54972.976076,0.054139,13.174370,1.92e-3,14.035,5398,291.17980,39.09970
3953981,,0.75,1,54953.822532,0.028483,0.492017,4.00e-7,12.633,4925,291.42820,39.07380
3954227,3766,0.56,1,55002.265535,0.013598,0.594276,6.00e-7,15.985,4595,291.49290,39.05020
3954798,,0.58,1,54953.841706,0.024509,0.918480,9.00e-7,13.608,6140,291.65140,39.03810
3955867,,0.40,1,54960.825756,0.352426,33.659962,1.64e-4,13.547,4706,291.93010,39.07210
3956545,,0.75,1,54964.884961,0.017657,0.330280,2.00e-7,13.987,5617,292.09210,39.04740
3956881,,0.95,1,54964.961529,0.039511,0.696945,6.00e-7,14.934,5574,292.17830,39.07600
3957477,,0.58,1,54954.934438,0.020646,0.979052,1.00e-6,12.477,5395,292.34390,39.06930
3958488,,0.95,1,54954.154703,0.031879,0.622891,5.00e-7,13.104,6939,292.60160,39.06320
3964545,3542,0.28,1,54965.246014,0.020659,3.012475,5.90e-6,14.776,5750,294.14000,39.08990
3965242,,0.53,1,54964.911763,0.014810,0.996724,1.00e-6,14.060,5183,294.32130,39.03890
3965556,,-1.00,1,54999.504584,,6.556770,1.58e-5,12.543,6252,294.39090,39.07670
3966491,,0.79,1,54955.927896,0.088183,1.351972,1.60e-6,13.296,8866,294.63420,39.05070
3966912,1186,0.02,1,54963.074046,0.014244,55.663680,3.30e-4,15.593,5397,294.74060,39.01550
3969362,,0.80,1,54964.964675,0.026918,0.410568,3.00e-7,14.274,6560,295.31180,39.05450
3970117,3556,0.03,1,55068.750238,0.108397,110.295122,8.40e-4,15.258,5551,295.46200,39.08440
3970233,604,0.25,1,54966.159737,0.051740,8.254914,5.53e-5,14.034,5224,295.48190,39.01730
3971315,5992,0.12,1,54969.690539,0.027898,9.892277,2.88e-5,13.664,5962,295.69320,39.00650
3972629,,0.85,1,54964.812585,0.016796,0.244240,1.00e-7,14.931,5076,295.93300,39.02490
3973002,,0.34,1,54967.882431,0.025225,3.984197,7.80e-6,14.985,5740,296.00210,39.00050
3973504,,0.18,1,55003.478168,0.017343,4.318728,9.10e-6,15.690,5663,296.09510,39.05540
3973549,5032,0.37,1,55008.351662,0.011677,1.389955,1.70e-6,14.293,6055,296.10360,39.05620
4035675,6107,0.18,1,54965.582631,0.013138,2.873662,4.90e-6,12.702,5480,284.62460,39.17880
4036687,,0.89,1,55000.292216,0.018135,0.299799,3.30e-6,15.220,6200,284.95590,39.14460
4037163,3793,0.59,1,55000.227976,0.012090,0.635444,1.60e-6,16.675,,285.08010,39.18390
4037428,5993,0.14,1,54955.403778,0.014985,4.264728,8.50e-6,12.873,5780,285.14500,39.18700
4042026,1180,0.09,1,54996.015661,0.081870,34.820046,1.76e-4,15.187,5017,286.86930,39.10370
4043443,231,0.01,1,54994.869540,0.023060,119.840240,9.45e-4,14.945,4330,287.40240,39.19070
4044005,969,0.02,1,54954.747545,0.012889,17.511947,6.50e-5,12.336,,287.61630,39.12720
4049124,5994,0.17,1,54969.003883,0.022883,4.804471,1.02e-5,14.654,5349,289.31420,39.13140
4054905,,0.13,1,54870.349164,0.873426,274.709022,2.79e-3,12.984,4702,290.91890,39.16990
4055092,,0.01,1,54966.982874,0.034549,76.453153,5.07e-4,15.312,4707,290.98010,39.18650
4058169,5034,0.00,1,55074.554237,0.064697,282.536160,2.79e-3,13.252,,291.84760,39.14360
4059656,,0.79,1,54966.709590,0.211240,4.059398,1.18e-3,11.716,,292.20480,39.19930
4066203,,0.93,1,55000.041821,0.020942,0.362549,4.80e-6,14.052,6497,293.87560,39.11380
4069063,,0.57,1,54964.906342,0.010072,0.504296,4.00e-7,13.318,5905,294.55850,39.13770
4069213,,0.42,1,54957.183260,0.055401,5.194256,1.13e-5,12.739,6058,294.59570,39.19380
4070376,1318,0.54,1,54965.333738,0.019903,1.634614,2.10e-6,15.310,5871,294.88180,39.16110
4071600,,0.96,1,54954.587439,0.095328,1.674635,2.20e-6,13.493,,295.15410,39.18390
4073678,,0.67,1,54927.892568,0.009519,0.288244,2.70e-6,15.447,5763,295.60660,39.15330
4074532,,0.74,1,54953.941330,0.018089,0.353153,2.00e-7,13.271,5403,295.77030,39.11000
4074708,,0.74,1,54964.856673,0.016123,0.302117,2.00e-7,15.370,5308,295.80040,39.13050
4075064,,0.00,1,54994.238521,0.022716,61.422806,3.90e-4,14.951,4734,295.86930,39.14820
4076952,,0.38,1,54966.703076,0.073244,9.761169,2.83e-5,13.773,6228,296.24480,39.18510
4077442,,0.59,1,54954.130321,0.014769,0.692842,6.00e-7,13.512,4523,296.34140,39.14060
4078157,1319,0.07,1,54960.327077,0.033062,16.024671,7.23e-5,15.484,5547,296.47940,39.12760
4078693,,0.20,1,54954.999726,0.011196,2.756531,4.50e-6,13.485,5288,296.57790,39.11150
4079530,3594,0.07,1,54994.771374,0.027534,17.727100,2.38e-4,15.556,5755,296.73450,39.18610
4138301,,0.90,1,54964.685221,0.015875,0.253379,1.00e-7,14.697,5132,285.48680,39.24060
4142768,,-1.00,1,54992.650873,,27.991603,1.26e-4,12.120,5401,287.26290,39.26000
4144236,6109,0.03,1,54973.645777,0.025487,22.913457,9.40e-5,11.856,6346,287.83330,39.22130
4149684,,0.25,1,55004.304360,0.026679,4.320849,9.10e-6,13.928,,289.50230,39.21160
4150136,,-1.00,1,54995.577252,,9.478402,2.72e-5,13.725,6195,289.61930,39.29390
4150390,1768,0.02,1,55087.981857,0.037902,55.251478,4.15e-4,15.807,5560,289.68660,39.29720
4150611,3156,0.13,3,54999.688801,0.003464,1.522279,1.90e-6,7.899,6623,289.74250,39.26710
4150611,3156,0.14,3,54961.005419,0.024746,8.653092,2.36e-5,7.899,6623,289.74250,39.26710
4150611,3156,0.10,3,55029.333888,0.328165,94.198200,6.93e-4,7.899,6623,289.74250,39.26710
4157488,,0.39,1,54968.137425,0.042039,5.197420,1.14e-5,13.961,5941,291.60320,39.22830
4159347,394,0.10,1,54958.227660,0.026371,12.283555,3.90e-5,13.167,5912,292.03110,39.24550
4164393,3413,0.02,1,55048.610438,0.045640,49.612756,2.84e-4,15.217,5996,293.21730,39.20780
4165960,395,0.10,1,54970.130555,0.017541,13.549178,4.53e-5,13.889,6244,293.57090,39.25260
4168013,,0.85,1,55002.044137,0.019235,0.310876,2.00e-7,15.151,5421,294.04360,39.26660
4169521,,0.93,1,54953.784404,0.068982,1.172556,1.30e-6,13.418,8099,294.38340,39.25530
4174507,,0.24,1,54966.039640,0.018876,3.891825,7.50e-6,15.439,5723,295.47390,39.21380
4178389,185,0.02,1,54967.385240,0.020342,23.210523,9.83e-5,14.228,5645,296.18520,39.26270
4241946,,0.75,1,54999.914195,0.016200,0.284384,2.00e-7,15.795,4663,284.90250,39.34740
4242692,3928,0.44,1,54966.637371,0.107941,2.277070,3.40e-6,13.194,6219,285.14660,39.37080
4244929,,0.91,1,54964.746256,0.020624,0.341403,2.00e-7,15.064,5857,286.01700,39.31530
4245897,,0.51,1,54973.788825,0.167341,11.257822,3.43e-5,12.538,6595,286.39090,39.33440
4247023,3559,0.03,1,55014.593156,0.046943,47.190615,5.05e-3,15.624,5424,286.84850,39.30490
4247092,403,-1.00,1,55004.129544,,21.056416,8.45e-5,14.169,5565,286.87970,39.37840
4247791,28,0.26,2,54954.796044,0.040931,4.049739,7.90e-6,11.260,,287.16480,39.37690
4247791,28,0.49,2,54956.035723,0.049958,4.100871,8.00e-6,11.260,,287.16480,39.37690
4247991,2311,0.00,1,55023.104021,0.025301,104.350000,8.40e-4,12.570,5338,287.24120,39.33280
4248941,,-1.00,1,54997.105632,,8.644598,2.34e-5,12.159,6089,287.60320,39.39770
4249218,,0.76,1,54964.857382,0.017148,0.316195,2.00e-7,13.858,5283,287.70770,39.31350
4252226,,0.07,1,54984.262196,0.039068,21.858958,9.00e-5,13.916,5650,288.72690,39.33770
4252322,396,0.02,1,54970.075735,0.048735,14.591516,4.99e-5,13.311,5675,288.75780,39.35060
4253860,5052,-1.00,1,54999.512292,,155.061112,1.37e-3,12.649,6636,289.23370,39.38650
4255422,3528,0.01,1,54974.575352,0.084897,165.405745,1.58e-3,12.724,,289.69710,39.37160
4263529,3358,0.02,1,55006.311988,0.008737,10.104016,2.97e-5,14.031,5330,291.88910,39.36180
4273411,,0.92,1,54965.666692,0.062698,1.219698,1.40e-6,13.907,6975,294.26380,39.30410
4275739,1317,0.27,1,55088.178957,0.020534,4.343656,1.11e-5,15.580,5435,294.77390,39.33380
4276114,5054,0.17,1,55003.790770,0.016391,3.722407,7.30e-6,15.691,5524,294.85510,39.30530
4281895,,0.13,1,54954.697005,0.082158,9.543588,2.70e-5,12.256,5309,296.05180,39.39500
4285087,6112,0.31,1,54966.450124,0.026118,4.486031,9.20e-6,12.785,5950,296.64880,39.31860
4346875,6113,0.24,1,54966.779517,0.028091,4.694219,9.90e-6,15.584,5339,285.58580,39.47910
4349483,,0.71,1,54964.907025,0.019405,0.509141,4.00e-7,14.302,4472,286.64740,39.45470
4350454,,0.80,1,54964.942703,0.063500,0.965658,1.00e-6,13.624,5907,287.05250,39.48790
4352168,,0.13,1,54967.941346,0.036957,10.643748,3.19e-5,14.343,5115,287.71500,39.44270
4357272,,0.64,1,54964.964677,0.029118,2.085950,3.00e-6,15.455,5117,289.40090,39.47500
4358206,,0.57,1,54964.920938,0.017646,0.951162,1.00e-6,14.038,,289.66320,39.41760
4359851,,-1.00,1,55008.493886,,13.542328,5.89e-5,12.809,5951,290.08290,39.40080
4360072,,0.05,1,55165.611684,1.147790,1087.300000,,11.159,4950,290.14130,39.48190
4365442,2787,0.52,1,54999.136949,0.023053,1.714413,2.30e-6,13.297,6077,291.68570,39.42890
4365461,5058,0.43,1,54964.865358,0.032011,3.428830,6.30e-6,13.309,6076,291.69100,39.42540
4366923,5059,0.00,1,55067.149448,0.041213,646.290000,7.35e-3,13.030,6226,292.11530,39.49860
4367544,,0.52,1,54965.760421,0.037409,2.391222,1.82e-4,14.327,5372,292.28390,39.45710
4372379,,-1.00,1,54966.216027,,4.535171,9.40e-6,13.810,6531,293.52030,39.44780
4372705,,1.00,1,55000.244783,0.060386,1.278668,2.34e-5,14.902,8677,293.59720,39.44560
4372765,3698,0.11,1,55004.535400,0.238643,15.639800,2.02e-4,18.231,6282,293.61040,39.41510
4375101,,0.05,1,54973.697755,0.073799,61.259602,3.90e-4,15.518,5661,294.15330,39.46430
4376644,397,0.01,1,54979.117929,0.014917,27.677704,1.26e-4,13.767,5805,294.51230,39.46210
4377638,,-1.00,1,55004.265058,,2.821875,6.60e-6,11.269,9093,294.74380,39.49940
4380283,,0.49,1,54965.902751,0.022518,1.744719,2.40e-6,14.742,5924,295.31900,39.48010
4385109,,0.90,1,54964.667954,0.016078,0.274648,2.00e-7,15.133,4739,296.25930,39.42140
4386047,3659,0.35,1,55001.200546,0.025339,2.900690,1.81e-5,16.943,5713,296.43030,39.44350
4445630,,0.30,1,54968.881486,0.040216,5.627912,1.28e-5,13.858,6060,285.06240,39.57440
4450976,,-1.00,1,54956.109541,,12.044869,3.76e-5,12.028,5836,287.37330,39.52610
4451148,,0.82,1,54954.385644,0.045190,0.735984,7.00e-7,11.174,6579,287.43950,39.55150
4454219,,0.43,1,54964.662458,0.014732,1.225733,3.49e-4,17.431,,288.56310,39.54160
4455763,5061,0.52,1,55003.000749,0.012863,0.766298,7.00e-7,15.581,6059,289.07650,39.57040
4456622,,0.44,1,55004.020547,0.014946,1.502816,2.00e-6,15.596,5498,289.32430,39.58260
4458989,,0.81,1,54954.158637,0.033695,0.529854,4.00e-7,12.945,6519,290.00150,39.53390
4459068,6114,-1.00,1,54957.137809,,24.955995,1.08e-4,11.458,8908,290.02440,39.56340
4464999,,0.78,1,54953.822183,0.024845,0.434164,3.00e-7,13.368,5820,291.79060,39.59380
4466356,3295,0.06,1,54998.374352,0.066790,14.128158,4.79e-5,14.284,5857,292.18240,39.56020
4466691,,0.78,1,54999.998987,0.031521,0.482651,6.60e-6,14.348,6512,292.27930,39.50510
4470124,,-1.00,1,54999.042124,,11.438984,6.38e-4,14.921,6260,293.19660,39.50720
4473933,,0.25,1,54964.207588,0.708447,103.592624,7.65e-4,12.030,,294.16240,39.55290
4474193,,0.89,1,54964.738944,0.021368,0.322505,2.00e-7,15.297,5319,294.23970,39.55850
4474637,3829,0.58,1,55002.994300,0.087724,3.886725,1.62e-5,16.810,,294.34080,39.56310
4476900,,0.78,1,55000.141708,0.017146,0.279666,2.00e-7,15.745,5222,294.89520,39.59010
4480676,1321,0.42,1,54965.087498,0.013314,1.423934,1.80e-6,15.469,5296,295.73190,39.58750
4484356,,0.51,1,54965.016920,0.014641,1.144159,1.30e-6,14.235,5080,296.45970,39.57370
4540632,,0.01,1,54983.860796,0.018052,31.005399,1.49e-4,14.991,4818,284.04430,39.66150
4544587,,0.49,1,54954.135787,0.033573,2.189097,3.20e-6,10.801,8255,285.88640,39.68340
4545729,,-1.00,1,55011.690434,,18.383520,6.98e-5,13.111,6096,286.40080,39.69840
4547067,,0.90,1,55000.054553,0.023830,0.407575,5.20e-6,14.671,6037,286.95960,39.64110
4547308,,0.88,1,54953.624244,0.134492,0.576928,5.00e-7,12.543,6937,287.06070,39.66520
4547480,6116,0.12,1,54966.563088,0.011654,4.426947,9.10e-6,15.469,5335,287.13810,39.67360
4550750,,0.77,1,55000.439574,0.086394,1.567774,2.00e-6,13.634,7386,288.43950,39.66810
4551328,1324,0.50,1,54965.084253,0.013408,1.044116,1.10e-6,15.636,5182,288.65360,39.66430
4554004,,0.62,1,55000.152874,0.024205,0.742507,3.43e-5,15.090,6210,289.48530,39.68450
4563150,,0.80,1,54964.769475,0.016743,0.274720,2.00e-7,13.997,4865,292.11170,39.66130
4569590,,0.48,1,55039.730861,0.624610,41.370200,2.19e-4,12.799,4588,293.86230,39.69010
4569923,,0.82,1,54964.657797,0.020610,0.313584,2.00e-7,13.873,5557,293.93750,39.65860
4570326,,0.95,1,54954.442727,0.059235,1.121552,1.20e-6,9.768,,294.03760,39.62860
4571536,2954,0.50,1,54964.766088,0.040507,0.676715,8.00e-7,15.713,5134,294.34520,39.68390
4574310,,0.56,1,54954.661614,0.029268,1.306220,1.50e-6,13.242,6337,294.99370,39.64280
4578594,,0.01,1,54926.700461,0.134094,252.155000,3.81e-3,15.793,5223,295.92360,39.60910
4579321,3657,0.34,1,55002.944741,0.016579,2.112395,6.70e-6,17.388,,296.06040,39.61520
4586482,5073,0.00,1,55151.137778,0.110088,623.000000,7.35e-3,14.023,5451,297.48390,39.63650
4633434,,0.04,1,54967.759142,0.027815,22.271209,9.40e-5,15.362,4902,283.98600,39.78450
4638237,3811,0.34,1,55140.311867,0.087787,290.140000,2.79e-3,13.906,5356,286.15310,39.71490
4639868,1326,0.00,1,54968.970342,0.015588,53.100965,3.13e-4,12.907,5170,286.83490,39.76090
4647652,,0.68,1,54953.946994,0.044474,1.064824,1.10e-6,11.811,6265,289.63930,39.77500
4649305,143,-1.00,1,54973.336784,,22.651138,9.40e-5,13.682,6742,290.10330,39.78160
4649324,,0.63,1,54965.226634,0.025138,1.035691,1.10e-6,14.753,6098,290.10780,39.70550
4649440,3919,0.04,1,55000.046424,0.013084,19.370732,7.51e-5,12.956,5109,290.13770,39.76520
4651526,,0.95,1,54999.972379,0.017436,0.298145,3.30e-6,14.754,6241,290.73880,39.77080
4659255,3580,0.00,1,55067.151630,0.058120,198.013278,1.92e-3,15.546,5153,293.04840,39.72540
4659476,,-1.00,1,54993.479361,,58.996374,3.68e-4,13.216,6129,293.11020,39.75640
4660997,,0.62,1,54954.051654,0.018214,0.562560,4.00e-7,12.317,5507,293.51370,39.71140
4661397,,0.92,1,54964.689325,0.018429,0.292325,2.00e-7,15.373,5546,293.61690,39.72350
4661634,,0.02,1,54992.899702,0.061314,73.894177,5.07e-4,15.329,5298,293.68170,39.75880
4663623,,0.05,1,54962.684595,0.596694,358.100000,3.81e-3,12.830,4735,294.19870,39.75800
4665989,,0.52,1,54965.752012,0.032987,2.248067,3.40e-6,13.016,6852,294.76400,39.75280
4669402,4128,-1.00,1,55002.983542,,8.496468,2.32e-5,14.034,5756,295.53390,39.76230
4669592,,0.76,1,54964.986279,0.020912,0.378428,3.00e-7,13.081,,295.57410,39.70060
4670267,,0.60,1,54966.375624,0.045929,2.006098,2.90e-6,15.097,5518,295.71680,39.77710
4671584,,0.20,1,54967.031522,0.022313,5.593325,1.27e-5,13.742,6096,295.99810,39.74280
4672934,,0.95,1,54964.705336,0.021965,0.382747,3.00e-7,13.792,5590,296.26920,39.79180
4677321,,0.61,1,54966.345443,0.045397,1.572181,2.00e-6,13.478,5979,297.11720,39.70240
4678171,,0.08,1,54965.805320,0.029154,15.288709,5.37e-5,15.993,4240,297.28400,39.70770
4679687,4049,0.44,1,55000.391764,0.011894,1.027903,1.40e-6,15.320,5225,297.58020,39.70270
4681152,,0.55,1,54954.060778,0.037518,1.835922,2.50e-6,13.134,,297.85190,39.78390
4729553,,0.61,1,54954.462794,0.027219,0.961293,1.00e-6,12.221,6091,285.72750,39.84130
4736208,,0.08,1,55000.553005,0.074930,63.681891,4.15e-4,14.995,5778,288.53740,39.83410
4737267,,0.33,1,54972.612728,0.074559,9.524076,2.72e-5,15.145,5156,288.91530,39.80500
4737302,,0.26,1,54957.214006,0.052138,9.455588,2.67e-5,11.554,6845,288.92670,39.81180
4738426,,0.96,1,54964.659616,0.014520,0.248835,1.00e-7,15.335,6016,289.27610,39.88370
4739194,,0.56,1,54965.020269,0.026712,1.246586,1.40e-6,14.283,6014,289.52150,39.86240
4739791,,0.59,1,54999.890185,0.022807,0.898921,1.63e-5,14.703,7538,289.71040,39.81800
4740676,1393,0.37,1,54954.347846,0.032488,3.454241,6.30e-6,13.198,6336,289.96440,39.81140
4743508,3572,0.31,1,55093.665560,0.015690,2.086079,3.50e-6,14.554,5869,290.81390,39.81910
4743626,,0.95,1,54954.927299,0.071581,1.302875,1.50e-6,12.104,6219,290.84700,39.80400
4751083,3691,0.22,1,55000.401673,0.021343,4.532370,3.43e-5,16.028,6058,293.08650,39.80180
4753988,,0.16,1,54968.025737,0.025648,7.304426,1.87e-5,14.989,5766,293.84390,39.87540
4757331,,0.33,1,54966.303609,0.017278,2.362089,3.70e-6,15.725,5092,294.68540,39.83180
4758092,,0.90,1,54964.779256,0.016704,0.289166,2.00e-7,15.420,5682,294.86860,39.89100
4758368,,0.57,1,54958.206761,0.065651,3.749935,7.00e-6,10.805,4594,294.93640,39.85250
4760746,1455,0.06,1,54955.460027,0.021591,15.068073,6.62e-5,15.950,5735,295.47830,39.86770
4761060,2249,-1.00,1,55002.021782,,3.361391,6.00e-6,12.301,6512,295.54710,39.86180
4762887,,0.95,1,54964.770988,0.039365,0.736574,7.00e-7,14.366,6556,295.91280,39.84720
4769799,5086,0.12,1,54968.505532,0.061744,21.929314,8.81e-5,10.946,4911,297.31740,39.87800
4773155,,0.02,1,54989.837466,0.361424,25.706000,1.11e-4,13.592,5447,297.98270,39.89410
4815612,5090,0.33,1,54999.315013,0.024885,3.856800,1.29e-4,15.175,6387,284.52120,39.95070
4824268,3533,0.03,1,55048.015172,0.164361,152.151424,1.37e-3,14.610,5945,288.28290,39.99220
4826439,6121,0.54,1,54965.657054,0.040069,2.474295,3.90e-6,13.820,5909,289.02980,39.95190
4832197,1661,0.31,1,54954.965798,0.011438,1.895466,2.60e-6,11.510,6039,290.73810,39.91970
4839180,,0.22,1,54953.952362,0.036372,8.852687,2.42e-5,13.501,6033,292.83760,39.93380
4840263,,0.48,1,54966.371846,0.023087,1.915648,2.70e-6,13.988,5725,293.12160,39.97560
4840327,5093,0.04,1,54979.846591,0.030975,26.737133,1.19e-4,12.688,5802,293.13910,39.92570
4840818,,0.12,1,54966.119445,0.026364,10.049537,2.94e-5,14.355,6113,293.27970,39.91580
4843222,,0.96,1,54964.901521,0.023302,0.387405,3.00e-7,14.390,5976,293.92790,39.93130
4843592,4683,0.67,1,54862.093711,0.016435,0.483536,4.00e-7,15.120,5499,294.02350,39.92410
4847343,,-1.00,1,55005.987387,,11.416917,3.51e-5,12.837,6272,294.95170,39.92940
4847369,,-1.00,1,55001.737547,,12.350014,3.94e-5,13.736,6141,294.95840,39.90460
4847832,,0.08,1,54972.434160,0.039027,30.960237,1.45e-4,12.450,5648,295.07660,39.95830
4847843,3505,0.06,1,55003.408791,0.038499,30.959726,1.45e-4,13.405,5394,295.07960,39.96250
4848423,3560,0.48,1,55000.580941,0.034380,3.003653,1.00e-5,11.825,6239,295.21750,39.91000
4850874,,0.94,1,54953.774436,0.097071,1.775901,2.40e-6,12.228,6931,295.76400,39.90340
4851217,,0.58,1,54953.900507,0.046711,2.470280,3.80e-6,11.108,6694,295.83400,39.95230
4851464,1757,0.34,1,55005.060765,0.046500,5.548257,1.59e-5,15.752,5891,295.88870,39.91130
4852055,,0.96,1,54966.425501,0.149482,2.414857,3.80e-6,14.079,5645,296.01430,39.90830
4853067,,0.88,1,54954.860913,0.072736,1.340922,1.60e-6,13.142,5838,296.22110,39.92300
4857282,,0.75,1,54904.264881,0.013134,0.250753,1.00e-7,14.173,5456,297.08980,39.90390
4859432,,0.77,1,54949.994605,0.020572,0.385480,3.00e-7,15.535,5067,297.55480,39.98340
4860932,1600,0.10,1,54970.890452,0.073283,12.365356,3.94e-5,14.590,5805,297.84400,39.98980
4862625,,0.06,1,54967.819337,0.032114,20.000249,7.95e-5,13.718,6149,298.21510,39.95510
4902030,,0.39,1,54965.266622,0.016349,1.757606,2.50e-6,15.929,4235,283.61160,40.05620
4904304,,0.89,1,54964.743865,0.023696,0.389474,3.00e-7,13.004,5954,284.67200,40.01060
4908495,,0.32,1,54965.368046,0.020822,3.120315,5.50e-6,13.871,4731,286.65770,40.02730
4909422,,0.72,1,54953.788909,0.018311,0.395103,3.00e-7,12.135,5404,287.08090,40.04630
4909707,3175,0.72,1,54953.913193,0.115092,2.302364,3.50e-6,10.691,,287.20690,40.00300
4912589,,0.01,1,54965.141492,0.018804,68.376607,4.41e-4,12.869,,288.32050,40.00050
4912991,5997,0.09,1,54971.049805,0.015974,8.885035,2.46e-5,11.297,6032,288.47210,40.08770
4921906,,0.96,1,54964.617446,0.011635,0.213732,1.00e-7,15.203,4800,291.20360,40.07940
4928119,1664,0.00,1,54989.452504,0.020686,44.639015,3.13e-4,15.510,5940,293.02620,40.07310
4929299,4018,0.51,1,54965.083909,0.011478,0.868719,1.10e-6,14.774,5531,293.35100,40.05970
4931073,,0.08,1,54956.971242,0.052407,26.951236,1.19e-4,11.957,6453,293.82970,40.03120
4932348,819,0.02,1,54991.896792,0.030032,38.036773,1.95e-4,15.472,5386,294.14790,40.05550
4932691,,0.10,1,54967.712673,0.042021,18.112079,6.85e-5,13.627,7109,294.24020,40.00750
4935914,3743,0.23,1,54999.242862,0.017608,3.486333,6.98e-5,17.914,,295.05190,40.01260
4936180,820,-1.00,1,54964.943578,,4.640922,9.70e-6,15.270,6287,295.11370,40.07120
4936334,,0.96,1,54964.924771,0.020600,0.354369,2.00e-7,15.648,3955,295.14860,40.03310
4936680,,0.67,1,54999.866063,0.032830,0.666227,1.17e-5,14.312,7905,295.23890,40.08220
4936990,3290,0.10,1,55187.308477,0.023165,10.314509,3.85e-5,15.295,6099,295.30210,40.06980
4937143,3715,0.16,1,55002.141381,0.033773,9.848876,3.13e-4,16.350,6705,295.33880,40.03730
4937217,,0.82,1,54964.627168,0.026140,0.429342,3.00e-7,15.402,6075,295.35420,40.00300
4940201,,0.15,1,54967.276926,0.025440,8.816628,2.44e-5,14.984,5284,295.98350,40.06170
4940438,1561,0.08,1,54969.651791,0.015542,9.085907,2.65e-5,15.549,5659,296.03340,40.01960
4941060,,0.75,1,54964.691063,0.016973,0.303422,2.00e-7,15.380,5197,296.16530,40.08000
4945035,5108,0.50,1,55002.423514,0.018235,1.174683,1.30e-6,14.009,5739,296.99070,40.07530
4945588,,0.99,1,54954.186276,0.060892,1.129080,1.20e-6,11.150,5999,297.11540,40.02420
4945857,,0.75,1,54964.832845,0.018084,0.335415,2.00e-7,13.964,5232,297.18560,40.04910
4946584,4088,0.62,1,55063.182705,0.013106,0.453972,3.00e-7,13.819,6179,297.36050,40.05610
4946680,,0.10,1,54965.209594,0.020623,8.665260,2.38e-5,13.852,5768,297.38250,40.02420
4947528,,0.75,1,54964.674045,0.026550,0.496988,4.00e-7,13.910,6828,297.57310,40.07240
4947726,,0.22,1,54965.922364,0.027235,4.726086,1.00e-5,15.181,5638,297.61510,40.06080
4948863,,0.10,1,54972.831420,0.020298,8.643590,2.38e-5,15.414,5490,297.85010,40.06870
4949187,,-1.00,1,54997.748947,,11.977392,3.80e-5,13.824,6307,297.92500,40.08840
4949194,,-1.00,1,54997.894523,,41.263202,2.19e-4,8.942,8444,297.92790,40.05490
4949770,,0.82,1,54955.080993,0.097898,1.564091,2.00e-6,12.568,7907,298.04970,40.06290
4950505,,0.83,1,54964.865804,0.019584,0.294809,2.00e-7,14.689,5625,298.20260,40.08890
4950557,,0.04,1,54957.777142,0.031492,24.714791,1.05e-4,12.526,6052,298.21440,40.07320
4954113,,0.90,1,55001.996853,0.037931,0.668027,8.00e-7,11.931,7630,298.91360,40.07280
4990977,6123,0.28,1,54966.378799,0.016002,2.649025,4.50e-6,13.870,5597,284.34500,40.19610
4991959,,0.76,1,54964.757061,0.019154,0.360939,2.00e-7,15.022,5683,284.80710,40.15580
4999260,,0.76,1,54953.743079,0.017178,0.378368,3.00e-7,9.333,5048,288.01980,40.12710
4999357,,0.84,1,54953.890960,0.058407,0.990129,1.00e-6,12.012,6662,288.05300,40.13300
5000179,,0.97,1,55124.704902,0.230112,3.632935,6.80e-6,13.758,9807,288.35830,40.17470
5003117,405,0.05,1,54986.092638,0.052050,37.609098,1.95e-4,14.026,5387,289.36140,40.12880
5005570,,0.86,1,54964.987536,0.025271,0.422844,3.00e-7,13.685,5658,290.11640,40.13210
5005618,3186,0.00,1,55122.066184,0.054937,340.967211,3.81e-3,11.300,5844,290.12710,40.15950
5006817,5112,-1.00,1,55019.021018,,94.811969,1.58e-3,10.866,4935,290.45600,40.14570
5008287,,0.94,1,54964.561803,0.017328,0.291878,2.00e-7,15.313,5881,290.95270,40.14990
5014753,606,0.24,1,54966.999059,0.018623,3.170626,5.60e-6,14.333,5754,292.87040,40.10530
5015913,1667,0.28,1,54954.581594,0.013473,2.359937,3.60e-6,12.989,5487,293.20210,40.17090
5015926,,0.75,1,54953.962477,0.019643,0.362687,2.00e-7,12.952,5848,293.20680,40.13010
5016163,5115,0.40,1,54964.856493,0.042803,5.245660,1.15e-5,15.768,6017,293.27820,40.15710
5017058,,0.48,1,54955.915793,0.027372,2.323895,3.50e-6,13.140,5948,293.53090,40.15050
5017127,,-1.00,1,54991.925594,,20.006404,7.80e-5,12.510,6195,293.54860,40.11170
5018787,,0.51,1,54965.014611,0.009405,0.607192,5.00e-7,15.428,5215,293.99120,40.18960
5020034,3688,0.57,1,54999.491731,0.191840,2.119111,6.80e-6,15.812,6139,294.30390,40.19260
5021174,3679,0.21,1,55001.636952,0.020111,4.045054,2.94e-5,17.705,,294.58800,40.16710
5021732,,0.11,1,54977.135482,0.033432,15.039507,5.21e-5,13.623,6119,294.73120,40.15050
5022440,,0.19,1,54966.608467,0.014790,3.693950,7.00e-6,15.286,5719,294.90260,40.17000
5022573,,0.98,1,54953.972650,0.025156,0.441725,3.00e-7,11.474,5648,294.92990,40.14700
5022908,,0.80,1,54999.972021,0.038045,0.637248,1.09e-5,14.309,6696,295.01240,40.17780
5023948,3570,0.35,1,55002.377045,0.026476,3.649293,1.25e-5,15.048,6174,295.24100,40.15760
5024292,3579,0.37,1,55466.368741,0.034588,4.301032,9.40e-5,14.573,6147,295.30020,40.18340
5024447,,0.01,1,55267.575803,0.330264,771.830000,1.47e-2,14.980,6114,295.32020,40.12430
5024450,1544,0.33,1,55188.478488,0.020404,3.051851,6.70e-6,15.063,5945,295.32080,40.18740
5025261,,0.94,1,55001.691757,0.113914,2.171411,3.20e-6,12.343,6240,295.44480,40.16730
5025294,,0.18,1,54967.264574,0.021094,5.462690,1.22e-5,13.266,5697,295.45110,40.17570
5033682,,0.94,1,54953.731670,0.020069,0.379916,3.00e-7,13.258,5611,297.23870,40.17100
5034333,6124,-1.00,1,54954.027612,0.054464,6.932280,1.70e-5,11.520,8444,297.40040,40.14950
5035972,406,0.02,1,54974.920271,0.035768,49.266827,2.84e-4,14.385,5716,297.77220,40.15510
5036538,,0.36,1,54965.520704,0.016863,2.122016,3.10e-6,13.349,4199,297.87800,40.10800
5036966,5998,0.04,1,5487.317881,0.064571,62.735000,5.05e-3,14.270,5963,297.95360,40.15330
5039392,,-1.00,1,54968.812943,,236.727941,2.28e-3,11.648,4152,298.40090,40.17220
5039441,6125,0.39,1,54955.351360,0.021679,2.151383,3.20e-6,12.916,5943,298.40990,40.15680
5041569,2795,0.55,1,54965.220789,0.046877,2.535436,5.10e-6,15.273,6026,298.85360,40.13110
5041843,,0.65,1,54999.871556,0.080429,0.457234,7.00e-7,17.028,7625,298.91120,40.10970
5041975,,0.61,1,54964.909726,0.093865,2.959929,5.10e-6,13.981,5149,298.94530,40.16440
5077629,822,0.12,1,54965.583952,0.024847,7.919370,2.16e-5,15.805,5458,283.53840,40.21800
5077994,,0.67,1,54954.086678,0.024512,0.696287,6.00e-7,12.668,5620,283.71150,40.23590
5078879,,0.42,1,55003.081021,0.008576,1.039371,1.10e-6,13.028,6160,284.11510,40.24360
5080652,,0.31,1,54968.166959,0.029051,4.144357,8.50e-6,15.080,5344,285.02040,40.29850
5088735,,0.57,1,55003.059771,0.028917,0.507501,8.20e-6,15.669,6016,288.52140,40.26480
5090690,636,0.04,1,54961.588331,0.024263,24.023325,1.01e-4,13.252,,289.19140,40.26320
5090937,3182,-1.00,1,55001.089963,,8.800693,2.40e-5,11.040,7865,289.26570,40.25550
5091614,,0.06,1,54971.390914,0.032565,21.142458,8.45e-5,14.083,5820,289.48300,40.29280
5095269,,0.05,1,54966.865286,0.026717,18.611962,6.98e-5,13.528,6227,290.55190,40.23500
5097446,,0.60,1,54964.986090,0.037886,1.288064,1.50e-6,13.890,6938,291.24580,40.21990
5098444,637,0.14,1,54984.022681,0.081557,26.948986,1.19e-4,13.771,4615,291.56330,40.26780
5103998,3660,0.00,1,55005.472862,0.015390,174.770166,1.58e-3,15.549,5474,293.15770,40.26270
5104097,,0.87,1,55000.035311,0.016989,0.275395,2.00e-7,15.447,6224,293.18190,40.22210
5107226,,0.00,1,55187.617080,0.051563,310.916427,3.81e-3,15.894,5761,294.02670,40.20270
5110423,1777,0.27,1,55007.012744,0.026790,5.370434,1.24e-5,15.828,5369,294.83680,40.26560
5112567,4043,0.92,1,54966.127827,0.090908,1.615892,2.10e-6,13.391,,295.31840,40.20900
5113053,3571,0.41,1,55001.328360,0.028403,3.185100,6.18e-5,15.519,6288,295.39140,40.21680
5115178,,0.12,1,54965.838513,0.036214,12.851724,4.19e-5,15.205,5594,295.84490,40.28090
5122112,1475,0.15,1,54967.437373,0.011622,3.055170,5.30e-6,14.741,6018,297.39830,40.22920
5123176,,0.82,1,54953.903419,0.041312,0.707844,6.00e-7,11.461,6750,297.64010,40.23610
5127005,,0.69,1,54955.159118,0.065842,1.621124,2.10e-6,13.510,5870,298.47680,40.22060
5128972,,0.75,1,54965.046701,0.052621,0.505324,4.00e-7,13.236,5776,298.89610,40.28820
5129777,,-1.00,1,55001.264573,,26.158530,1.16e-4,12.881,8124,299.04780,40.21890
5130380,3707,0.16,1,55009.918408,0.080312,19.983000,2.28e-4,16.299,5655,299.15500,40.28810
5130740,3583,0.00,1,55118.133758,0.043445,210.302519,2.28e-3,12.504,7357,299.21950,40.21230
5166136,,0.82,1,54964.809081,0.013922,0.233948,1.00e-7,15.349,4986,284.11780,40.34910
5174346,,0.84,1,55002.130574,0.021986,0.350592,3.00e-7,14.286,5726,287.83320,40.31920
5174677,5131,0.01,1,54983.424281,0.025485,43.542844,7.35e-3,15.223,6445,287.96370,40.31030
5175668,,-1.00,1,55007.260809,,21.882115,8.81e-5,13.342,6234,288.31710,40.32800
5179609,5132,0.08,1,54967.217779,0.088101,43.930966,2.38e-4,12.776,4777,289.61140,40.33580
5181455,,0.14,1,54966.552696,0.021520,5.579631,1.26e-5,15.473,5875,290.14090,40.31910
5181804,3638,0.16,1,55000.068988,0.016685,4.350500,2.62e-5,15.929,6363,290.22830,40.35540
5193386,,0.32,1,54980.203835,0.166592,21.378294,8.62e-5,13.998,4797,293.66010,40.36420
5195137,,0.92,1,54964.554051,0.017518,0.324117,2.00e-7,14.027,5381,294.10490,40.30160
5196301,,0.94,1,54955.143163,0.106548,1.910410,2.70e-6,13.002,4546,294.40280,40.33740
5197256,,0.80,1,55003.087355,0.519446,6.963388,1.72e-5,11.024,7609,294.64090,40.32380
5198934,,0.94,1,54965.090274,0.044968,0.834739,8.00e-7,14.246,6905,295.06610,40.32820
5199426,5138,0.00,1,54976.994291,0.029702,78.604362,5.44e-4,14.080,5669,295.18090,40.33990
5199489,,0.84,1,55002.248139,0.028848,0.464816,4.00e-7,15.888,5972,295.19600,40.35050
5201619,,0.74,1,54964.774736,0.028006,0.507276,4.00e-7,13.046,6498,295.67120,40.36760
5211385,,0.90,1,54955.444170,0.093021,1.660687,2.20e-6,12.684,8010,297.69240,40.37660
5211470,,0.28,1,55004.227339,0.028522,4.808595,1.01e-5,13.094,4525,297.70850,40.30760
5213466,,-1.00,1,55165.534389,,2.819311,1.15e-5,13.075,8312,298.12990,40.39990
5215700,3740,0.58,1,55186.237774,0.025497,1.312402,2.00e-6,15.168,5766,298.53040,40.39850
5215999,,0.68,1,54965.482686,0.108949,2.531158,4.00e-6,14.109,5081,298.58250,40.36470
5216727,,0.48,1,54964.929149,0.017920,1.513023,1.90e-6,13.448,5932,298.71250,40.34120
5217586,1592,0.08,1,55080.403814,0.050750,26.068810,1.16e-4,14.106,5387,298.90240,40.31950
5217733,3155,0.03,1,55022.132816,0.180319,161.252379,1.92e-3,7.391,9116,298.93650,40.39180
5217781,,0.00,1,55022.074166,0.275963,564.407385,7.35e-3,14.022,5500,298.94730,40.37550
5218014,,0.11,1,54971.333966,0.028159,10.845293,3.29e-5,12.923,4752,298.99790,40.31480
5218385,,0.78,1,54964.580677,0.016167,0.281537,2.00e-7,14.616,5260,299.06740,40.38430
5218441,407,0.46,1,54968.284761,0.043487,3.613755,6.80e-6,14.915,5720,299.07510,40.35830
5255552,,0.17,1,54970.636491,0.116220,32.448635,1.64e-4,15.208,4775,284.69310,40.49860
5259926,,0.91,1,54964.912755,0.025627,0.437810,3.00e-7,14.210,5869,286.65880,40.42600
5263802,5145,0.19,1,54958.146746,0.025699,6.700506,1.63e-5,11.494,6642,288.27090,40.40040
5264304,3563,0.01,1,55322.394650,0.050475,120.580000,1.18e-3,15.777,5094,288.45080,40.43250
5264818,,0.93,1,54955.233438,0.424610,1.905050,2.60e-6,8.863,9212,288.62660,40.45460
5266937,,0.56,1,54971.815659,0.128001,5.917086,1.38e-5,14.352,5483,289.34970,40.49720
5269407,,0.53,1,54965.645124,0.016857,0.958871,1.00e-6,14.164,5307,290.09080,40.46180
5282049,1545,0.21,1,55187.374744,0.031974,5.910377,1.74e-5,15.169,5970,293.83690,40.41050
5282464,,0.73,1,54964.707882,0.028069,0.496399,4.00e-7,12.796,7472,293.94570,40.44960
5283266,,0.80,1,54964.676720,0.020068,0.314649,2.00e-7,14.196,4921,294.15190,40.40150
5283839,,0.93,1,54964.855369,0.019183,0.315231,2.00e-7,15.156,5906,294.30300,40.46690
5284133,,0.15,1,54958.889871,0.032363,8.784576,2.40e-5,12.444,7922,294.38220,40.45220
5284262,,-1.00,1,55004.961964,,17.963312,6.73e-5,13.110,6349,294.41630,40.48020
5285607,,0.36,1,54959.576010,0.027380,3.899401,7.40e-6,11.419,6235,294.77220,40.45960
5286221,,-1.00,1,55004.348011,,15.295983,5.29e-5,11.914,8001,294.94040,40.49660
5286786,,0.11,1,54966.802029,0.025383,9.948746,2.91e-5,15.456,4946,295.08020,40.47710
5287983,828,0.22,1,55003.994398,0.014012,2.507105,4.10e-6,15.555,5680,295.37810,40.49340
5288543,,0.41,1,54964.805421,0.032237,3.457076,6.30e-6,13.585,,295.49410,40.40620
5290305,,0.80,1,55000.301664,0.034743,0.620509,1.05e-5,14.294,6542,295.88640,40.45600
5294739,,0.59,1,54968.053209,0.101796,3.735995,7.10e-6,13.930,5068,296.83720,40.47310
5296276,,0.94,1,54999.250265,0.105639,1.892003,2.60e-6,13.785,5711,297.14150,40.49820
5296877,,0.95,1,54953.816369,0.022069,0.377265,3.00e-7,12.287,6661,297.26980,40.41020
5297298,130,0.04,1,54954.102160,0.042499,34.193606,1.64e-4,13.325,5958,297.36030,40.42980
5300878,,0.50,1,54965.493633,0.016175,1.279443,1.50e-6,14.767,4631,298.08190,40.47810
5302006,1755,0.97,1,54980.509040,0.007778,0.151171,1.00e-7,15.050,6536,298.29900,40.47030
5306720,1991,0.03,1,54976.473523,0.021974,27.364524,1.54e-4,15.244,5941,299.18490,40.48440
5306862,,0.56,1,54954.692842,0.039337,2.025638,2.90e-6,12.777,6088,299.21390,40.45840
5307780,,0.88,1,54964.975035,0.018815,0.308851,2.00e-7,14.906,6075,299.39810,40.42290
5308778,,0.39,1,54949.762109,0.242627,40.565500,2.38e-4,11.777,4812,299.57740,40.45850
5309353,643,0.45,1,55004.107012,0.021826,1.376380,1.70e-6,13.992,,299.68130,40.42840
5310387,,0.96,1,54953.664664,0.026196,0.441669,3.00e-7,12.682,6520,299.87890,40.48240
5310435,,0.53,1,54956.290941,0.080200,4.931364,1.04e-5,13.254,6215,299.88720,40.48730
5343976,,0.22,1,54954.732569,0.024295,4.331392,9.00e-6,12.612,,285.08570,40.52760
5347537,,0.00,1,55061.840251,0.041269,345.184222,3.81e-3,14.023,5488,286.71180,40.52850
5347784,,0.19,1,54962.286092,0.041856,9.584059,2.72e-5,13.094,5392,286.82250,40.51320
5353374,,0.79,1,54964.660948,0.022309,0.393321,3.00e-7,14.068,6402,288.97390,40.51010
5353653,,0.91,1,55000.059694,0.020716,0.368557,4.50e-6,15.131,6510,289.06550,40.54850
5356593,644,0.04,1,54981.664135,0.059136,45.977868,2.59e-4,13.725,5395,289.96680,40.53270
5357682,,0.83,1,55000.234001,0.044010,0.717706,1.18e-5,14.625,6435,290.30480,40.57000
5357882,,0.98,1,55000.089402,0.021997,0.387402,4.80e-6,14.694,6429,290.35380,40.55100
5358200,,0.79,1,54999.757109,0.029880,0.535948,7.70e-6,15.005,7034,290.45130,40.51060
5359678,,0.27,1,54966.123235,0.031244,6.230610,1.48e-5,14.154,6159,290.95130,40.54800
5369419,,0.87,1,54954.046978,0.025434,0.437680,3.00e-7,12.973,6669,293.82780,40.55090
5369827,2690,0.20,1,54967.778417,0.009844,3.606928,6.70e-6,13.461,5367,293.93350,40.59070
5370302,831,0.30,1,54967.350725,0.028580,3.904327,7.60e-6,15.016,5606,294.05680,40.54970
5371109,,0.89,1,54965.789741,0.068416,1.191862,1.40e-6,13.972,7396,294.26280,40.59860
5372966,832,0.12,1,54967.675326,0.026437,9.286357,2.62e-5,15.365,5464,294.74400,40.53390
5374883,,0.86,1,54964.756220,0.025573,0.419717,3.00e-7,15.463,5818,295.22480,40.52650
5374999,,0.67,1,54965.263115,0.022302,0.457880,3.00e-7,15.293,5806,295.24860,40.55530
5376552,,0.82,1,54954.083822,0.029959,0.503819,4.00e-7,12.860,6631,295.60980,40.59830
5376836,182,0.30,1,54966.317189,0.026134,3.479425,6.40e-6,14.041,5672,295.67130,40.59910
5377349,,0.62,1,54965.748569,0.028360,1.116766,1.20e-6,14.946,5629,295.78120,40.53840
5384713,3444,0.00,1,54978.059032,0.011837,60.326804,3.68e-4,13.693,3690,297.42920,40.56190
5384802,646,0.17,1,54966.988768,0.021647,6.083093,1.44e-5,13.705,6203,297.44900,40.51090
5385723,,0.52,1,54998.013883,0.217608,12.444926,1.92e-3,5.771,,297.65550,40.59980
5386810,,0.96,1,54954.086668,0.056183,0.888891,9.00e-7,12.680,7395,297.92180,40.51940
5389616,,0.98,1,54964.772606,0.022651,0.406884,3.00e-7,14.669,5828,298.48100,40.50700
5390351,,0.75,1,54999.935725,0.094580,0.547454,9.00e-7,16.076,,298.61800,40.59290
5392897,3342,0.11,1,55187.467832,0.117783,42.399299,2.84e-4,15.747,5901,299.06940,40.51570
5393558,,0.12,1,54970.245634,0.026597,10.217103,3.03e-5,13.752,5676,299.18680,40.50170
5394544,,0.57,1,54953.663406,0.009183,0.431974,3.00e-7,12.804,5884,299.37280,40.58390
5396122,1935,0.06,1,54971.166582,0.014548,15.444304,6.85e-5,15.838,5658,299.65170,40.54570
5398002,3213,-1.00,1,55009.793719,,14.153175,4.79e-5,11.980,8527,300.01500,40.52700
5425950,,0.76,1,54964.615475,0.021234,0.378168,3.00e-7,15.003,5483,283.05700,40.68820
5428668,2794,0.79,1,54976.431891,0.201031,1.406701,1.90e-6,15.728,5719,284.44470,40.69350
5435816,3696,0.00,1,55084.877454,0.036075,181.851909,1.92e-3,15.684,5792,287.62380,40.60550
5439790,,0.81,1,54954.502903,0.045099,0.796086,7.00e-7,13.248,6566,289.12060,40.65050
5440746,,0.86,1,54964.944610,0.028237,0.482654,4.00e-7,14.172,6138,289.42130,40.63270
5444392,,0.58,1,54954.915115,0.031633,1.519528,1.90e-6,11.378,5674,290.51740,40.69680
5450322,,0.94,1,54965.004225,0.023964,0.424019,3.00e-7,14.786,5741,292.41190,40.63610
5450814,1780,0.11,1,54970.623912,0.015877,6.487533,1.58e-5,15.693,4398,292.55690,40.63820
5456023,3521,0.00,1,55012.587332,0.041639,131.978307,1.05e-3,14.313,4655,294.03620,40.65920
5458880,,0.82,1,54976.059892,0.203590,3.511689,6.50e-6,7.824,9671,294.78150,40.62680
5459373,,0.97,1,54964.670887,0.016763,0.286609,2.00e-7,15.091,4982,294.91310,40.68480
5460835,,0.06,1,54977.153537,0.032896,21.539274,8.81e-5,14.293,5864,295.29690,40.66160
5461570,,0.96,1,55000.155857,0.024451,0.507661,7.90e-6,14.828,7127,295.46300,40.64680
5462901,,0.15,1,55006.081319,0.016764,5.270726,1.21e-5,15.953,4139,295.75560,40.61870
5468295,,0.92,1,54964.782285,0.021817,0.352012,2.00e-7,14.310,5758,296.93100,40.66530
5471619,,0.60,1,54965.198253,0.030364,0.962835,1.00e-6,12.370,7844,297.70360,40.64250
5473556,,0.21,1,54956.478952,0.054508,11.258824,3.43e-5,13.545,5932,298.15010,40.65620
5474733,1610,0.54,1,55066.460374,0.015552,0.883775,9.00e-7,14.063,5700,298.39490,40.62890
5475624,,0.66,1,55279.978167,0.052437,1.069843,1.50e-6,15.549,6561,298.55500,40.60660
5475712,,0.53,1,54967.174359,0.050563,2.991885,5.10e-6,13.280,6370,298.57380,40.67660
5477805,1607,0.18,1,55067.660282,0.019559,5.006710,1.08e-5,13.518,5921,298.96250,40.63070
5478466,,0.97,1,54964.857262,0.028013,0.482501,4.00e-7,14.226,5809,299.09450,40.69420
5479973,,0.58,1,54964.869626,0.043667,1.795273,2.50e-6,14.889,6169,299.38050,40.69480
5481426,3772,0.22,1,55002.190200,0.020663,4.768103,3.00e-5,19.319,,299.64490,40.69060
5511076,,-1.00,1,54999.687125,,6.513199,1.62e-5,11.863,5931,282.97220,40.72700
5513861,,0.57,1,54954.995935,0.029084,1.510212,2.00e-6,11.638,6170,284.35220,40.71470
5524325,,0.83,1,54999.679313,0.037286,0.624979,9.60e-6,14.962,7181,288.90380,40.77100
5527172,1678,0.34,1,54975.414638,0.026123,3.183967,6.70e-6,12.678,5640,289.81810,40.72390
5529643,1679,0.62,1,54964.790332,0.031945,0.759766,7.00e-7,15.932,5902,290.51110,40.70860
5530881,,0.27,1,54965.960770,0.031832,5.082522,1.10e-5,13.508,6138,290.92270,40.77740
5534702,,0.59,1,54965.634507,0.022518,1.025466,1.10e-6,13.821,6838,292.18340,40.70720
5534814,838,0.07,1,54996.290569,0.015193,9.718775,2.80e-5,15.311,5794,292.21440,40.75980
5534965,3557,0.00,1,54992.495126,0.068554,243.821244,2.28e-3,13.297,6194,292.26040,40.70370
5535061,,0.77,1,54954.051273,0.025524,0.463430,3.00e-7,12.388,6580,292.28670,40.74860
5535280,,0.01,1,54979.138172,0.038689,74.985301,5.07e-4,14.851,5730,292.34790,40.73310
5543482,,0.80,1,55000.186215,0.017215,0.294828,2.00e-7,15.734,5156,294.64240,40.72980
5546761,2160,0.15,1,54964.588566,0.101910,17.670652,6.62e-5,14.874,5564,295.48120,40.73200
5553624,,0.13,1,54972.733739,0.086419,25.762071,1.13e-4,14.231,5358,296.98710,40.77540
5553652,1575,0.06,1,54974.041196,0.041276,24.328232,1.05e-4,15.952,5143,296.99190,40.75890
5557368,,0.93,1,54953.768264,0.017859,0.297931,2.00e-7,12.650,5143,297.73500,40.76780
5560831,3819,0.60,1,54999.871366,0.026329,0.867721,1.90e-6,16.090,,298.49460,40.73160
5563300,3309,0.00,1,54967.733292,0.016693,71.054766,4.71e-4,14.710,5090,298.96830,40.79740
5563814,,0.91,1,54964.683004,0.019449,0.308234,2.00e-7,15.192,5032,299.06700,40.72100
5565486,3742,0.50,1,55001.432884,0.034903,2.825047,6.00e-6,14.964,6471,299.37810,40.75740
5567438,,0.96,1,54964.989528,0.033414,0.584540,5.00e-7,13.809,6289,299.74900,40.77250
5596440,648,-1.00,1,54973.696864,,10.474857,3.19e-5,13.220,6256,282.72070,40.89920
5597970,6014,0.14,1,54956.774400,0.024492,6.717384,1.69e-5,12.778,,283.43980,40.83620
5598639,,0.58,1,54955.013385,0.025718,1.297551,1.60e-6,10.201,,283.77740,40.84200
5606644,,0.63,1,54999.672477,0.018368,0.861931,1.54e-5,14.833,7541,287.42980,40.82250
5608566,609,0.12,1,54965.450439,0.013001,4.396997,9.00e-6,14.491,5696,288.16070,40.87890
5610698,,0.54,1,54965.891330,0.059863,4.132528,8.20e-6,13.894,6247,288.92070,40.88130
5611561,,0.75,1,55000.009420,0.014541,0.258695,2.00e-7,13.971,,289.20220,40.86760
5611763,,0.98,1,55000.103112,0.020214,0.361605,4.40e-6,14.931,6201,289.26860,40.82730
5615528,,0.70,1,54964.771134,0.016274,0.339175,2.00e-7,14.562,5850,290.40880,40.82870
5615815,,0.80,1,55000.135248,0.040915,0.674250,1.08e-5,14.814,7128,290.49420,40.89600
5617953,,0.76,1,55002.067477,0.016044,0.298696,2.00e-7,15.885,5289,291.18300,40.83170
5620981,,0.79,1,54964.759352,0.020202,0.333516,2.00e-7,14.873,5406,292.12720,40.88340
5621294,,0.60,1,54954.510518,0.029466,0.938905,9.00e-7,13.613,8425,292.21930,40.89330
5622250,,0.09,1,54976.192955,0.037638,16.294214,5.89e-5,14.203,6215,292.51320,40.82760
5623774,,0.53,1,54964.773587,0.037425,1.133630,1.30e-6,13.784,4975,292.96210,40.87550
5623923,,0.61,1,54999.527782,0.037173,1.208750,1.26e-5,16.517,8300,293.00640,40.85460
5629353,6132,0.06,1,55016.172971,0.057205,33.325000,2.79e-3,14.624,6016,294.55790,40.85050
5630212,,0.36,1,54990.559256,0.250755,47.584765,2.71e-4,10.214,,294.79170,40.87090
5632781,,0.23,1,54975.739951,0.075262,11.025202,3.32e-5,12.113,5786,295.43830,40.84360
5636642,3817,0.47,1,54999.628184,0.010246,0.933500,2.90e-6,16.428,5528,296.33080,40.89630
5640750,,0.05,1,55269.635714,1.333982,987.300000,1.47e-2,11.565,4557,297.20180,40.89240
5642620,2882,0.42,1,54965.065125,0.056461,0.986791,1.30e-6,15.398,4442,297.59090,40.81500
5643492,6015,0.03,1,54994.174422,0.043621,41.865472,2.28e-4,14.528,5832,297.76050,40.83000
5647008,,0.56,1,54965.008851,0.012075,0.799862,8.00e-7,14.335,5444,298.52680,40.85840
5648449,979,0.24,1,54960.906937,0.020725,4.348864,8.70e-6,10.680,,298.80410,40.84360
5649206,3636,0.29,1,54998.774821,0.029543,4.893474,3.12e-5,17.991,,298.95850,40.86360
5649325,2676,0.02,1,55001.044383,0.179821,391.100000,5.05e-3,13.560,5716,298.98040,40.87200
5649956,1540,0.43,1,55003.957982,0.022555,2.415740,3.90e-6,15.559,5390,299.10330,40.84930
5652260,3703,0.15,1,55001.010589,0.156138,8.929260,7.37e-5,17.296,5516,299.54690,40.86130
5652983,371,0.00,1,55077.109538,0.041974,498.374739,7.35e-3,12.193,4997,299.67620,40.85650
5653126,,0.09,1,54985.816152,0.067928,38.496882,1.95e-4,13.173,5766,299.70200,40.89630
5685072,,0.73,1,54964.626512,0.012870,0.255905,2.00e-7,13.187,4626,283.90910,40.98260
5696909,,0.50,1,54964.687693,0.008879,0.643003,6.00e-7,14.984,5451,289.07110,40.97880
5699617,,0.77,1,54964.792095,0.016878,0.288917,2.00e-7,14.971,4817,289.95020,40.98660
5700330,,0.09,1,54971.579009,0.129982,53.220414,3.13e-4,13.613,5605,290.15340,40.90160
5702939,3000,0.09,1,54996.298368,0.036583,18.398201,6.98e-5,14.168,5634,290.97220,40.99470
5703230,,0.93,1,54954.358193,0.041734,0.731474,7.00e-7,11.795,7748,291.07140,40.91700
5707897,,-1.00,1,54998.254127,,8.416091,2.26e-5,12.889,6066,292.56030,40.99690
5716244,,0.58,1,54965.785021,0.034816,1.330333,1.60e-6,15.423,5683,294.96030,40.98700
5716763,272,0.46,1,54953.978797,0.008977,0.640661,5.00e-7,12.107,5672,295.10110,40.98670
5728139,206,0.27,1,54964.980826,0.054092,10.668165,3.22e-5,14.463,5771,297.59370,40.97730
5728283,1011,0.36,1,55003.981305,0.056918,6.198279,1.53e-5,15.670,5750,297.62030,40.94310
5730394,3603,0.39,1,55000.566806,0.043850,5.519178,2.67e-5,16.117,5122,298.06190,40.95730
5731312,,0.08,1,54968.093163,0.016403,7.946382,2.11e-5,13.811,4658,298.25180,40.90350
5733154,,-1.00,1,54980.084398,,62.519903,3.90e-4,12.671,6839,298.61180,40.94910
5733384,,0.98,1,55003.511990,0.087002,1.546709,2.00e-6,10.395,6360,298.65290,40.90160
5735878,,0.14,1,54966.174410,0.059794,16.832082,6.08e-5,13.125,6045,299.16170,40.92700
5736461,,0.24,1,55006.619726,0.040744,7.346164,1.95e-5,15.630,5412,299.27170,40.97240
5736537,,-1.00,1,54965.954593,,1.761529,6.00e-6,13.654,7395,299.28780,40.91290
5737474,,0.76,1,55000.019889,0.025850,0.397942,3.00e-7,15.829,5613,299.47430,40.99450
5738506,3676,0.14,1,55002.990756,0.029954,9.501479,7.95e-5,18.347,,299.68120,40.96790
5738698,6134,0.41,1,54956.591698,0.043652,4.808774,1.01e-5,11.941,6210,299.71980,40.90400
5768927,6135,0.16,1,54956.769334,0.019232,4.390512,9.10e-6,13.209,5799,283.26170,41.08450
5770431,,0.89,1,54953.923385,0.024001,0.392437,3.00e-7,13.399,6338,283.97050,41.08120
5770860,,0.88,1,54965.270153,0.045096,0.737562,7.00e-7,13.857,6391,284.19010,41.02500
5771589,,0.12,1,54962.116764,0.038736,10.739142,3.32e-5,11.809,5927,284.58550,41.00960
5771719,190,0.11,1,54972.304212,0.033857,12.264877,4.04e-5,14.137,5425,284.64890,41.01500
5771961,,-1.00,1,55009.861435,,26.066437,1.16e-4,10.561,6977,284.75990,41.04340
5773205,,0.62,1,55000.123267,0.012056,0.266871,1.70e-6,19.742,,285.37190,41.07110
5774375,,0.60,1,54965.677949,0.044993,1.549977,2.00e-6,13.939,5173,285.92590,41.09080
5779852,449,0.00,1,55325.292783,0.027070,504.155920,7.35e-3,14.183,6081,288.19810,41.09420
5781192,,0.14,1,54961.882581,0.032163,9.459993,2.67e-5,12.989,5372,288.69740,41.05920
5783368,,0.81,1,54999.466516,0.174003,1.863873,4.66e-5,14.806,7910,289.43220,41.01680
5783676,,0.97,1,54964.498776,0.021396,0.401445,3.00e-7,13.476,5911,289.53340,41.07590
5785551,,0.74,1,55002.019292,0.013822,0.266688,2.00e-7,15.094,5034,290.08810,41.07370
5785586,,0.59,1,54964.816145,0.012653,0.459621,3.00e-7,15.756,5125,290.09960,41.08140
5786154,,0.18,1,55162.610767,0.954804,197.920781,1.92e-3,13.534,4743,290.25590,41.01800
5786545,,0.75,1,55001.987489,0.015041,0.280575,2.00e-7,15.432,4954,290.36050,41.05250
5790807,259,-1.00,1,54960.128986,,79.996246,5.44e-4,9.954,6349,291.77180,41.09810
5790912,,0.78,1,54964.715689,0.021475,0.383317,3.00e-7,14.494,5733,291.80890,41.01420
5791886,,0.77,1,54999.992375,0.018684,0.325170,3.00e-7,15.348,5647,292.13330,41.04890
5792093,,0.71,1,54964.643362,0.033099,0.600588,5.00e-7,13.906,6312,292.20020,41.01370
5795648,6016,0.16,1,54954.773067,0.021005,4.553369,9.30e-6,11.471,6052,293.29440,41.03540
5796185,3369,0.01,1,55207.366051,0.021253,42.559235,2.84e-4,15.831,5530,293.45610,41.04590
5796675,652,0.05,1,54967.517223,0.024754,16.080676,5.80e-5,13.653,4628,293.59190,41.09520
5801571,225,0.35,1,54965.312820,0.011656,1.677194,2.20e-6,14.784,6037,294.91330,41.07470
5802285,,0.26,1,54964.984400,0.012577,2.417050,3.80e-6,15.349,4791,295.10840,41.07410
5802470,,0.26,1,54967.133705,0.021845,3.791873,7.20e-6,13.764,5418,295.15630,41.05260
5802486,1039,0.36,1,55003.405755,0.016377,2.147840,3.30e-6,15.686,5646,295.16050,41.07930
5802834,,0.88,1,54954.476652,0.061046,1.092443,1.20e-6,12.211,6077,295.27040,41.02410
5807579,,0.07,1,54966.693941,0.031135,17.844325,6.73e-5,13.745,,296.34930,41.07300
5809827,,0.67,1,54965.492031,0.039255,1.222110,1.40e-6,13.538,6076,296.84630,41.01370
5809868,,0.80,1,54964.797027,0.025501,0.439390,3.00e-7,12.955,6878,296.85430,41.06750
5816806,3645,0.33,1,55003.096188,0.031142,4.455436,1.97e-5,17.046,,298.33800,41.07530
5817566,6138,0.47,1,54961.017551,0.071903,8.412198,2.26e-5,11.684,7994,298.47600,41.07990
5818706,,-1.00,1,55003.064617,,14.959941,5.14e-5,11.493,6123,298.69590,41.04170
5820209,,0.81,1,54964.813901,0.094428,0.656087,6.00e-7,13.495,4750,298.99050,41.06450
5821050,,0.97,1,54953.930478,0.109535,1.933369,2.70e-6,12.142,6764,299.15030,41.06870
5823121,,0.79,1,54965.628732,0.150153,2.298001,3.50e-6,13.890,5283,299.54240,41.04880
5858519,5206,0.39,1,55000.473253,0.041163,4.182500,1.45e-4,14.740,5933,285.10340,41.11250
5866099,1055,0.06,1,54966.632210,0.034606,36.976706,1.88e-4,13.698,5366,288.44290,41.17220
5866104,3651,0.03,1,55003.635370,0.034509,36.976000,5.44e-4,17.066,,288.44480,41.17260
5866138,,0.05,1,54926.772963,0.489670,342.300000,3.81e-3,11.070,5078,288.45890,41.10820
5871918,,0.11,1,54972.759830,0.032969,12.643297,4.09e-5,15.701,4021,290.34890,41.13780
5872150,414,0.08,1,54967.645862,0.040480,20.355103,8.11e-5,14.557,5816,290.42540,41.13920
5872506,,0.78,1,55000.424875,0.631264,2.126088,5.62e-5,14.730,7571,290.53450,41.16750
5872696,,0.99,1,54953.798710,0.009822,0.172613,1.00e-7,11.854,,290.59620,41.18560
5876360,4279,0.53,1,54999.817075,0.012107,1.050844,3.40e-6,17.172,,291.82000,41.11250
5876805,3331,0.15,1,55188.230522,0.071832,18.173036,8.62e-5,15.927,5559,291.96500,41.12220
5877364,,-1.00,1,54996.428536,,89.648538,6.38e-4,8.880,,292.15990,41.19820
5878081,,0.72,1,54999.857562,0.030588,0.591134,8.90e-6,14.372,7695,292.38930,41.11500
5878836,,0.80,1,55002.150031,0.021281,0.354879,3.00e-7,15.163,5491,292.63850,41.10870
5880320,1060,0.20,1,54973.212603,0.104426,12.109639,3.85e-5,14.348,6400,293.08460,41.13540
5881838,,0.73,1,55005.795225,0.015910,0.300331,2.00e-7,14.737,5093,293.53320,41.14360
5887316,,0.55,1,54964.667064,0.007511,0.603081,5.00e-7,13.989,6216,295.04560,41.10420
5891963,,0.95,1,54949.819126,0.015376,0.281960,2.00e-7,13.602,5526,296.17340,41.14010
5897826,126,0.13,1,54967.628858,0.116761,33.804203,1.64e-4,13.109,5661,297.47590,41.11430
5903301,3692,0.42,1,55003.423122,0.014291,2.320330,4.10e-6,15.149,5948,298.65830,41.13890
5942093,1995,0.03,1,55008.011703,0.012887,14.387308,6.50e-5,15.264,5587,284.87450,41.20370
5944240,,-1.00,1,54999.591219,,2.553222,7.23e-5,14.671,7474,285.91390,41.29160
5951553,,0.95,1,54965.011318,0.023008,0.431971,3.00e-7,15.343,5863,289.02100,41.28350
5952403,6139,0.53,1,54965.197892,0.014736,0.905678,9.00e-7,6.966,,289.28740,41.26480
5955321,,0.16,1,54975.752564,0.024722,11.637882,3.63e-5,15.385,6169,290.18270,41.21660
5955731,,0.99,1,54954.553889,0.053372,1.003830,1.00e-6,12.993,,290.30920,41.22490
5956588,,0.83,1,55001.906729,0.018724,0.272907,2.00e-7,15.833,5202,290.58420,41.23520
5956776,3821,0.61,1,55000.303505,0.019527,0.569115,1.00e-6,16.747,6946,290.64830,41.23410
5957123,,0.91,1,55000.986440,0.180596,2.822975,4.25e-5,15.132,8926,290.77150,41.24400
5960283,,0.94,1,55110.101764,0.014553,0.249668,1.00e-7,15.761,5308,291.81510,41.24320
5960989,,-1.00,1,54983.686510,,50.721534,2.98e-4,12.510,6074,292.05200,41.26610
5961327,,0.76,1,54964.708008,0.015779,0.299202,2.00e-7,15.417,4842,292.16720,41.29410
5961350,6017,0.14,1,54958.099691,0.018949,5.262668,1.15e-5,13.537,6869,292.17450,41.29070
5962514,,0.56,1,54999.878941,0.030566,1.580099,3.67e-5,14.838,6566,292.53990,41.21160
5962716,,0.47,1,54965.389949,0.023752,1.804608,2.50e-6,13.877,6035,292.60830,41.22520
5965819,3319,0.28,1,55143.757424,0.046852,8.240055,2.21e-5,15.024,5718,293.51990,41.27740
5966237,,0.91,1,55000.083643,0.022671,0.397583,5.00e-6,14.935,6589,293.64900,41.29750
5975712,,0.87,1,54953.907190,0.054603,1.136093,1.20e-6,11.507,,296.06970,41.27100
5977736,,0.80,1,55003.038327,0.096316,1.579130,2.00e-6,13.172,7661,296.52020,41.23280
5978521,,0.94,1,54964.694901,0.033909,0.608151,5.00e-7,13.676,6439,296.69890,41.26350
5979863,6018,0.07,1,54966.551875,0.027927,16.621854,6.08e-5,15.229,5698,297.00000,41.29000
5980800,3882,0.61,1,55002.033500,0.010827,0.414163,4.00e-7,15.044,5193,297.20350,41.22890
5982353,1036,0.10,1,54967.353946,0.048433,19.563095,7.51e-5,11.115,5961,297.52550,41.26180
5983348,,0.08,1,54983.344883,0.048482,25.150784,1.08e-4,15.048,5680,297.73370,41.25090
5983351,,0.74,1,55001.958846,0.017628,0.321185,4.00e-7,17.834,,297.73510,41.25370
5983532,4289,0.01,1,55232.092211,0.048826,147.288448,1.37e-3,15.050,4298,297.78010,41.20920
5984000,,0.82,1,54964.653132,0.019863,0.323058,2.00e-7,14.431,5414,297.88450,41.24940
5986209,3476,0.03,1,55297.374713,0.023134,23.737970,1.26e-4,15.147,5345,298.37180,41.29180
5988465,,0.76,1,54960.118623,0.378107,7.056526,1.75e-5,11.418,8661,298.86480,41.29410
5990753,,0.15,1,55002.947127,0.025778,7.216592,1.81e-5,10.916,4886,299.30550,41.26350
5991936,2606,0.98,1,55007.926256,0.034112,0.807436,8.00e-7,13.424,8630,299.54860,41.24140
5992270,1855,0.04,1,55001.391176,0.093069,58.430680,3.68e-4,14.782,4222,299.62200,41.21250
6023859,3414,0.01,1,55109.337760,0.013169,27.009878,1.41e-4,15.483,3928,284.49630,41.32590
6024572,,0.86,1,54964.652469,0.025303,0.414910,3.00e-7,15.521,6224,284.85710,41.31710
6025124,3411,0.01,1,54991.124338,0.011879,26.837724,1.23e-4,14.426,5931,285.14780,41.38890
6025466,,0.45,1,54953.774098,0.011505,1.127801,1.30e-6,13.122,5815,285.30230,41.36720
6026204,,0.98,1,54953.943599,0.128630,2.279815,3.50e-6,11.615,8418,285.65870,41.31440
6028860,2950,0.47,1,55003.147571,0.009008,0.844033,8.00e-7,14.403,5401,286.92060,41.37120
6029130,,0.10,1,54967.742093,0.032899,12.591632,4.09e-5,14.832,5160,287.03980,41.32890
6029214,,0.60,1,54954.334142,0.020332,0.819066,8.00e-7,12.927,,287.07560,41.39100
6034812,,0.93,1,54953.667262,0.020951,0.367307,2.00e-7,12.822,,289.33650,41.31860
6041734,2167,0.04,1,54969.058105,0.028222,24.340024,1.33e-4,15.280,5994,291.60450,41.30940
6042031,4165,0.59,1,54964.565621,0.013826,0.537104,4.00e-7,13.078,5221,291.69070,41.33290
6042116,,0.27,1,54958.780702,0.036997,5.407158,1.20e-5,11.300,,291.71810,41.39000
6042191,,-1.00,1,54981.274403,,43.390923,2.38e-4,13.158,4986,291.74340,41.31000
6042214,450,0.02,1,54977.908143,0.020238,27.046234,1.23e-4,14.173,6089,291.75220,41.31120
6042663,,0.07,1,54984.531429,0.050474,30.971769,1.45e-4,15.596,5354,291.89950,41.30590
6044064,,0.54,1,54966.701100,0.092018,5.063207,1.10e-5,15.001,5095,292.35320,41.32420
6044543,,0.67,1,54964.913241,0.025387,0.532086,4.00e-7,13.764,7240,292.48500,41.31560
6045264,,0.61,1,54965.634157,0.022264,0.909310,9.00e-7,13.437,6074,292.69730,41.33470
6046061,,0.70,1,54919.454410,0.015453,0.297256,2.00e-7,14.988,4563,292.93910,41.31140
6047498,1013,0.42,1,54964.601927,0.009412,1.037445,1.10e-6,15.348,5359,293.38560,41.34980
6048024,1684,0.00,1,54984.464464,0.016713,62.816000,3.90e-4,12.849,6162,293.53450,41.32990
6048106,,0.55,1,54999.843039,0.031356,1.559361,3.59e-5,14.091,6777,293.55840,41.39540
6050116,,0.79,1,54964.708006,0.015182,0.239908,1.00e-7,14.258,4569,294.13800,41.33960
6056992,51,0.09,1,54966.935237,0.024683,10.431153,3.12e-5,13.761,,295.91880,41.33240
6057829,,0.75,1,54954.079203,0.028262,0.483427,4.00e-7,13.309,5444,296.12400,41.38580
6058614,1799,0.27,1,55004.131839,0.011356,1.731080,2.40e-6,15.505,5735,296.30570,41.31710
6058875,3616,0.51,1,55002.072583,0.015733,1.129868,1.60e-6,15.839,4586,296.37040,41.39050
6060580,,0.31,1,54954.632263,0.016147,2.313369,3.50e-6,13.460,5308,296.76860,41.31950
6061139,,0.76,1,54964.913384,0.017958,0.322441,2.00e-7,15.232,5063,296.89370,41.30810
6063448,,0.03,1,54972.945177,0.085850,76.017696,5.07e-4,13.755,6416,297.40730,41.32980
6066379,3649,0.55,1,54999.810009,0.136279,1.303860,4.60e-6,15.475,6047,298.13250,41.33430
6067735,,0.85,1,54953.695499,0.026819,0.446182,3.00e-7,12.650,5558,298.45430,41.31490
6072195,,0.93,1,55000.994686,0.151838,2.800123,4.60e-6,11.410,8313,299.37570,41.35520
6072578,,0.77,1,54862.142079,0.015159,0.269672,2.00e-7,14.677,5017,299.44530,41.35240
6103049,,0.59,1,54964.888912,0.014818,0.643171,6.00e-7,15.147,5623,283.76820,41.44110
6105491,,-1.00,1,56903.857649,,13.299638,4.47e-5,11.919,6486,284.99150,41.43330
6106771,,0.77,1,54964.616674,0.015617,0.263826,2.00e-7,15.491,5559,285.57870,41.43780
6109688,,0.18,1,54959.199116,0.066255,14.086788,4.72e-5,12.271,6845,286.91360,41.48150
6117415,6019,-1.00,1,54969.445961,,19.741625,7.65e-5,10.543,6282,289.86110,41.40820
6118779,,0.90,1,54964.621050,0.022155,0.364246,2.00e-7,15.510,5428,290.27890,41.41170
6124941,1058,0.04,1,54969.201240,0.008151,5.670144,1.29e-5,13.783,,292.26180,41.44260
6128027,6020,0.13,1,54969.906496,0.018423,5.455766,1.22e-5,15.863,4878,293.21850,41.41730
6128141,,0.30,1,54965.726351,0.012189,1.872624,2.60e-6,14.337,5775,293.25290,41.42630
6128248,,0.76,1,54964.750595,0.017248,0.291744,2.00e-7,15.166,4867,293.28080,41.43570
6131659,,0.09,1,54960.041397,0.034049,17.527830,6.50e-5,12.534,4870,294.27910,41.43690
6137704,3605,0.00,1,55266.618463,0.039349,178.267972,1.58e-3,14.160,4975,295.83840,41.42730
6137885,,-1.00,1,55003.383308,,12.790099,4.14e-5,12.789,6088,295.88300,41.47470
6141791,,-1.00,1,54998.492254,,13.659035,4.53e-5,12.995,5859,296.75500,41.48460
6143826,,0.92,1,54953.804632,0.077761,1.354760,1.60e-6,12.711,6928,297.17520,41.46110
6144827,,0.82,1,54964.644135,0.013294,0.234650,1.00e-7,14.997,5217,297.41230,41.44110
6145939,5243,0.05,1,55006.195223,0.025896,17.745414,7.80e-5,12.366,6090,297.67650,41.42860
6146838,,0.03,1,54976.671867,0.026692,27.467201,1.23e-4,13.182,5338,297.91600,41.48560
6147122,1062,0.06,1,54959.763678,0.025041,15.451498,5.37e-5,11.798,7625,297.98120,41.44490
6147573,,0.07,1,54970.363385,0.038433,25.836833,1.13e-4,13.347,5503,298.07880,41.48430
6148271,3812,0.57,1,54966.114761,0.040979,1.785290,1.26e-4,14.026,6284,298.22970,41.45980
6153219,,0.62,1,55000.260143,0.018763,0.530300,1.30e-6,17.089,6603,299.26380,41.42050
6153672,1794,0.11,1,55153.072286,0.009570,3.364425,6.10e-6,15.337,5600,299.35650,41.41430
6182019,6023,0.29,1,55003.801005,0.026444,3.664965,7.40e-6,15.643,5504,282.68490,41.58800
6182849,3512,0.21,1,54999.698484,0.031765,6.399107,1.60e-5,13.718,5893,283.07400,41.54090
6185717,,0.06,1,54972.430554,0.018161,11.702204,3.80e-5,13.393,5901,284.46130,41.56180
6187341,4216,0.42,1,54964.886410,0.011957,0.984599,1.40e-6,15.986,4798,285.25620,41.59560
6187893,,0.60,1,54954.087252,0.021655,0.789168,8.00e-7,11.702,5103,285.51960,41.55010
6191574,,0.50,1,54964.878585,0.010092,1.034530,1.10e-6,14.353,4208,287.17700,41.53310
6191945,6024,0.08,1,54968.529821,0.012929,6.807377,7.65e-4,14.044,4992,287.33270,41.50670
6197038,6144,0.46,1,54961.776580,0.098446,9.751708,2.80e-5,13.531,4937,289.30080,41.52650
6197319,,0.93,1,54965.649620,0.093756,1.663804,2.20e-6,13.645,,289.40710,41.58610
6200709,3694,0.28,1,55001.464543,0.025672,3.723530,2.11e-5,16.720,5794,290.41670,41.52580
6205460,,0.58,1,54956.455222,0.098339,3.722832,7.00e-6,12.746,5242,291.98030,41.55940
6206751,,0.56,1,54954.013099,0.026099,1.245334,1.40e-6,12.142,6965,292.40630,41.51300
6209347,6025,0.30,1,55004.482164,0.015391,2.136577,3.70e-6,15.281,5283,293.19830,41.55830
6209824,,0.91,1,54954.933021,0.072003,1.262974,1.50e-6,12.127,,293.34720,41.54820
6213131,,0.64,1,55002.076566,0.023204,0.561416,6.00e-7,15.535,6328,294.30360,41.56170
6220470,,0.33,1,54969.504565,0.064689,8.144136,2.17e-5,13.960,7377,296.15890,41.51650
6220497,,0.62,1,55000.313265,0.050192,1.323167,2.85e-5,14.749,7254,296.16480,41.55590
6223646,,0.84,1,54953.711109,0.022995,0.364934,2.00e-7,13.552,7907,296.88330,41.51890
6224853,,0.95,1,55000.078797,0.030252,0.536048,7.70e-6,14.415,7338,297.13330,41.53610
6227560,3650,0.13,1,55187.672503,0.013710,4.803512,1.29e-5,15.927,4405,297.75850,41.51360
6228703,,0.21,1,54955.056337,0.035133,8.400414,2.24e-5,12.843,,298.06310,41.51070
6231401,,0.15,1,54970.586944,0.023393,6.091956,1.44e-5,14.847,5843,298.62180,41.56740
6233466,3552,0.13,1,55008.613065,0.052301,15.873307,1.23e-4,14.679,5400,299.04730,41.53810
6233903,3609,0.36,1,55001.719115,0.039441,5.990848,3.03e-5,16.455,5699,299.13100,41.58990
6262882,,0.79,1,54965.111503,0.063509,0.996501,1.10e-6,13.979,8317,282.64570,41.60870
6264091,,0.97,1,54964.640434,0.019803,0.325018,2.00e-7,15.202,5680,283.24810,41.65310
6265720,,0.93,1,54964.727675,0.018912,0.312428,2.00e-7,14.823,5585,284.01420,41.66560
6267702,,0.90,1,54999.949686,0.015792,0.283196,2.00e-7,15.593,5065,285.00340,41.64130
6268648,1613,0.08,1,55213.517405,1.669587,503.250000,7.35e-3,11.049,,285.47660,41.63270
6268722,6026,0.25,1,54955.449481,0.015983,2.638433,4.40e-6,12.601,6234,285.51840,41.66050
6279974,1812,0.43,1,54965.096880,0.010065,0.805259,8.00e-7,13.742,6022,290.12650,41.60110
6281103,,0.98,1,54964.870623,0.018905,0.363281,2.00e-7,14.899,5715,290.46720,41.67450
6283224,,0.56,1,55003.357462,0.015077,0.766473,8.00e-7,15.572,5100,291.19150,41.66720
6286155,3803,0.13,1,54999.666345,0.034907,14.541830,4.99e-5,13.763,5062,292.16910,41.61980
6286161,3501,0.09,1,54999.765372,0.035931,14.541785,1.08e-4,16.709,5735,292.17100,41.62130
6286402,,0.95,1,54964.711630,0.019423,0.343320,2.00e-7,15.489,6068,292.25370,41.60630
6287172,,0.95,1,54953.651911,0.010821,0.203873,1.00e-7,12.714,6646,292.49870,41.62920
6290382,3869,0.13,1,54970.027986,0.019403,6.128161,1.44e-5,13.186,7016,293.51920,41.67180
6290740,,-1.00,1,54994.495729,,15.151827,5.21e-5,12.254,6342,293.62520,41.66150
6292925,,-1.00,1,54999.637550,,13.612348,4.47e-5,9.717,8159,294.24130,41.61980
6301030,6027,0.14,1,55000.247999,0.037275,11.991158,1.11e-4,17.777,5727,296.29640,41.60460
6302051,,0.75,1,54953.667645,0.037587,0.665873,6.00e-7,13.333,8041,296.53760,41.67070
6302592,,0.93,1,54965.209605,0.088541,1.578024,2.00e-6,13.848,7737,296.66030,41.61440
6305192,219,0.22,1,54997.563107,0.045771,8.025157,2.14e-5,14.153,5347,297.21410,41.66400
6307062,,0.01,1,55075.484625,0.044625,75.379007,5.07e-4,14.863,5141,297.62910,41.64150
6307083,2050,0.03,1,54849.284201,0.027541,376.940167,5.05e-3,12.218,4992,297.63520,41.64190
6307537,1120,0.25,1,54960.659013,0.177726,29.744524,1.37e-4,11.753,,297.75710,41.68050
6311637,,0.56,1,54954.380904,0.036002,1.620813,2.10e-6,13.242,5534,298.70330,41.63400
6311681,1122,0.59,1,54967.214653,0.022645,0.844786,8.00e-7,15.363,5500,298.71150,41.63580
6312521,3656,0.32,1,55002.107084,0.019444,3.015549,1.13e-5,17.357,5095,298.88240,41.66330
6314173,3708,0.58,1,55001.654280,0.183855,1.433263,3.80e-6,17.719,7073,299.24060,41.62170
6344429,,0.76,1,54999.948235,0.023892,0.408459,5.20e-6,14.655,6816,283.93020,41.70320
6350020,,0.74,1,54964.613787,0.012586,0.241793,1.00e-7,15.383,5592,286.64520,41.70340
6353203,,0.64,1,54954.104166,0.018082,0.508504,4.00e-7,11.753,6102,288.03660,41.79010
6359771,,0.91,1,54964.976479,0.023111,0.406068,3.00e-7,14.967,6078,290.34230,41.78660
6359798,1121,0.08,1,54959.543281,0.028273,14.154038,4.79e-5,12.932,5452,290.35290,41.76970
6362386,6146,0.32,1,54956.954223,0.035903,4.592402,9.40e-6,12.930,6983,291.26420,41.74880
6363494,3634,0.48,1,55003.946981,0.021755,1.815633,5.14e-5,14.420,9727,291.63500,41.76570
6365321,1123,0.44,1,54964.887524,0.010220,0.848485,8.00e-7,15.323,5648,292.23680,41.73930
6367628,,0.59,1,54957.352101,0.103727,3.779692,7.10e-6,13.035,5185,292.98530,41.71690
6368316,,0.92,1,54964.637347,0.019264,0.338505,2.00e-7,15.084,5440,293.18790,41.72810
6370120,2811,0.44,1,54964.641692,0.018787,1.354777,1.60e-6,15.169,4244,293.72890,41.70120
6370361,,0.84,1,54953.659559,0.027583,0.454910,3.00e-7,13.210,6509,293.80040,41.77310
6370558,,-1.00,1,55015.363887,,60.316584,3.68e-4,12.278,,293.86440,41.71690
6370665,,0.96,1,54965.405285,0.055209,0.932316,9.00e-7,13.999,7386,293.89570,41.76010
6372268,,0.52,1,54966.725142,0.054785,5.220047,1.14e-5,11.446,,294.35620,41.77720
6387193,,0.00,1,54930.626423,0.138291,553.990000,7.35e-3,14.926,5510,298.03200,41.71660
6387450,1228,0.20,1,54968.269124,0.018156,3.661326,6.90e-6,14.349,5205,298.09170,41.79410
6387887,5280,0.58,1,54999.968602,0.005585,0.216900,8.00e-7,17.037,10648,298.18540,41.73400
6388770,3035,0.43,1,55009.786615,0.214152,21.341970,8.62e-5,13.870,6073,298.36190,41.78110
6390205,,0.80,1,54964.657643,0.027134,0.449402,3.00e-7,12.545,8254,298.66460,41.78000
6421188,,0.09,1,54969.287716,0.037088,16.434354,6.18e-5,13.814,5657,282.90600,41.83180
6421483,,0.58,1,54954.096898,0.045798,2.158402,3.30e-6,13.024,5016,283.04510,41.86010
6422170,,0.00,1,55363.239726,1.053053,624.312000,7.35e-3,13.538,5205,283.37810,41.81530
6424124,,0.91,1,54964.891371,0.024926,0.385528,3.00e-7,13.979,5797,284.34110,41.83870
6426592,3554,0.00,1,55179.171883,0.036690,394.684665,5.05e-3,15.207,5568,285.60160,41.81750
6431545,,0.91,1,54964.589641,0.019741,0.316834,2.00e-7,13.853,5459,287.82870,41.80490
6431670,3534,0.05,1,55097.476729,0.043630,29.911485,2.98e-4,16.128,5103,287.88480,41.87940
6432059,1229,0.54,1,54964.754300,0.012775,0.769740,7.00e-7,14.840,5412,288.03990,41.81840
6436029,2828,0.00,1,55291.074885,0.100395,505.466934,7.35e-3,15.768,4652,289.53880,41.89280
6436038,,0.96,1,55002.127347,0.022790,0.376307,3.00e-7,15.179,5745,289.54220,41.89040
6443392,,0.53,1,54953.619364,0.013063,0.776976,7.00e-7,12.723,,291.99300,41.88410
6443538,,0.97,1,54999.778242,1.389784,6.261446,1.56e-5,13.928,,292.05310,41.83710
6446219,,0.95,1,54964.952724,0.025889,0.444806,3.00e-7,14.152,6225,292.92380,41.88430
6447430,,0.92,1,54954.148049,0.066584,1.160002,1.30e-6,11.405,8010,293.29670,41.87410
6448768,,0.13,1,54981.090131,0.052970,16.486798,5.99e-5,13.645,5859,293.72180,41.87310
6449358,6147,0.31,1,54955.073410,0.043601,5.776790,1.31e-5,11.610,7449,293.89640,41.83180
6449552,,0.09,1,54968.810783,0.049051,20.148811,7.95e-5,14.904,5357,293.94890,41.85550
6452742,,0.46,1,54965.553936,0.016509,1.375544,1.70e-6,14.726,5642,294.88350,41.80050
6462057,,0.93,1,54954.018541,0.026660,0.478716,4.00e-7,11.849,6518,297.14420,41.88170
6464285,,0.55,1,54964.946805,0.017176,0.843651,8.00e-7,13.826,5061,297.67100,41.87600
6466939,,0.41,1,54964.900230,0.020041,2.285894,3.50e-6,14.454,4920,298.25750,41.85060
6467389,,0.79,1,54953.686178,0.017779,0.288976,2.00e-7,13.132,5183,298.35850,41.89140
6468938,,0.16,1,54961.234627,0.027900,7.217012,1.81e-5,13.272,5805,298.69000,41.88090
6469946,,0.52,1,55003.342964,0.011569,0.715802,7.00e-7,15.579,5097,298.90680,41.83560
6470516,3705,0.56,1,55002.256848,0.039976,2.080431,6.60e-6,16.448,8162,299.02350,41.82200
6471048,,0.77,1,54953.685654,0.018704,0.297228,2.00e-7,12.836,4850,299.12820,41.82830
6504095,,0.96,1,54964.632606,0.015836,0.306775,2.00e-7,14.842,5679,284.96090,41.94690
6504534,,0.02,1,54976.717044,0.020502,28.162600,1.33e-4,14.216,4788,285.16710,41.96710
6504954,1790,0.00,1,55107.425192,0.053864,130.354594,1.18e-3,15.254,5700,285.37190,41.99390
6507541,,0.91,1,54964.699460,0.080539,0.327212,2.00e-7,15.278,5797,286.56100,41.99560
6516874,3824,0.61,1,55001.920115,0.019143,0.916327,1.20e-6,15.896,5787,290.09690,41.97070
6521542,,0.31,1,54965.681641,0.027930,4.425754,9.10e-6,14.280,5880,291.52810,41.91600
6522750,,0.09,1,54968.745463,0.035913,17.445641,6.39e-5,11.230,5547,291.92890,41.95640
6523216,,0.19,1,54956.906624,0.072463,14.313156,4.85e-5,13.254,6200,292.08380,41.91500
6525196,5293,0.36,1,54954.352139,0.024179,3.420604,6.20e-6,10.154,5966,292.71800,41.92250
6525209,3479,0.08,1,55017.899326,0.136416,75.131710,5.07e-4,14.658,5207,292.72140,41.90490
6526545,,0.95,1,54963.784265,0.127553,2.101418,3.10e-6,13.671,5948,293.12860,41.94910
6527229,5296,0.00,1,55096.873092,0.048109,200.800071,2.28e-3,15.814,5668,293.33400,41.93730
6531485,,0.54,1,54964.798481,0.011728,0.676990,6.00e-7,15.553,5587,294.58790,41.91430
6531496,3646,0.10,1,55011.179978,0.030887,14.323914,1.45e-4,16.095,5604,294.59050,41.94650
6543674,5298,0.53,1,54965.303847,0.034581,2.391030,3.70e-6,13.535,,297.54160,41.95090
6545018,,0.42,1,54965.835642,0.038328,3.991460,7.80e-6,13.748,5594,297.81380,41.96310
6546508,3613,0.20,1,55189.794079,0.022570,6.107057,1.83e-5,15.740,5210,298.13140,41.95100
6548447,,0.30,1,54955.257314,0.099090,10.768379,3.22e-5,12.880,5031,298.54250,41.95320
6549491,,0.79,1,54964.733730,0.049261,0.764653,7.00e-7,14.915,5597,298.75720,41.97710
6579806,967,0.07,1,54967.085920,0.018271,9.880482,2.88e-5,15.212,5869,281.66920,42.03860
6591789,,0.25,1,54967.354443,0.028213,5.088410,1.11e-5,15.353,5410,287.04650,42.00050
6593363,,0.09,1,54972.256833,0.043398,18.527824,6.98e-5,12.893,5865,287.67270,42.05920
6593575,,0.88,1,54964.829012,0.019916,0.345744,2.00e-7,15.511,5687,287.75490,42.00030
6594972,,0.13,1,54965.985195,0.032513,10.819171,3.29e-5,14.342,5680,288.29310,42.05740
6595662,,0.32,1,54965.597778,0.020962,2.680514,4.40e-6,14.746,5759,288.53310,42.04760
6599919,858,0.04,1,54843.666732,0.016829,13.610105,4.53e-5,15.060,5440,289.89780,42.00920
6603043,368,0.03,1,55030.326542,0.108273,110.324286,8.40e-4,11.375,9034,290.85460,42.08690
6603756,1729,0.38,1,54968.885056,0.050339,5.204283,1.14e-5,15.424,5115,291.09160,42.05850
6606282,,0.32,1,54965.435543,0.014372,2.107100,3.10e-6,12.970,5594,291.87240,42.03050
6606653,1224,0.59,1,54965.284591,0.066164,2.698024,4.40e-6,13.717,6352,291.98690,42.03770
6606934,6028,0.01,1,54986.839905,0.024139,37.806939,1.95e-4,14.898,6122,292.07170,42.07640
6607610,,0.08,1,54995.183066,0.130017,63.518026,4.15e-4,14.985,4856,292.27610,42.03770
6610219,,0.20,1,54962.134169,0.040424,11.300995,3.43e-5,13.203,5986,293.02560,42.00140
6611330,1691,0.02,1,54864.047291,0.015831,35.146690,2.19e-4,15.838,5230,293.33810,42.01630
6613627,,0.98,1,55115.344848,0.008552,0.150800,1.00e-7,12.548,7090,293.97650,42.04830
6614926,6029,0.41,1,54966.327253,0.032412,3.026765,5.20e-6,14.044,6038,294.33140,42.09400
6615041,,0.76,1,54964.806732,0.018441,0.340085,2.00e-7,13.877,5718,294.36190,42.04590
6620003,1225,0.20,1,54966.315240,0.014010,3.428551,6.30e-6,15.686,3955,295.62220,42.09290
6628237,6030,0.18,1,54968.139103,0.018679,3.840129,7.40e-6,14.479,5679,297.47100,42.08790
6629332,1227,0.18,1,54968.730786,0.014116,4.310556,8.70e-6,13.997,5452,297.70710,42.04740
6629588,,0.55,1,54966.783103,0.042077,2.264471,3.40e-6,13.983,6520,297.75560,42.00910
6631721,160,0.07,1,54967.429814,0.024172,13.738283,4.60e-5,13.805,6153,298.18360,42.01310
6633929,,0.90,1,54950.066672,0.022290,0.358908,4.90e-6,15.529,5482,298.60540,42.09970
6634112,5308,0.07,1,54966.846749,0.016143,9.942229,2.91e-5,14.099,5099,298.64250,42.09280
6665064,,0.52,1,54964.697452,0.009325,0.698370,9.80e-6,15.183,5780,281.65000,42.13210
6665223,1232,0.01,1,54946.218150,0.061312,119.412025,9.45e-4,14.427,4906,281.74260,42.12310
6669809,,0.65,1,54953.998571,0.029897,0.733738,7.00e-7,10.763,7239,283.90970,42.13100
6670812,,0.99,1,55001.461730,0.091269,1.741814,2.40e-6,7.243,,284.35570,42.10350
6671698,,0.73,1,54954.077303,0.022332,0.471525,4.00e-7,13.489,5570,284.69890,42.14680
6672229,,0.09,1,55023.882992,0.042837,23.832374,1.08e-4,15.581,5487,284.94110,42.11320
6675060,3611,0.09,1,54997.959235,0.024462,10.443328,9.20e-5,16.510,5883,286.24490,42.14640
6677225,,0.89,1,54964.733473,0.033364,0.525027,4.00e-7,13.715,7163,287.13730,42.14450
6678383,111,0.02,1,55259.383542,0.062247,103.512357,7.65e-4,12.596,5853,287.60460,42.16680
6689368,,0.96,1,54954.343791,0.061121,1.270114,1.50e-6,12.982,,291.17780,42.19880
6690171,3320,0.00,1,55237.407206,0.030455,85.062415,7.65e-4,15.954,5034,291.42680,42.16410
6692340,,0.95,1,54954.126755,0.038845,0.674849,6.00e-7,13.330,6270,292.09000,42.13840
6693555,,-1.00,1,54997.298851,,10.874988,3.29e-5,13.846,6605,292.45590,42.13720
6694186,6031,0.24,1,54957.053147,0.032540,5.554224,1.24e-5,12.376,5247,292.63110,42.18080
6695510,,0.97,1,55001.716302,0.120371,2.172967,3.20e-6,11.997,5920,293.00680,42.11030
6695889,,0.50,1,54965.373754,0.016331,1.106561,1.20e-6,15.415,5964,293.10740,42.12260
6697716,,0.44,1,54965.580655,0.015789,1.443249,1.80e-6,14.424,4898,293.59470,42.14310
6698670,,0.10,1,54962.075695,0.203079,10.815890,3.25e-5,12.960,6002,293.83830,42.12220
6699562,5317,0.04,1,54960.384514,0.056654,46.270531,2.59e-4,13.529,6127,294.06470,42.11290
6699679,,1.00,1,54953.612834,0.011484,0.201203,1.00e-7,11.574,,294.09550,42.16160
6706287,,0.38,1,54966.387341,0.021403,2.535388,4.00e-6,13.620,,295.67710,42.11140
6707942,3569,0.08,1,55000.607445,0.018570,9.014200,3.00e-5,13.570,4678,296.05760,42.11090
6756202,3547,0.00,1,55226.525029,0.073006,290.785970,3.81e-3,14.282,5055,283.89860,42.30000
6756669,862,0.16,1,54965.860764,0.024667,5.851532,1.40e-5,15.330,5353,284.08730,42.23320
6757558,,0.02,1,54348.569861,0.409745,421.160000,5.05e-3,12.865,4742,284.45480,42.20480
6758917,453,0.21,1,54966.869790,0.012166,2.236102,3.50e-6,14.549,5457,285.11970,42.29910
6762188,5323,0.18,1,54967.001224,0.033585,7.155502,1.81e-5,13.672,4801,286.55110,42.23480
6762829,1740,0.15,1,54971.667903,0.078533,18.795266,7.23e-5,13.941,5640,286.83040,42.27920
6766325,,0.92,1,54964.712111,0.026608,0.439966,3.00e-7,13.775,6154,288.19660,42.27520
6766748,,0.25,1,54969.012548,0.035537,7.002865,1.75e-5,13.934,6601,288.36360,42.24810
6775034,,-1.00,1,55005.339857,,10.028547,2.94e-5,13.992,6886,291.08200,42.26860
6778050,,0.55,1,54965.564982,0.016548,0.945828,1.00e-6,14.514,5091,292.02210,42.29010
6778289,,0.11,1,54955.099947,0.081555,30.130150,1.41e-4,13.076,6320,292.10240,42.25220
6781535,,0.12,1,54971.834534,0.029149,9.122086,2.58e-5,13.666,5727,293.07450,42.28030
6784887,5328,0.02,1,54968.341088,0.036035,44.714448,2.48e-4,14.965,5961,293.99110,42.26090
6791604,,0.70,1,54964.682474,0.028439,0.528806,4.00e-7,13.924,7346,295.67550,42.24060
6794131,,0.81,1,54954.308318,0.069055,1.613328,2.10e-6,12.537,9189,296.23020,42.22280
6803335,,0.95,1,54954.334913,0.060936,1.110853,1.20e-6,12.118,,298.20750,42.20110
6805146,668,0.16,1,54956.568667,0.061413,13.779702,4.60e-5,13.210,6214,298.59160,42.20640
6805779,,0.95,1,55000.932684,0.044487,0.801921,8.00e-7,13.084,6200,298.72360,42.25860
6806632,,-1.00,1,54973.974780,,9.469157,2.70e-5,13.292,9224,298.89070,42.20990
6836140,,0.73,1,54964.661378,0.028036,0.487721,4.00e-7,14.646,5037,281.04070,42.39790
6841577,,0.09,1,54973.272656,0.037217,15.537535,5.71e-5,14.875,5478,283.77580,42.35930
6842345,,0.04,1,55010.171917,0.018727,17.381612,6.98e-5,15.567,5834,284.13210,42.35040
6843507,,0.78,1,54964.768043,0.019837,0.343182,2.00e-7,15.093,5489,284.64440,42.39890
6844489,,0.84,1,54965.376438,0.065771,1.079760,1.20e-6,14.136,6077,285.12660,42.31800
6847018,1349,0.06,1,54958.523585,0.025093,16.662167,5.99e-5,13.344,6211,286.30030,42.37480
6849046,201,0.22,1,54966.334555,0.023916,4.225385,8.50e-6,14.014,5491,287.13060,42.35020
6850665,3244,-1.00,1,55110.512239,,214.716056,2.28e-3,12.391,4828,287.76630,42.32270
6852488,,0.56,1,54966.937685,0.045232,2.172041,3.20e-6,13.908,7262,288.47310,42.38010
6853229,,0.96,1,55002.043939,0.025318,0.426111,4.00e-7,15.796,5939,288.74660,42.35320
6859813,,0.13,1,54954.793569,0.033922,10.882422,3.25e-5,12.068,5951,290.80670,42.34390
6862603,866,0.18,1,55004.645630,0.013335,2.861166,5.00e-6,15.618,5848,291.67170,42.34310
6863161,3757,0.55,1,55004.056778,0.027806,1.986639,5.80e-5,14.726,9011,291.85330,42.30670
6863229,,0.61,1,54954.485937,0.052384,1.994921,2.80e-6,12.134,6465,291.87040,42.32860
6863840,,0.31,1,54964.745869,0.023521,3.852734,7.40e-6,15.138,5024,292.05490,42.33500
6864859,,0.06,1,54955.556300,0.057525,40.877843,2.19e-4,11.663,,292.35020,42.39340
6865626,,0.66,1,54964.842153,0.030532,0.726768,7.00e-7,13.830,5611,292.57330,42.35020
6866228,1348,0.12,1,54970.562764,0.024398,7.702370,2.01e-5,15.144,5388,292.73990,42.35940
6867766,1798,0.03,1,54969.142306,0.012384,12.964725,4.25e-5,14.384,5971,293.19620,42.37060
6877673,,0.11,1,54989.092342,0.097465,36.758887,1.88e-4,13.676,5819,295.76580,42.39130
6880727,,0.94,1,54965.032712,0.023517,0.412737,3.00e-7,13.678,5902,296.43920,42.38360
6881709,,-1.00,1,55003.281167,,6.741116,1.66e-5,14.156,5748,296.65880,42.36980
6889235,74,0.43,1,54956.285879,0.045776,5.188670,1.13e-5,10.960,9288,298.32420,42.38850
6891512,5335,0.45,1,54955.206280,0.036054,3.505126,6.40e-6,11.388,5591,298.79890,42.39090
6927629,,0.21,1,54968.343029,0.033703,7.735228,2.09e-5,15.244,5550,283.90540,42.44190
6929869,,0.96,1,55000.093721,0.015835,0.283692,2.00e-7,15.536,4992,284.94260,42.43730
6933781,3737,0.00,1,55062.757796,0.025824,130.419563,1.05e-3,11.241,5502,286.69730,42.45120
6934587,6032,0.48,1,54954.476823,0.019684,1.570919,2.00e-6,13.406,5840,286.99760,42.46520
6936977,,0.01,1,54992.765888,0.018386,36.473122,1.82e-4,14.359,5269,287.95150,42.41320
6939670,,0.33,1,54968.201068,0.032029,4.238855,8.50e-6,14.858,5436,288.96490,42.46940
6947164,3531,0.02,1,55023.499016,0.054666,70.582851,4.71e-4,14.624,5743,291.35700,42.49360
6947666,,0.02,1,55014.442172,0.062451,56.690264,5.05e-3,15.585,5777,291.50610,42.44810
6948480,2975,-1.00,1,55063.937917,0.044874,175.329305,1.58e-3,15.310,5751,291.78750,42.46950
6948815,5339,0.54,1,55000.434100,0.029068,1.541531,3.55e-5,15.348,7431,291.88710,42.43020
6949550,,0.15,1,54969.587142,0.032934,7.841067,2.06e-5,15.144,5718,292.11750,42.45630
6956014,31,0.40,1,54954.559115,0.015991,1.851182,2.50e-6,10.795,,294.03180,42.46880
6956216,3604,0.37,1,54998.410568,0.044551,4.818830,3.06e-5,14.550,,294.08780,42.48970
6960446,3654,0.18,1,54999.452809,0.035357,10.149000,8.81e-5,16.798,6117,295.19580,42.41890
6960487,3386,0.02,1,55190.257396,0.028859,34.525988,2.19e-4,15.142,5858,295.20390,42.43050
6960913,1361,0.03,1,54984.132665,0.041026,59.880000,3.68e-4,14.995,4050,295.30450,42.47530
6962018,,0.45,1,54965.073843,0.014189,1.269894,1.50e-6,14.791,4191,295.54370,42.42840
6963171,,-1.00,1,54997.777557,,23.308219,1.58e-3,14.106,5931,295.80990,42.45920
6964043,1351,0.40,1,55292.008176,0.308696,5.362582,1.52e-5,15.613,5374,296.01450,42.42230
6964796,,0.97,1,54964.683664,0.023247,0.399966,3.00e-7,12.611,5657,296.19690,42.43040
6965293,,0.18,1,54957.473848,0.020853,5.077820,1.09e-5,12.847,5944,296.31640,42.43350
6966265,,0.76,1,54964.757106,0.016756,0.313435,2.00e-7,14.550,5460,296.53530,42.43710
7009828,,0.23,1,54968.123854,0.048600,10.642454,3.19e-5,15.013,5581,282.42770,42.59360
7013934,,0.90,1,54953.767682,0.037792,0.641368,6.00e-7,12.940,7699,284.32020,42.53900
7019489,2128,-1.00,1,54965.481782,0.027534,24.259843,1.29e-4,15.962,5283,286.94420,42.58060
7021177,3452,0.06,1,55017.497406,0.021714,18.645328,7.37e-5,15.511,5684,287.63700,42.53080
7023917,,0.71,1,54953.888778,0.030232,0.772842,7.00e-7,10.115,,288.71840,42.50230
7023960,187,-1.00,1,54984.529550,0.043153,30.882537,1.45e-4,14.857,5768,288.72950,42.55090
7024530,3922,0.02,1,55008.706920,0.051816,66.153000,1.18e-3,15.520,5814,288.92920,42.52920
7025540,3550,0.39,1,55279.406534,0.017537,2.148207,4.00e-6,15.783,4516,289.25280,42.56260
7025851,,0.31,1,55000.868483,0.026838,4.681000,1.70e-4,14.390,6054,289.35960,42.53020
7033748,,0.49,1,54968.713070,0.057557,4.392710,8.90e-6,13.685,6202,291.84370,42.55850
7035139,,0.80,1,54964.871775,0.019909,0.309741,2.00e-7,15.480,5656,292.28360,42.59460
7037319,,0.84,1,54965.123496,0.120417,0.578110,5.00e-7,13.712,7027,292.94850,42.50840
7037405,,0.16,1,54905.625221,0.892253,207.150524,1.92e-3,11.875,4605,292.97620,42.54770
7037540,1347,0.12,1,55294.236375,0.043946,14.405911,6.29e-5,14.808,,293.02040,42.50880
7038831,,0.63,1,55000.032730,0.014889,0.627291,5.00e-7,14.374,6266,293.39680,42.54840
7039026,,-1.00,1,54996.118502,,9.943929,2.88e-5,10.820,6914,293.44860,42.58660
7041856,,-1.00,1,54999.450276,,4.000669,7.70e-6,11.978,6672,294.23170,42.59010
7047299,5351,0.01,1,55034.414371,0.024922,35.882244,1.82e-4,14.295,5608,295.61070,42.57840
7049486,,0.09,1,54971.050840,0.050429,26.718425,1.19e-4,13.144,,296.12500,42.52210
7050060,2215,-1.00,1,55012.472816,,22.044000,9.00e-5,12.999,,296.25510,42.53020
7051984,2879,0.54,1,54964.539453,0.011645,0.678133,6.00e-7,12.771,5438,296.70190,42.50870
7060333,,0.91,1,55005.617622,0.139468,2.527248,9.90e-6,9.088,7576,298.55060,42.56110
7091476,,0.95,1,54954.384662,0.050083,0.807736,8.00e-7,13.164,6658,281.32390,42.67000
7097571,,0.55,1,54954.495717,0.041998,2.213964,3.40e-6,11.267,,284.31380,42.60090
7105574,,0.08,1,54976.200686,0.039866,20.726066,8.28e-5,14.069,5765,287.74620,42.64860
7107567,5353,0.50,1,55000.300464,0.011157,0.812598,1.41e-5,14.235,6897,288.49570,42.69560
7108433,6153,0.55,1,54999.851991,0.031042,1.519188,9.61e-5,15.106,7206,288.82380,42.60230
7115291,3357,0.02,1,55053.072287,0.034831,52.802776,3.13e-4,15.193,5609,291.00100,42.62220
7117003,3514,0.01,1,55109.618185,0.242546,428.300000,5.05e-3,14.173,5473,291.54390,42.63900
7117153,,0.78,1,55003.165289,0.021172,0.359529,2.00e-7,15.607,5672,291.59280,42.63760
7117541,,0.47,1,55003.069603,0.021385,1.585674,2.10e-6,15.634,5854,291.72390,42.62980
7118545,,0.13,1,54977.695194,0.048782,14.797219,5.14e-5,14.185,6095,292.02870,42.66960
7118621,,0.74,1,54964.861971,0.019498,0.370553,2.00e-7,14.136,5693,292.05900,42.63540
7118656,,0.93,1,54964.747849,0.019556,0.321355,2.00e-7,15.033,5271,292.06820,42.64230
7119757,,0.64,1,54965.303131,0.020948,0.742922,7.00e-7,15.608,5072,292.39850,42.62990
7119876,,0.85,1,54964.657436,0.022681,0.366364,2.00e-7,15.015,5995,292.43240,42.68240
7121885,3467,0.05,1,55206.106606,0.044617,33.937542,2.11e-4,15.191,5970,293.03070,42.63520
7122259,3454,0.12,1,55292.799998,0.048118,20.882168,1.05e-4,15.600,6122,293.14580,42.62420
7125636,,0.14,1,54965.066874,0.021296,6.490661,1.58e-5,15.507,4358,294.10790,42.61730
7128918,,0.16,1,54970.156780,0.025922,7.118799,1.79e-5,15.758,5386,294.99820,42.69390
7129465,6155,0.24,1,54966.171090,0.024862,5.491822,1.24e-5,15.316,5182,295.13700,42.64700
7130044,,0.76,1,54964.695612,0.016644,0.297665,2.00e-7,14.302,5047,295.27430,42.66890
7132542,3517,0.08,1,55001.379414,0.118877,66.360987,4.41e-4,15.327,5389,295.88520,42.62190
7133286,,0.29,1,54988.595373,0.256636,38.510681,1.95e-4,13.035,,296.05860,42.66960
7136958,3350,0.08,1,55192.616323,0.055603,29.015853,1.70e-4,15.546,5553,296.93980,42.69190
7137798,,0.51,1,54954.217705,0.033644,2.253537,3.40e-6,13.451,6597,297.13780,42.68000
7173910,,0.82,1,54964.706068,0.025342,0.402244,3.00e-7,14.360,5792,281.20310,42.74610
7174349,3844,0.25,1,55001.193215,0.011683,2.974140,1.52e-5,19.294,,281.43700,42.72730
7174617,6156,0.38,1,54966.186266,0.014956,1.608377,2.10e-6,13.819,4889,281.59380,42.71000
7176440,,0.98,1,54964.566395,0.017831,0.358271,2.00e-7,14.293,5807,282.51240,42.77090
7177553,,0.06,1,54954.545842,0.029083,17.996467,6.73e-5,11.511,,283.01210,42.72130
7177892,,0.50,1,54954.651393,0.017278,1.386249,1.70e-6,11.766,,283.16900,42.79210
7186665,3033,0.30,1,54970.220495,0.046798,8.559396,2.34e-5,14.538,5848,287.12240,42.70690
7198474,,0.76,1,55000.068173,0.037166,0.242305,1.00e-7,15.556,5759,291.23180,42.70400
7199183,,0.97,1,55002.030763,0.026478,0.324092,3.00e-7,15.772,5462,291.42910,42.78630
7199353,,0.78,1,54964.814394,0.017115,0.281987,2.00e-7,14.490,5166,291.48490,42.73780
7199774,1346,0.16,1,54955.947027,0.019049,4.708128,9.80e-6,13.279,5633,291.61010,42.75980
7200102,,0.06,1,54972.573371,0.022006,14.665757,5.06e-5,15.213,5207,291.70830,42.79700
7203179,,0.56,1,54955.035403,0.048951,2.245739,3.40e-6,13.432,6242,292.68880,42.74800
7204041,,0.92,1,54953.965533,0.017731,0.331679,2.00e-7,12.989,5089,292.94790,42.72980
7212066,3610,0.21,1,55186.355299,0.018336,3.840486,9.30e-6,15.260,5504,295.21170,42.78630
7212722,,0.43,1,54965.310995,0.024540,2.316172,3.50e-6,13.969,5683,295.37520,42.75380
7217866,,0.91,1,54964.726511,0.025362,0.407157,3.00e-7,13.865,5600,296.58340,42.76500
7219906,6033,0.02,1,54986.395147,0.025756,35.089810,1.76e-4,14.266,5380,297.01460,42.78920
7220320,3775,0.56,1,55000.142187,0.015688,0.752158,2.10e-6,14.082,5533,297.10820,42.75290
7255336,19,0.32,1,54954.897166,0.012831,2.406402,3.70e-6,11.374,,280.94380,42.83920
7257373,6034,0.25,1,54955.658432,0.049997,10.466902,3.09e-5,13.424,,282.05330,42.86500
7258889,,0.59,1,54965.003774,0.023212,0.903905,9.00e-7,13.673,6203,282.77630,42.81110
7259722,,-1.00,1,55008.819044,,9.633226,2.75e-5,13.375,6026,283.15750,42.89040
7259917,,0.70,1,54953.806646,0.020325,0.384679,3.00e-7,12.132,,283.25910,42.84560
7269493,1961,0.34,1,54964.636147,0.016464,1.907806,2.60e-6,12.852,5331,287.57120,42.81390
7269797,,0.86,1,54964.708488,0.017434,0.281792,2.00e-7,15.637,5163,287.69950,42.84470
7269843,,0.81,1,54964.567796,0.016728,0.268216,2.00e-7,15.962,5002,287.72010,42.88860
7270230,876,0.07,1,54997.900966,0.013865,6.998090,1.75e-5,15.877,5417,287.88410,42.83240
7272739,,0.77,1,54964.852294,0.015867,0.281165,2.00e-7,12.961,5192,288.85720,42.81250
7273033,,0.96,1,55002.048055,0.016848,0.305033,2.00e-7,15.209,5443,288.95120,42.88830
7280704,,0.93,1,54953.706940,0.017682,0.324350,2.00e-7,13.057,5869,291.37550,42.81130
7282128,,0.94,1,54964.935701,0.020399,0.347050,2.00e-7,14.338,5363,291.81650,42.80260
7284688,1345,0.64,1,54953.678043,0.018998,0.646043,5.00e-7,11.234,,292.63000,42.82930
7287391,3546,0.16,1,55186.181528,0.016758,4.286100,1.10e-5,15.295,,293.46360,42.88410
7289157,399,0.37,2,54969.976049,0.044130,5.265807,1.16e-5,12.947,6013,293.96610,42.83730
7289157,399,0.00,2,54996.317389,0.055294,242.712992,2.28e-3,12.947,6013,293.96610,42.83730
7293054,,-1.00,1,55144.355701,,671.800000,7.35e-3,11.048,4588,295.03980,42.87950
7295570,6035,0.22,1,54964.646481,0.019202,3.603770,3.13e-4,14.492,5423,295.65800,42.80120
7296094,3790,0.48,1,55000.509656,0.068593,0.890749,2.70e-6,18.590,,295.78810,42.84640
7304911,,0.95,1,54954.045742,0.037894,0.625551,5.00e-7,12.769,6683,297.82040,42.88540
7335517,,0.98,1,55001.920777,0.012738,0.274504,2.00e-7,15.750,10758,280.77830,42.98840
7336754,,0.16,1,54966.766309,0.042781,12.155245,3.85e-5,13.964,5546,281.49690,42.90610
7339123,,0.76,1,54953.720417,0.019172,0.347103,2.00e-7,11.541,6138,282.64190,42.94640
7339345,,0.76,1,54964.777196,0.013780,0.259664,1.00e-7,15.200,4877,282.73680,42.94680
7348206,,0.90,1,54964.899837,0.025164,0.401205,3.00e-7,14.806,6089,286.77820,42.97940
7350038,,-1.00,1,55004.470351,,13.829942,4.60e-5,12.261,,287.51490,42.91180
7353970,3574,0.00,1,54988.614791,0.063116,198.443496,1.92e-3,13.760,5379,289.02490,42.93590
7357531,1368,0.00,1,55063.022085,0.031723,502.124455,7.35e-3,14.695,5503,290.20240,42.95590
7362696,3937,0.12,1,54967.821893,0.012344,4.931300,1.34e-5,15.535,5246,291.76050,42.92390
7362751,,0.74,1,54964.744492,0.018510,0.338249,2.00e-7,15.774,5079,291.77720,42.95120
7362852,6036,0.31,1,54968.320254,0.040677,7.036714,1.76e-5,15.168,5961,291.80960,42.98160
7365447,,0.38,1,54999.742546,0.023080,2.525388,7.23e-5,14.340,6596,292.62150,42.92200
7366145,,0.90,1,54964.902956,0.049016,0.864361,8.00e-7,13.784,6428,292.83340,42.93150
7367833,,0.77,1,54964.861266,0.016739,0.286199,2.00e-7,15.342,5799,293.33490,42.92190
7368103,,0.54,1,54965.354015,0.040032,2.182515,3.30e-6,13.419,7838,293.41540,42.91730
7368451,,0.90,1,54953.941515,0.021707,0.373377,2.00e-7,11.891,,293.52570,42.96070
7369523,,0.40,1,54966.319987,0.041688,5.318837,1.18e-5,14.905,5907,293.84140,42.94810
7373255,,-1.00,1,54997.976421,,13.661106,4.53e-5,11.511,6284,294.85590,42.93720
7373555,,0.96,1,54964.766804,0.028667,0.536675,4.00e-7,13.896,6997,294.94170,42.91040
7374746,3537,0.37,1,55186.649269,0.020968,2.733892,5.70e-6,15.002,5142,295.25290,42.90000
7375348,266,0.09,1,54979.197244,0.050769,25.309126,1.08e-4,11.472,,295.40430,42.98140
7375612,,0.97,1,54953.638704,0.008521,0.160073,1.00e-7,12.041,6682,295.46700,42.92790
7375795,1378,0.12,1,54966.359698,0.054663,19.300796,7.37e-5,13.601,,295.51070,42.93060
7376500,3535,0.20,1,55004.655794,0.027815,5.877128,2.94e-5,15.177,5461,295.68810,42.97060
7376983,1358,0.13,1,55189.737655,0.020187,5.644925,1.63e-5,15.505,4601,295.82550,42.94340
7377033,882,0.17,1,54968.471285,0.014339,3.913620,7.60e-6,15.533,5081,295.83540,42.94310
7377343,5384,0.13,1,55000.294539,0.038843,15.908951,9.45e-4,14.406,5965,295.90890,42.98820
7377422,,0.16,1,54986.644426,0.389498,107.622847,8.40e-4,13.562,4488,295.93040,42.95120
7378178,,0.71,1,55001.837575,0.021153,0.624269,7.00e-7,15.905,5612,296.11900,42.96530
7382250,,0.68,1,54954.984264,0.019739,1.418732,1.70e-6,12.011,6125,297.05660,42.98320
7383021,,0.82,1,55000.269900,0.027746,0.466061,4.00e-7,15.687,5335,297.21870,42.94150
7385478,,0.54,1,54954.534784,0.029470,1.655478,2.20e-6,11.471,6477,297.74110,42.99610
7387296,,0.94,1,54955.333002,0.144454,2.579544,4.10e-6,11.055,8822,298.11560,42.97880
7422883,6159,0.16,1,54958.945233,0.041603,11.414534,3.51e-5,11.254,6639,283.60730,43.00420
7431665,,-1.00,1,55005.281580,,281.400000,2.79e-3,10.974,4729,287.37660,43.00950
7431703,,0.64,1,54953.887641,0.025772,0.572526,5.00e-7,12.247,7279,287.39130,43.09870
7432479,,0.70,1,55000.077595,0.018314,0.408459,6.00e-7,14.539,5607,287.71490,43.02620
7433513,,0.70,1,54965.256118,0.065439,0.701119,6.00e-7,15.450,5466,288.11630,43.09430
7436177,6038,0.10,1,54996.882286,0.052514,19.933523,1.37e-3,14.575,6270,289.11100,43.01360
7440742,,0.73,1,54949.928411,0.013575,0.283992,2.00e-7,11.831,4834,290.51390,43.00980
7449844,1452,0.46,1,54965.124308,0.015779,1.152218,1.30e-6,13.630,6834,293.28150,43.05580
7455553,,0.15,1,54970.900122,0.098782,6.516497,1.59e-5,13.059,6434,294.83990,43.01970
7456521,,0.00,1,55040.790131,0.092603,276.430009,2.79e-3,14.973,5720,295.09640,43.04800
7457163,,0.88,1,54954.116481,0.046914,0.774604,7.00e-7,12.442,6155,295.27390,43.06000
7458285,,0.71,1,54964.863630,0.034407,0.660628,6.00e-7,13.519,6536,295.54280,43.04920
7466863,677,0.06,1,54968.164226,0.019039,11.971139,3.80e-5,13.768,6035,297.40100,43.04280
7501230,,0.75,1,54954.447274,0.046777,0.892750,9.00e-7,12.447,6977,281.36230,43.15300
7506164,,0.88,1,54964.902669,0.031991,0.558013,4.00e-7,13.682,7576,283.71420,43.11430
7506446,,0.69,1,54964.894098,0.014818,0.352600,2.00e-7,14.216,,283.85070,43.12290
7511416,,-1.00,1,54998.051230,,5.590855,1.25e-5,12.941,6496,286.06000,43.16620
7512381,,0.75,1,54953.969873,0.022256,0.423925,3.00e-7,12.737,5911,286.49980,43.13050
7515679,3728,0.85,1,54998.132442,1.678974,5.590435,1.25e-5,12.252,7127,287.80720,43.18880
7516345,,0.75,1,54964.910393,0.031179,0.491870,4.00e-7,12.325,6885,288.06250,43.12760
7518816,,0.65,1,54953.691277,0.021851,0.466580,3.00e-7,12.846,6087,288.96570,43.10750
7523733,,0.94,1,55120.563191,0.213372,3.121159,5.40e-6,11.813,7525,290.58690,43.11660
7529123,,0.84,1,54964.931515,0.022002,0.350078,2.00e-7,14.762,5673,292.24120,43.10710
7532973,1450,0.54,1,54954.115572,0.033742,2.144632,3.10e-6,13.480,5988,293.35130,43.13460
7533807,,0.95,1,54964.669469,0.017266,0.316845,2.00e-7,15.292,5571,293.58220,43.16350
7541502,,0.03,1,54961.582297,0.042156,44.827323,2.48e-4,11.560,,295.57650,43.19030
7542091,,0.83,1,54953.873119,0.023771,0.390499,3.00e-7,12.343,5673,295.71670,43.16460
7546429,,0.92,1,55001.918456,0.020288,0.352121,3.00e-7,15.228,5533,296.69550,43.13860
7546791,,0.94,1,54964.604015,0.014505,0.242362,1.00e-7,13.566,5038,296.77380,43.11030
7549265,,0.89,1,55113.972610,0.102891,1.962432,2.80e-6,13.805,5810,297.31410,43.14080
7552344,888,0.27,1,54964.948438,0.009629,2.001481,2.90e-6,15.419,5274,297.97510,43.16490
7584739,,0.72,1,54954.431499,0.045666,0.911558,9.00e-7,13.380,6772,282.29110,43.28390
7584826,,0.62,1,54965.080650,0.020973,0.622309,5.00e-7,15.187,5599,282.34650,43.28450
7590728,,0.70,1,54999.945566,0.026307,0.476722,8.00e-7,16.719,6931,285.27350,43.26570
7591456,,-1.00,1,55004.547470,,5.835751,1.34e-5,10.708,,285.60980,43.20550
7593110,1748,0.17,1,54999.192999,0.015827,3.549384,8.40e-6,15.895,5524,286.42600,43.26430
7597095,,0.76,1,54964.709147,0.016177,0.301206,2.00e-7,14.199,4915,288.12180,43.20790
7597703,,0.29,1,54971.603046,0.052083,9.217803,2.60e-5,15.322,5713,288.37410,43.29430
7598128,681,0.04,1,54977.236705,0.051925,44.258173,2.48e-4,13.204,6312,288.54200,43.25540
7599004,5403,0.18,1,54998.369195,0.017094,4.822893,3.68e-4,14.777,6118,288.91040,43.21850
7601633,136,0.04,1,54964.731428,0.016189,15.663873,5.53e-5,13.439,5982,289.87350,43.20380
7601767,,0.80,1,55000.024406,0.028968,0.486734,1.39e-5,14.486,6567,289.92360,43.21920
7605600,,0.19,1,55006.242491,0.014283,3.326193,6.40e-6,14.888,3671,291.15070,43.28530
7610340,,0.95,1,55000.210814,0.080617,1.517695,7.10e-5,14.827,6716,292.68020,43.29870
7610486,,0.80,1,54964.753541,0.029255,0.457679,3.00e-7,15.684,5682,292.73150,43.24490
7620664,,0.94,1,54965.290789,0.041359,0.683718,6.00e-7,13.112,6362,295.56190,43.20580
7620844,3551,0.03,1,55011.566794,0.052104,58.621570,3.68e-4,15.161,5056,295.61040,43.26040
7622059,6161,-1.00,1,54971.127861,,10.403262,3.09e-5,13.272,6204,295.92000,43.28180
7622486,1447,0.59,2,54966.637743,0.059980,2.279996,3.50e-6,13.092,,296.02510,43.23490
7622486,1447,0.03,2,54994.305952,0.038163,40.246503,2.11e-4,13.092,,296.02510,43.23490
7624297,6040,0.07,1,54981.666613,0.031512,18.019652,6.85e-5,14.928,5135,296.46000,43.28550
7627059,,0.81,1,55002.006219,0.019275,0.323650,3.00e-7,14.874,5754,297.11420,43.21430
7630658,,0.47,1,55003.285035,0.025315,2.151135,3.30e-6,13.893,,297.91520,43.25620
7630690,,0.97,1,54954.581174,0.064981,0.886563,9.00e-7,11.243,8996,297.92320,43.25630
7657914,,0.72,1,54953.980579,0.027374,0.474546,3.00e-7,12.906,6794,279.96790,43.38570
7660607,,-1.00,1,54954.588856,,2.763401,1.12e-5,10.955,,281.88250,43.30020
7668648,,0.08,1,54963.315401,0.054044,27.818590,1.26e-4,15.325,5875,286.27700,43.33910
7670485,,0.14,1,54972.411320,0.026157,8.467706,2.30e-5,14.408,5623,287.12940,43.34410
7670617,,0.07,1,54969.128128,0.044240,24.703844,1.05e-4,15.517,4876,287.18450,43.36710
7671594,,0.34,1,54965.399363,0.008450,1.410348,1.70e-6,15.815,3717,287.63590,43.37080
7672068,,-1.00,1,55005.325304,,16.836177,6.08e-5,12.434,5942,287.86380,43.30420
7672940,1463,0.00,1,54977.092960,0.089646,1064.270000,,12.328,,288.25860,43.37650
7674050,5412,0.00,1,55196.716654,0.030396,472.222000,5.05e-3,15.911,5491,288.74360,43.35110
7676610,,0.85,1,54954.637879,0.071924,1.225675,1.40e-6,12.641,8493,289.77340,43.38810
7677005,,0.05,1,54975.409399,0.052908,38.058139,1.95e-4,12.178,6683,289.91580,43.39080
7678434,892,0.10,1,55005.616890,0.025966,10.371692,3.09e-5,15.193,5010,290.39320,43.36390
7680593,,0.97,1,54964.777089,0.015677,0.276392,2.00e-7,15.445,5169,291.14720,43.33750
7681230,4294,0.45,1,54965.419533,0.009636,0.962591,1.10e-6,14.843,6029,291.36420,43.38590
7684873,14,0.20,1,54954.426357,0.014090,2.947363,5.00e-6,10.470,7906,292.61190,43.30510
7685689,,0.78,1,55001.994674,0.018383,0.325160,3.00e-7,15.540,5677,292.87730,43.36870
7686918,,0.99,1,55002.154920,0.142446,2.518834,4.00e-6,13.590,6436,293.27460,43.33630
7690843,,0.64,1,54954.158345,0.030087,0.786261,7.00e-7,11.083,4827,294.52650,43.39650
7691527,,0.18,1,54968.782328,0.021648,4.800231,1.02e-5,15.431,5354,294.73260,43.34950
7691553,,0.94,1,54964.870939,0.020756,0.348308,2.00e-7,14.620,5786,294.73970,43.37630
7695093,6041,0.27,1,54966.300360,0.026815,4.032768,7.90e-6,13.861,5706,295.80850,43.30310
7696778,,0.79,1,55000.007202,0.017914,0.331236,5.00e-7,15.433,5022,296.28810,43.39870
7697065,,0.70,1,54964.749102,0.013198,0.272766,2.00e-7,15.115,5126,296.37020,43.35230
7698650,,0.88,1,54965.214379,0.035235,0.599155,5.00e-7,15.228,6107,296.80580,43.38550
7700181,,0.93,1,54964.820489,0.020644,0.363698,2.00e-7,15.142,5433,297.17020,43.35050
7700578,,0.57,1,54999.752086,0.033122,1.507106,7.10e-5,14.150,6693,297.26020,43.30640
7707742,3998,0.61,1,54999.750847,0.025516,0.758354,1.50e-6,16.975,6918,298.89950,43.39560
7708193,3666,0.24,1,54999.609561,0.044180,7.942450,1.49e-4,15.994,5315,298.99730,43.39890
7709086,,0.79,1,54964.840111,0.023856,0.409475,3.00e-7,15.810,5512,299.18710,43.37130
7732791,3623,0.34,1,55004.057640,0.013702,2.064135,5.80e-6,16.177,4197,282.55340,43.41740
7733540,,0.78,1,54964.614024,0.074988,0.772582,7.00e-7,15.214,3918,283.01380,43.48310
7733731,4022,0.44,1,54968.152089,0.054215,4.858095,1.02e-5,13.269,5870,283.12850,43.45690
7740302,,0.92,1,54953.656746,0.063563,1.153509,1.30e-6,11.999,,286.64330,43.45980
7740566,,0.81,1,55113.454311,0.017385,0.297063,2.00e-7,15.611,5526,286.78320,43.43080
7743464,5417,0.01,1,55053.227088,0.031781,55.249014,3.30e-4,14.925,5809,288.15310,43.47360
7744173,,0.89,1,54964.747571,0.024924,0.398528,3.00e-7,13.687,5922,288.48830,43.48130
7748113,,0.82,1,54954.144474,0.102058,1.734663,2.30e-6,13.060,8948,290.11350,43.43650
7749504,,0.95,1,55007.851201,0.029639,0.566244,5.00e-7,12.723,11064,290.56060,43.46300
7750740,6162,0.17,1,54967.317950,0.026280,5.874198,1.36e-5,14.857,5777,290.99640,43.45880
7751562,,0.13,1,54975.425584,0.057028,17.042159,6.29e-5,15.252,5951,291.28460,43.40530
7763269,3721,0.12,1,54999.126953,0.019269,6.407929,7.65e-4,14.078,6004,295.15490,43.44430
7765894,,0.88,1,54956.979904,0.162160,3.204542,5.60e-6,11.955,7233,295.93510,43.47820
7766185,,0.73,1,54954.554702,0.041523,0.835457,8.00e-7,12.114,5977,296.01640,43.43680
7767559,895,0.29,1,54965.209607,0.027589,4.409409,9.00e-6,15.403,5436,296.41020,43.45540
7767733,3322,0.05,1,55202.008051,0.032853,25.198302,1.37e-4,15.940,5699,296.46210,43.45970
7767774,,0.99,1,55007.740259,0.009929,0.173388,1.00e-7,12.511,,296.47730,43.47480
7768447,,0.15,1,55085.777686,0.464845,122.500000,9.45e-4,11.898,4694,296.66990,43.47260
7769072,,0.52,1,54965.049919,0.009268,0.608863,5.00e-7,13.886,4858,296.83970,43.40810
7770471,3706,0.57,1,55000.182569,0.026303,1.157805,3.90e-6,14.620,6280,297.18050,43.47710
7770569,,0.00,1,55179.773492,0.054616,903.590000,,13.907,5399,297.20500,43.43210
7773380,,0.94,1,54964.888998,0.018767,0.307578,2.00e-7,14.475,5357,297.86400,43.49800
7777443,,0.63,1,54954.257271,0.034464,0.885125,9.00e-7,11.914,8224,298.85400,43.43500
7778437,131,0.32,1,54966.173727,0.039605,5.014232,1.08e-5,13.797,6244,299.09750,43.49760
7798259,,0.36,1,54965.832558,0.015064,1.734222,2.30e-6,15.726,4619,280.34380,43.59610
7799540,,-1.00,1,54983.030286,,60.000000,3.68e-4,12.393,5177,281.19180,43.52500
7802136,1449,0.09,1,54970.136872,0.025322,10.980246,3.36e-5,14.212,5712,282.79760,43.57810
7811211,,0.49,1,54964.823839,0.012902,0.902406,9.00e-7,14.596,5549,287.57060,43.53170
7812175,3665,0.06,1,55002.612666,0.028586,17.793925,1.95e-4,16.328,,288.02420,43.54580
7812455,2881,0.50,1,54964.877627,0.011664,0.903582,9.00e-7,14.811,6253,288.17080,43.50120
7813039,3787,0.00,1,55000.344564,0.012882,141.733780,1.18e-3,13.891,5726,288.43910,43.50530
7816201,,0.94,1,54954.116438,0.035859,0.574957,5.00e-7,12.018,,289.74940,43.54340
7816680,,0.18,1,55007.696294,0.030379,8.585198,2.44e-5,15.573,6267,289.92130,43.50820
7818448,,0.66,1,54964.591429,0.018791,0.618952,5.00e-7,13.894,6222,290.47940,43.50180
7821010,,0.03,1,54969.615845,0.024871,24.238243,1.03e-4,10.816,6298,291.31990,43.59550
7821450,,0.81,1,54964.681405,0.018496,0.314762,2.00e-7,14.937,5155,291.46780,43.54980
7830321,6044,0.43,1,54966.710252,0.011249,2.027396,2.90e-6,15.476,5347,294.45440,43.50050
7830460,,0.94,1,54957.418154,0.177661,3.397750,6.10e-6,12.080,7269,294.49830,43.58380
7830637,1454,0.01,1,55044.497814,0.083398,121.599181,9.45e-4,14.600,5789,294.54740,43.53370
7831363,3804,0.25,1,54965.974532,0.014775,2.817258,2.38e-4,14.248,6072,294.77490,43.59290
7833144,,-1.00,1,55001.231654,,2.247734,8.50e-6,12.561,7724,295.32460,43.50540
7835348,,0.95,1,54965.173557,0.038405,0.664062,6.00e-7,15.385,5960,295.97840,43.57290
7836330,,0.63,1,55147.869732,0.011019,0.658390,6.00e-7,14.201,5053,296.24970,43.54250
7837302,48,0.06,1,54982.935571,0.039670,23.837136,1.01e-4,13.722,,296.55390,43.54320
7837526,5436,0.03,1,54970.233934,0.025733,28.297210,1.29e-4,12.796,6065,296.61630,43.52930
7838639,,0.27,1,54965.330223,0.022194,4.226395,8.50e-6,13.774,5959,296.91440,43.51950
7838906,6165,0.19,1,54954.608354,0.023648,5.614949,1.26e-5,11.925,,296.98560,43.58140
7839027,,0.88,1,54964.819304,0.043588,0.720693,7.00e-7,13.842,7500,297.01860,43.53000
7840035,3758,0.10,1,55004.085454,0.176767,13.542100,1.33e-4,16.900,5287,297.27790,43.56960
7842610,1453,0.38,1,54964.909680,0.013799,1.943865,2.80e-6,15.289,5375,297.89660,43.56390
7846730,,0.21,1,54958.938351,0.050848,11.028227,3.32e-5,12.956,,298.85600,43.53700
7847927,,0.01,1,54984.227585,0.040604,70.376267,4.71e-4,15.108,5308,299.13300,43.52710
7866921,3360,0.05,1,55107.269208,0.121900,91.499889,6.93e-4,14.801,5019,279.85610,43.66790
7871200,,0.75,1,54953.677320,0.013169,0.242904,1.00e-7,12.799,4644,282.71820,43.67000
7877062,,0.82,1,54964.778743,0.017254,0.303652,2.00e-7,13.827,5484,285.89890,43.60350
7877824,3530,0.16,1,55186.362598,0.037001,9.449426,3.40e-5,15.650,5534,286.28850,43.61430
7878402,,0.74,1,54964.735173,0.019745,0.374351,3.00e-7,13.388,5415,286.59180,43.63600
7879399,,0.74,1,55075.819465,0.020100,0.392697,3.00e-7,12.597,5321,287.12450,43.60010
7881722,,-1.00,1,54954.118369,,0.953289,2.40e-6,13.585,7762,288.27340,43.69770
7884426,,0.95,1,54964.674950,0.016277,0.296732,2.00e-7,15.113,5285,289.53510,43.68870
7884842,,0.78,1,54954.893014,0.082356,1.314548,1.50e-6,9.601,9126,289.69460,43.62600
7885570,,0.58,1,54955.158437,0.039080,1.729337,2.30e-6,11.679,5398,289.97370,43.65380
7886329,,0.53,1,54953.641411,0.009722,0.567494,5.00e-7,13.205,6079,290.23410,43.66210
7887124,,-1.00,1,54950.479755,1.012765,32.486427,1.54e-4,12.422,6388,290.48330,43.62240
7889628,,0.93,1,54964.790300,0.019569,0.342396,2.00e-7,15.081,5746,291.31920,43.62020
7890379,,0.92,1,55000.252101,0.018791,0.345127,4.30e-6,16.980,5372,291.56440,43.68710
7897952,,-1.00,1,54982.830888,,66.991639,4.41e-4,12.085,,294.20190,43.65530
7898576,3566,0.30,1,55003.002904,0.054397,8.646898,1.18e-3,14.097,6217,294.38860,43.69050
7905209,,0.96,1,55115.237996,0.025109,0.419554,4.00e-7,13.268,5926,296.36600,43.62920
7906882,686,0.01,1,55004.676271,0.025185,52.513565,3.13e-4,13.579,5360,296.84080,43.64710
7907688,,-1.00,1,55000.020979,,4.344837,8.80e-6,14.754,6121,297.05310,43.64380
7914906,6047,-1.00,1,54962.971405,,8.752907,2.40e-5,11.961,6952,298.81650,43.67330
7918172,1817,0.01,1,55059.791351,0.163767,191.806640,1.92e-3,14.339,5009,299.59310,43.69310
7918217,1770,-1.00,1,55123.743476,,63.929799,3.90e-4,10.880,,299.60200,43.69600
7919653,,0.38,1,54965.674654,0.032379,4.210477,8.40e-6,13.796,5679,299.93730,43.62710
7936219,,0.95,1,54964.800549,0.022761,0.385598,3.00e-7,15.397,6005,280.35440,43.72200
7938468,,0.55,1,54969.160851,0.141196,7.226951,1.81e-5,13.270,5899,281.94330,43.72860
7938870,,0.62,1,54953.693993,0.023731,0.580726,5.00e-7,12.295,6651,282.18330,43.70640
7940533,6167,0.44,1,54954.622194,0.048829,3.905597,7.50e-6,12.862,5326,283.06630,43.74360
7941050,,0.86,1,54964.782894,0.018792,0.297981,2.00e-7,14.981,5069,283.28900,43.79090
7941635,5449,0.52,1,54965.413382,0.013367,0.762724,7.00e-7,14.500,5131,283.57010,43.73610
7943535,,0.15,1,54957.075209,0.018836,4.719339,9.80e-6,12.672,6516,284.56270,43.77430
7943602,,0.46,1,54967.665197,0.147125,14.692016,5.06e-5,13.988,4889,284.59360,43.76040
7947631,,0.26,1,54966.960660,0.012985,2.516556,4.00e-6,15.179,4823,286.76500,43.79630
7950775,,0.12,1,54962.607133,0.025490,8.966611,2.49e-5,13.478,6222,288.32410,43.76330
7950962,,0.92,1,54953.819202,0.051406,0.826957,8.00e-7,10.678,6800,288.40980,43.70720
7950964,,0.94,1,55001.780307,0.155697,0.826957,8.00e-7,13.403,5690,288.41070,43.70750
7953796,,0.94,1,54964.843665,0.017543,0.317548,2.00e-7,15.779,5582,289.64560,43.73780
7955301,,0.33,1,54968.272901,0.420237,15.324419,5.37e-5,12.672,4821,290.18630,43.72390
7959612,,0.81,1,55000.095587,0.014191,0.243214,2.60e-6,16.889,5187,291.65430,43.73710
7960547,,0.17,1,54968.264782,0.027664,6.767341,1.67e-5,14.143,5669,291.99200,43.76680
7967100,,0.49,1,54965.366145,0.014948,1.927295,2.70e-6,13.943,5806,294.27920,43.71990
7968880,,0.93,1,54965.165152,0.092968,1.773919,2.40e-6,13.976,6573,294.85920,43.75810
7970629,,0.47,1,54966.523747,0.021798,2.051069,3.00e-6,14.541,6040,295.40270,43.77480
7970760,,0.25,1,54957.456870,0.042263,7.649413,1.97e-5,13.398,6172,295.44440,43.71820
7971389,,0.03,1,54969.462453,0.021616,26.349614,1.16e-4,14.098,5791,295.63470,43.75020
7972785,184,0.25,1,54966.565917,0.047634,7.300733,1.87e-5,14.933,6134,296.04770,43.76210
7973882,,0.92,1,54964.606433,0.023683,0.346634,2.00e-7,15.208,5314,296.36040,43.71940
7973970,,-1.00,1,54997.201704,,9.479933,9.45e-4,14.487,5902,296.38200,43.74890
7975727,418,0.07,1,54983.378958,0.038808,22.418315,9.20e-5,14.479,5153,296.89940,43.70720
7975824,,0.75,1,55000.053919,0.006815,0.403750,3.00e-7,14.655,,296.92870,43.79190
7976783,,0.99,1,54954.260728,0.070904,1.208852,1.40e-6,11.990,7937,297.18060,43.76460
7977261,,0.91,1,54954.341041,0.054685,0.925812,9.00e-7,13.146,6146,297.29730,43.77710
7985167,,0.47,1,54954.200481,0.018249,1.384478,1.70e-6,12.958,5923,299.20010,43.79590
7987749,,0.06,1,54978.541993,0.027241,17.030854,6.29e-5,14.461,5349,299.82160,43.76030
8004839,,0.96,1,54964.956346,0.019230,0.343764,2.00e-7,15.129,5660,280.21840,43.89000
8005892,,0.00,1,55465.355657,0.034009,958.000000,,13.706,5059,280.97180,43.87560
8008128,,0.09,1,54969.559016,0.035405,14.854415,5.14e-5,14.558,5956,282.42580,43.88430
8009500,,0.02,1,54983.575135,0.032318,38.476639,2.02e-4,14.579,5142,283.20120,43.88900
8013439,2352,0.10,1,54970.927994,0.016775,8.256215,2.19e-5,10.421,,285.18280,43.83110
8016211,5460,0.53,1,54966.752677,0.047066,3.174886,3.13e-4,14.395,4933,286.69330,43.87000
8016214,,0.53,1,54966.725645,0.048694,3.174971,5.60e-6,14.364,5657,286.69580,43.86740
8019043,6048,0.34,1,54954.018799,0.016237,1.985586,2.80e-6,11.427,6396,288.08750,43.87610
8022489,2674,0.01,1,55105.403908,0.086785,197.511121,1.92e-3,13.349,5687,289.65130,43.82440
8023317,6049,0.13,1,54979.733478,0.052909,16.579002,5.99e-5,12.887,5625,289.97030,43.82050
8027591,,-1.00,1,54994.397704,,24.274432,1.03e-4,11.420,,291.36550,43.86800
8028158,,0.80,1,55110.129439,0.015036,0.271039,3.30e-6,15.930,5484,291.56850,43.80880
8029708,,0.75,1,55000.601078,0.017044,0.313557,3.70e-6,16.726,5226,292.15650,43.81860
8039225,,0.95,1,54955.658364,0.098552,1.794127,2.40e-6,13.191,6426,295.32080,43.87250
8043714,1765,0.12,1,55008.099269,0.021204,6.814989,1.75e-5,15.981,5280,296.66090,43.81640
8043961,,0.63,1,54954.555903,0.042481,1.559212,2.00e-6,10.736,6348,296.73120,43.84110
8044608,3523,0.01,1,55067.640223,0.063221,106.175938,8.40e-4,13.742,5788,296.90400,43.82390
8045121,,1.00,1,54953.761215,0.014854,0.263177,1.00e-7,11.971,6990,297.03980,43.87280
8052474,3640,0.00,1,54948.892103,0.089589,245.440000,2.79e-3,12.777,,298.78360,43.85480
8053107,,0.82,1,54964.719712,0.023184,0.388871,3.00e-7,13.659,6080,298.94710,43.88320
8054233,,0.03,1,54751.806288,0.968052,1058.000000,,11.783,4733,299.24360,43.81440
8059303,,0.86,1,54953.882602,0.022133,0.373426,2.00e-7,13.470,,300.48880,43.86790
8074045,,0.62,1,54964.970275,0.021078,0.536393,4.00e-7,13.639,6754,280.50260,43.97780
8074805,2670,0.01,1,54961.757716,0.125107,170.874379,1.58e-3,14.412,5848,281.05590,43.92370
8075618,5471,0.04,1,54970.923039,0.020011,17.561207,6.50e-5,15.674,5288,281.59790,43.97650
8081389,,0.56,1,54965.004201,0.031624,1.489440,1.90e-6,13.990,6639,284.62200,43.97200
8081482,1539,0.40,1,54966.868734,0.029289,2.819456,4.70e-6,14.569,5522,284.66400,43.98500
8087799,,0.73,1,54999.919751,0.084090,0.926298,3.50e-6,14.169,7869,288.06920,43.90510
8088354,,0.29,1,54965.604098,0.019907,2.897830,4.90e-6,13.648,6073,288.32920,43.96530
8094140,,0.50,1,54965.145978,0.010874,0.706429,6.00e-7,15.159,4200,290.55720,43.98740
8095099,6171,0.45,1,54965.867114,0.043221,4.206479,8.40e-6,14.169,5834,290.91060,43.92950
8095275,,-1.00,1,54919.890796,2.498918,23.007350,9.61e-5,13.606,4683,290.97080,43.97080
8097553,,0.74,1,54999.906547,0.020981,0.391236,3.00e-7,15.277,5408,291.77910,43.94720
8097825,,0.51,1,54954.882686,0.040658,2.936852,4.90e-6,13.283,5329,291.88190,43.97320
8097902,,0.75,1,54999.994061,0.017405,0.331564,5.00e-7,16.384,5569,291.90860,43.95750
8098300,,0.36,1,54956.737583,0.033795,4.305918,8.60e-6,12.817,6275,292.05870,43.92520
8098728,2008,0.35,1,55068.427936,0.286441,24.485000,1.03e-4,10.800,6404,292.22630,43.99530
8099615,,0.96,1,55007.678943,0.117140,1.900717,2.90e-6,14.809,4027,292.54490,43.92050
8104030,3269,0.02,1,54997.137848,0.025139,46.839940,2.59e-4,15.314,5700,294.06800,43.93690
8106973,,0.00,1,55055.710120,0.164559,439.108378,7.35e-3,15.862,5563,295.01910,43.95980
8108437,5478,0.00,1,55040.295744,0.069073,351.290000,3.81e-3,15.703,5682,295.49310,43.99350
8108785,,0.76,1,54964.640700,0.012704,0.228827,1.00e-7,14.757,4354,295.60330,43.92560
8111381,1550,0.36,1,54965.487904,0.019791,2.233795,3.40e-6,15.195,5520,296.36570,43.90560
8111387,,1.00,1,54954.300944,0.065301,1.273597,1.50e-6,13.185,6062,296.36720,43.95540
8111622,,0.07,1,54978.533359,0.028371,15.446059,5.45e-5,15.488,5603,296.43850,43.96600
8112013,,0.47,1,54955.194701,0.022895,1.790518,2.40e-6,12.450,6350,296.55600,43.96780
8112039,,-1.00,1,55019.864444,,41.808235,2.19e-4,8.380,,296.56470,43.94760
8112324,,0.59,1,54964.921809,0.014970,0.575925,5.00e-7,14.563,5257,296.64760,43.99500
8113154,1542,0.54,1,54953.878234,0.048469,2.586878,4.10e-6,12.897,6589,296.87760,43.94160
8122124,,1.00,1,54964.612833,0.014220,0.249278,1.00e-7,13.638,6250,299.01950,43.95760
8123430,,-1.00,1,55000.824704,,11.169990,3.40e-5,13.450,5775,299.33940,43.99960
8127648,3713,0.38,1,54999.496876,0.015118,2.046944,8.90e-6,17.506,,300.45880,43.93600
8128067,4314,0.15,1,54966.771323,0.024258,12.429647,4.14e-5,15.663,5304,300.56300,43.98010
8128965,,0.29,1,54971.006776,0.045880,7.140378,1.80e-5,13.232,5683,300.77310,43.96210
8129189,,0.09,1,54985.971403,0.122454,53.647081,3.13e-4,12.479,5080,300.83310,43.96230
8143170,,0.15,1,54970.113064,0.101593,28.785943,1.29e-4,12.850,4957,281.08950,44.05790
8143757,,0.78,1,54964.839296,0.020181,0.356523,2.00e-7,14.761,5847,281.48530,44.00970
8144355,,-1.00,1,55039.429868,,80.514104,6.38e-4,13.677,4880,281.87700,44.02990
8145477,,0.89,1,54965.076195,0.033773,0.565784,2.20e-6,14.793,6801,282.56660,44.05460
8145789,,0.42,1,54964.956491,0.016225,1.670629,2.20e-6,15.314,4829,282.75240,44.04870
8151107,,-1.00,1,55010.277304,,18.001308,6.73e-5,12.553,6524,285.58860,44.04770
8153568,6051,0.56,1,54999.289794,0.079468,3.607143,2.48e-4,15.076,6803,286.90440,44.00550
8155368,5481,0.57,1,54964.892030,0.015663,0.718644,6.00e-7,15.121,5525,287.80480,44.04920
8155584,,0.04,1,54990.299579,0.026521,26.017915,3.81e-3,15.032,6053,287.90550,44.01090
8164262,1810,-1.00,1,54969.411534,,87.457170,6.38e-4,13.360,7487,291.24680,44.00040
8166095,,0.78,1,55000.088895,0.049873,0.799127,1.44e-5,16.317,7362,291.92830,44.09600
8167938,6052,0.43,2,55002.144961,0.023662,2.565702,4.40e-6,10.846,11167,292.61750,44.00210
8167938,6052,0.18,2,55002.141385,0.010630,2.565718,4.40e-6,10.846,11167,292.61750,44.00210
8167978,6053,0.06,1,55006.605818,0.035626,22.052716,9.83e-5,15.440,5301,292.63340,44.00180
8176653,1016,0.13,1,54969.948836,0.005281,2.866678,4.80e-6,15.028,5056,295.47220,44.07740
8177798,3624,0.45,1,55095.503220,0.022858,2.900412,6.40e-6,13.910,7337,295.81690,44.00570
8177958,,0.81,1,54954.774861,0.070325,1.235256,1.40e-6,11.953,6681,295.85970,44.07130
8179747,5483,0.11,1,54969.948861,0.050428,17.946277,6.73e-5,14.933,5040,296.41700,44.04820
8180020,1741,0.24,1,55067.750206,0.037615,5.803126,1.69e-5,15.896,5327,296.49360,44.05230
8182360,,0.66,1,55000.391925,0.030064,0.695146,2.32e-5,15.321,6904,297.12590,44.02510
8183389,,0.02,1,54975.254681,0.027511,32.440340,1.59e-4,15.854,4939,297.37030,44.09880
8183540,,0.87,1,55000.676717,0.040235,0.684207,1.49e-4,14.265,6431,297.40910,44.03510
8183850,,0.98,1,54953.664427,0.022581,0.398359,3.00e-7,13.328,5796,297.47780,44.04950
8189196,,0.99,1,55006.353323,0.123749,2.304138,3.50e-6,12.321,6379,298.77870,44.06270
8190491,,0.95,1,54965.196015,0.044932,0.777877,7.00e-7,14.250,5972,299.08980,44.06710
8190613,,0.91,1,54964.800952,0.020846,0.332585,2.00e-7,15.126,5384,299.12170,44.03750
8192840,,0.95,1,54965.014895,0.023583,0.433549,3.00e-7,13.466,6136,299.70780,44.03880
8193315,,0.43,1,54967.004069,0.028483,2.623874,4.20e-6,13.700,6457,299.82970,44.04040
8195877,,0.48,1,54955.144432,0.016767,1.510200,1.90e-6,13.441,5821,300.56830,44.02960
8196180,,0.31,1,54954.075157,0.027104,3.671661,6.80e-6,12.814,7114,300.63580,44.05340
8197368,,-1.00,1,54995.741398,,9.087857,2.53e-5,12.703,6412,300.93480,44.09430
8197406,5486,0.96,1,55019.208811,0.139941,2.513006,3.90e-6,12.572,6736,300.94190,44.02370
8197761,6175,0.07,1,55011.448889,0.147568,19.738450,7.65e-5,10.656,7068,301.03880,44.07110
8210370,,-1.00,1,54963.676988,,153.700000,1.37e-3,11.167,4793,280.77210,44.18870
8210721,,0.08,1,54971.142082,0.048256,22.672816,9.40e-5,14.274,5412,281.01050,44.15380
8211605,3405,0.04,1,55001.675748,0.141374,20.979525,1.05e-4,15.486,4995,281.60600,44.18480
8211618,,0.74,1,55000.238288,0.018270,0.337444,4.50e-6,15.687,5556,281.61230,44.12630
8211824,3881,0.59,1,55000.480600,0.012559,0.841126,8.00e-7,16.055,4860,281.74460,44.16960
8218274,1064,0.58,1,54965.277730,0.029534,1.187353,1.30e-6,13.623,,285.06340,44.16790
8219268,2133,0.52,1,54969.380606,0.100183,6.246730,1.47e-5,12.495,4712,285.67290,44.11670
8222813,1069,0.12,1,55190.548069,0.024761,8.704212,3.03e-5,15.070,5221,287.59320,44.17940
8222945,,0.98,1,54964.704201,0.026492,0.451123,3.00e-7,14.778,5129,287.66580,44.11060
8223328,1767,0.01,1,54927.893449,0.016437,35.516279,1.76e-4,12.481,5497,287.85690,44.10280
8223655,5488,0.00,1,55119.942114,0.019425,280.157781,2.79e-3,15.884,5213,288.02620,44.11890
8229048,,0.20,1,54964.930001,0.022776,5.478953,1.23e-5,13.636,6253,290.29050,44.13420
8230809,6055,0.43,1,54973.317215,0.048737,4.078347,8.10e-6,14.936,5618,290.89170,44.16890
8230815,,0.93,1,54953.680087,0.020768,0.345219,2.00e-7,13.340,5640,290.89320,44.13130
8231231,,0.88,1,54954.089687,0.040066,0.711610,6.00e-7,12.303,6621,291.04070,44.11570
8231877,,0.26,1,54964.775873,0.014427,2.615528,4.20e-6,14.932,4956,291.26700,44.19730
8234477,,0.50,1,54966.956865,0.056355,4.028672,7.90e-6,13.775,6071,292.22940,44.16080
8240109,,0.56,1,54955.985319,0.034107,2.301188,3.50e-6,13.489,7740,294.22350,44.13570
8240861,,0.62,1,55000.000664,0.023287,0.898500,3.36e-5,15.282,6088,294.47130,44.12340
8241079,3020,0.19,1,55000.009202,0.299059,10.919117,3.29e-5,13.534,5946,294.54040,44.19100
8241252,,0.78,1,54964.647940,0.019898,0.354044,2.00e-7,14.876,5932,294.59260,44.19310
8242350,5493,-1.00,1,54958.005866,,6.993556,1.73e-5,12.594,6334,294.93460,44.12980
8242493,,0.75,1,54964.621844,0.015407,0.283286,2.00e-7,14.697,4985,294.97130,44.18300
8242681,1065,0.30,1,54966.637566,0.029408,4.020629,7.90e-6,15.472,5961,295.03930,44.19110
8243263,,0.31,1,54966.833553,0.020618,3.518553,6.50e-6,12.984,6415,295.22530,44.11270
8244173,3545,0.38,1,55185.699534,0.017896,2.184132,4.10e-6,15.896,4390,295.50610,44.11050
8245326,,0.94,1,55001.985218,0.019559,0.330767,3.00e-7,15.052,5545,295.87670,44.16630
8246781,1067,0.00,1,54921.150099,0.030250,185.023000,1.92e-3,14.685,5955,296.30940,44.16570
8248812,,0.66,1,54964.767313,0.026056,0.685366,6.00e-7,13.417,7018,296.90620,44.16750
8257407,1063,0.00,1,55009.305099,0.034165,89.698158,6.38e-4,13.624,5964,299.02090,44.17280
8257903,,0.77,1,54965.057663,0.027328,0.515065,4.00e-7,13.521,5930,299.14950,44.11830
8262223,,0.53,1,54955.070513,0.025804,1.613015,2.10e-6,12.146,7596,300.33240,44.14410
8263746,3581,0.16,1,55004.767535,0.030180,10.993836,7.23e-5,16.751,4697,300.78190,44.19410
8263752,3338,0.13,1,54993.794500,0.174605,10.993802,3.32e-5,13.427,6320,300.78390,44.19260
8263940,,0.92,1,54965.133991,0.027001,0.515495,4.00e-7,13.458,7639,300.83240,44.17630
8264097,3655,0.31,1,54999.797834,0.021835,2.897470,1.46e-5,17.687,,300.87230,44.14430
8264510,,-1.00,1,55003.229908,,5.686759,1.29e-5,10.609,7478,300.96860,44.19200
8264534,,0.93,1,54954.872800,0.080378,1.415798,1.70e-6,12.670,8514,300.97570,44.11280
8265951,,0.81,1,54954.244147,0.044037,0.779957,7.00e-7,12.734,7044,301.34870,44.18790
8279765,1130,0.27,1,54965.474177,0.018503,2.757794,4.60e-6,15.235,5464,282.60340,44.28700
8280135,,0.97,1,54964.797973,0.016203,0.286885,2.00e-7,15.653,5317,282.81400,44.20910
8285254,,0.28,1,54970.780437,0.051018,7.535896,1.95e-5,15.398,4888,285.56530,44.29530
8285349,,0.90,1,54953.778822,0.034518,0.667110,6.00e-7,12.239,6088,285.61620,44.21570
8285970,,0.84,1,54964.764619,0.008990,0.562488,5.00e-7,14.792,5398,285.95870,44.25470
8288404,5498,0.00,1,55295.598161,0.092905,519.798906,7.35e-3,12.651,6045,287.21170,44.28320
8288719,,0.41,1,54954.623216,0.013826,1.510097,1.90e-6,13.276,5090,287.35970,44.29500
8288741,4888,0.64,1,55000.119225,0.006874,0.219766,1.00e-7,14.499,5557,287.36790,44.27320
8294484,,0.58,1,54999.839320,0.025256,1.012739,5.37e-5,14.713,6253,289.94030,44.22570
8296467,,0.16,1,54970.167546,0.034912,10.303356,3.06e-5,15.177,5316,290.59260,44.20660
8298344,,0.93,1,54964.796026,0.014840,0.302875,2.00e-7,15.354,5023,291.28590,44.21590
8299947,3631,0.25,1,54999.438436,0.026407,5.365600,3.55e-5,17.743,,291.88660,44.22460
8301013,,0.38,1,54957.310989,0.032964,4.428059,8.90e-6,13.300,6479,292.29670,44.28060
8302455,,0.29,1,54957.805712,0.024656,4.883976,1.03e-5,11.535,5797,292.86270,44.22110
8308347,3761,0.15,1,54948.054557,0.638154,164.949863,1.92e-3,15.473,4826,294.89750,44.21580
8309175,,0.93,1,54964.748570,0.016805,0.299591,2.00e-7,15.280,5473,295.15610,44.23530
8311255,,0.69,1,54964.763804,0.030288,0.579116,5.00e-7,13.666,,295.81780,44.20610
8312222,,0.14,1,54969.176413,0.032807,12.823276,4.19e-5,15.626,5726,296.11740,44.23280
8314801,,0.09,1,54981.962780,0.086454,37.183278,1.88e-4,13.840,5449,296.87320,44.24130
8314879,,0.62,1,54999.845981,0.027821,0.877760,8.00e-6,15.615,8904,296.89030,44.27920
8316503,,0.25,1,54967.981150,0.030459,5.065330,1.10e-5,13.955,6103,297.29780,44.28170
8322564,,-1.00,1,55005.671918,,22.258846,9.00e-5,12.421,5355,298.76030,44.26620
8323764,3767,0.16,1,55000.884655,0.024167,6.714245,4.92e-5,17.376,4961,299.08060,44.29500
8328376,,-1.00,1,55000.221037,,4.345967,8.70e-6,11.936,6369,300.38230,44.28010
8330092,,0.80,1,54964.942348,0.019562,0.321724,2.00e-7,13.484,6902,300.89550,44.24720
8330575,,0.51,1,54964.773530,0.024261,1.914158,2.70e-6,13.484,6071,301.02090,44.23220
8332986,1137,0.00,1,54839.791671,0.019903,302.390000,3.81e-3,14.041,5181,301.70920,44.28180
8345358,,0.12,1,54965.557875,0.027250,9.380633,2.67e-5,15.435,5656,282.11640,44.37350
8356054,3424,0.07,1,55282.974394,0.021724,17.081231,7.95e-5,15.863,5231,287.97260,44.33360
8358008,,0.10,1,54968.250259,0.023362,10.064689,2.94e-5,14.674,5020,288.96640,44.35690
8360184,,0.81,1,54964.847229,0.029047,0.484545,4.00e-7,15.473,5486,289.86700,44.39270
8364119,,0.14,1,54955.515059,0.030301,7.735910,2.00e-5,12.408,5443,291.27380,44.37120
8364969,5508,0.03,1,54978.033983,0.025223,22.571957,9.40e-5,15.450,5431,291.59740,44.39850
8365739,3722,0.49,1,54976.979013,0.028860,2.389292,3.70e-6,15.366,5402,291.88750,44.34560
8367007,,0.81,1,54964.933977,0.014635,0.251616,1.00e-7,13.532,6239,292.38260,44.36120
8374499,,0.28,1,54969.740178,0.034529,5.251918,1.16e-5,14.912,5871,295.00050,44.32100
8374580,615,0.00,1,55025.503620,0.032003,176.242786,1.58e-3,14.468,5519,295.02560,44.33020
8378656,,0.43,1,54967.700484,0.041135,3.629440,6.80e-6,12.789,6028,296.29740,44.33300
8378922,,0.06,1,54983.377293,0.060733,43.263306,2.38e-4,14.977,5438,296.37170,44.38350
8379547,,0.34,1,54959.161582,0.047590,6.042039,1.40e-5,13.373,4861,296.55760,44.31020
8380743,5510,0.57,1,55000.734331,0.038723,2.037720,1.08e-4,14.039,5967,296.90300,44.35120
8381592,,0.17,1,55006.693969,0.020482,5.784180,1.38e-5,15.599,5424,297.11050,44.39990
8382182,,0.93,1,54965.480967,0.061939,1.258714,1.50e-6,8.183,9207,297.25510,44.37670
8386048,,0.71,1,55000.207690,0.043326,0.817422,2.40e-6,16.646,5863,298.21630,44.32370
8386198,,0.95,1,54956.561538,0.145918,2.581109,4.10e-6,13.121,6050,298.25510,44.31040
8386865,,0.99,1,54953.926763,0.066955,1.258041,1.40e-6,12.019,8510,298.42250,44.32780
8386982,,-1.00,1,54980.276256,,72.259590,4.71e-4,9.768,7999,298.45510,44.31340
8394040,,0.79,1,54964.878453,0.018159,0.302127,2.00e-7,14.457,5697,300.29580,44.34940
8397460,,0.84,1,54954.900654,0.089928,1.418957,1.70e-6,10.204,7338,301.40530,44.32680
8397675,1140,0.51,1,54953.720983,0.006886,0.553259,4.00e-7,13.501,5462,301.47580,44.31980
8409588,690,0.32,1,54953.717638,0.010655,1.360837,1.60e-6,13.591,5629,281.50340,44.40950
8410637,,0.03,1,54990.600000,0.485902,408.320000,5.05e-3,10.771,4682,282.15870,44.48610
8411947,,0.47,1,54966.032880,0.020634,1.797675,2.50e-6,15.300,5086,282.88740,44.43910
8414159,,0.12,1,54975.852889,0.034319,11.931133,3.76e-5,14.378,5802,284.12370,44.44040
8414914,5513,0.02,1,55009.771842,0.060687,100.302500,2.28e-3,17.908,5798,284.52090,44.45510
8415863,,0.03,1,54980.240265,0.025433,27.533799,1.23e-4,12.921,,285.05150,44.48510
8428136,,0.85,1,55000.010912,0.028351,0.468144,6.60e-6,16.179,6587,290.84490,44.47550
8429415,2965,0.58,1,55000.190868,0.181215,1.352575,1.60e-6,12.709,6230,291.30750,44.45760
8429450,,0.47,1,54954.217684,0.032712,2.705143,4.40e-6,13.106,,291.31590,44.46280
8429817,5515,0.04,1,54967.897014,0.008478,6.263495,1.49e-5,13.952,5971,291.45230,44.43180
8430105,3873,0.23,1,54976.635546,0.387733,63.327106,3.90e-4,10.420,4965,291.55860,44.48820
8430210,,0.93,1,54966.008067,0.099920,1.975459,2.80e-6,12.446,8636,291.60490,44.48930
8431389,,0.84,1,54964.949522,0.022335,0.351093,2.00e-7,14.592,5654,292.05100,44.47380
8432040,,0.97,1,55095.498914,0.309721,5.327758,1.17e-5,11.946,6208,292.30790,44.48020
8432859,,0.91,1,55000.451536,0.021049,0.351170,4.40e-6,17.045,6352,292.64030,44.43970
8435232,3833,0.41,1,55010.005261,0.523741,49.568282,2.84e-4,13.534,,293.53410,44.47710
8435247,1131,0.57,1,55288.002380,0.011429,0.696130,8.00e-7,15.464,5046,293.53900,44.49490
8443179,,0.00,1,55244.668253,0.013844,574.729576,7.35e-3,14.702,5415,296.17680,44.41310
8444552,1769,0.50,1,54964.589475,0.014623,1.178100,1.30e-6,13.643,5388,296.60670,44.47290
8445775,,0.04,1,54982.621176,0.027782,26.508271,1.16e-4,13.876,5957,296.95320,44.46420
8452840,,0.84,1,54954.148064,0.062332,1.201160,1.40e-6,12.594,6473,298.71250,44.48450
8453191,,0.22,1,54976.094839,0.043360,11.553531,3.59e-5,13.356,6044,298.79750,44.41800
8453324,,0.41,1,54958.728589,0.020981,2.524544,4.00e-6,11.516,4733,298.82860,44.48910
8454250,1254,0.39,1,54954.991970,0.049954,5.082870,1.09e-5,12.777,,299.07390,44.43170
8455359,,0.79,1,55002.026589,0.188765,2.963678,1.82e-4,14.213,6645,299.36180,44.41120
8456774,,-1.00,1,54998.605241,,2.886340,4.80e-6,13.225,6757,299.72660,44.40910
8456998,,-1.00,1,54961.709393,,7.531511,1.92e-5,13.266,,299.77840,44.46110
8458207,6057,0.36,1,54967.774915,0.030907,3.530162,6.50e-6,13.924,5937,300.09160,44.41480
8459354,3863,-1.00,1,54963.399820,,53.557318,7.65e-4,11.142,7433,300.40680,44.41420
8460600,1730,0.16,1,54967.206457,0.028574,6.352087,1.53e-5,14.933,4947,300.77480,44.48780
8474892,5520,0.00,1,55073.861211,0.045497,199.440000,5.05e-3,14.372,,281.76310,44.57720
8479107,,0.53,1,54964.817985,0.012651,0.767577,7.00e-7,14.952,5046,284.12560,44.55060
8479386,,0.28,1,54973.703543,0.063900,11.720756,3.67e-5,13.955,5979,284.27850,44.59400
8480642,5521,0.01,1,54995.499925,0.017377,31.591222,1.49e-4,13.687,5006,285.00040,44.54500
8481574,,0.95,1,54964.728369,0.015157,0.326865,2.00e-7,13.939,5722,285.56830,44.57260
8488876,,0.18,1,54958.377657,0.027907,5.801881,1.32e-5,12.368,6957,289.40520,44.51550
8491745,3555,0.06,1,55059.647590,0.170204,111.319929,8.40e-4,12.439,4839,290.51160,44.55600
8494410,3685,0.00,1,54897.818947,0.028724,208.867689,2.28e-3,14.461,5669,291.49460,44.52350
8495415,2362,0.27,1,54966.667498,0.021546,2.237218,4.30e-6,15.938,4897,291.88130,44.55570
8496820,,0.85,1,54953.982720,0.025897,0.436967,3.00e-7,12.558,6310,292.47300,44.58850
8504570,,0.35,1,54955.777160,0.034006,4.007705,7.80e-6,13.251,6874,295.23690,44.50770
8506766,138,0.03,1,55071.647139,0.044682,48.937411,2.84e-4,13.960,6772,295.94090,44.57840
8507073,5527,0.00,1,55133.827558,0.060347,209.063001,2.28e-3,14.174,5853,296.03470,44.56220
8508485,,-1.00,1,55005.644464,,12.595796,4.04e-5,13.181,6516,296.44740,44.55860
8509346,,0.20,1,54968.521635,0.030803,6.099033,1.44e-5,13.745,6090,296.71410,44.57720
8509781,5529,0.01,1,54961.610592,0.029638,70.335881,4.71e-4,11.701,5801,296.83000,44.54920
8523194,,0.94,1,54954.223740,0.049353,0.878533,9.00e-7,11.952,7314,300.31800,44.53510
8539720,,0.85,1,54953.983567,0.044129,0.744499,7.00e-7,12.925,6351,281.98840,44.63650
8539850,,0.91,1,54964.745399,0.040831,0.642104,5.00e-7,13.924,7238,282.07350,44.68690
8543278,,0.09,1,54968.010552,0.016010,7.549300,1.95e-5,14.608,4950,283.94860,44.66950
8545456,,0.77,1,54953.665175,0.017205,0.315204,2.00e-7,11.724,7855,285.09470,44.66630
8548416,,0.84,1,54954.934698,0.066683,1.163648,1.30e-6,13.340,,286.78860,44.61960
8552540,,0.57,1,54954.105667,0.021830,1.061934,1.10e-6,10.292,5749,288.89040,44.61700
8552719,1792,0.04,1,55009.270241,0.106505,88.407466,6.38e-4,12.160,5114,288.97170,44.62450
8553788,,0.54,1,54954.997634,0.029599,1.606163,2.10e-6,12.691,8045,289.42880,44.64140
8553907,,0.04,1,54957.882820,0.046309,42.032213,2.28e-4,12.694,6425,289.47920,44.63140
8554005,,0.76,1,54954.006655,0.032740,0.608341,5.00e-7,12.710,7304,289.52260,44.68760
8554498,5,0.12,1,54999.437661,0.015119,4.780321,1.00e-5,11.665,5766,289.73970,44.64740
8555573,,0.96,1,54964.830102,0.017713,0.326362,2.00e-7,14.534,5564,290.15690,44.63240
8555795,,0.63,1,55000.099196,0.008403,0.234523,1.00e-7,15.919,5002,290.23810,44.64840
8559589,3697,0.00,1,54973.946057,0.057759,223.113048,2.28e-3,14.380,5945,291.63470,44.64760
8559863,,0.08,1,54976.284087,0.045994,22.470496,9.20e-5,12.723,5154,291.73090,44.62260
8560285,1249,0.02,1,55304.569760,0.068030,85.340879,7.65e-4,15.252,5745,291.90240,44.68370
8560840,1263,0.18,1,54966.854549,0.072630,31.973841,1.54e-4,15.527,4773,292.13440,44.65620
8560861,,0.12,1,54966.867732,0.083040,31.973233,1.54e-4,8.500,7647,292.13940,44.67270
8561192,5544,0.56,1,55001.352936,0.058515,2.742593,8.45e-5,16.267,6852,292.27150,44.69730
8563964,,1.00,1,54953.843362,0.017911,0.338436,2.00e-7,12.942,,293.40610,44.62210
8564672,,0.53,1,55063.217627,0.006290,0.434791,3.00e-7,14.035,5507,293.67580,44.62100
8565912,,0.59,1,55000.334268,0.028015,1.012174,3.99e-5,14.712,6771,294.10940,44.69110
8569819,,0.17,1,54970.557967,0.090289,20.849922,8.28e-5,13.040,7137,295.47580,44.62150
8572936,,0.04,1,54979.723069,0.031301,27.795808,1.26e-4,14.875,5706,296.43580,44.64160
8574270,,0.06,1,54972.696614,0.022466,15.120190,5.29e-5,15.166,5061,296.82110,44.67600
8579707,,0.95,1,54953.851710,0.042675,0.788592,7.00e-7,11.544,6244,298.20650,44.66460
8579812,,0.68,1,55000.069192,0.032432,0.661062,2.17e-5,14.823,6521,298.22880,44.64220
8580438,6058,0.23,1,54968.467897,0.036805,6.496033,1.58e-5,14.502,5307,298.38270,44.61560
8581658,,0.36,1,54956.737784,0.029054,3.481657,6.30e-6,13.396,5970,298.68330,44.63680
8587078,,0.88,1,55000.262147,0.034196,0.584147,1.81e-5,14.012,6043,300.08640,44.61820
8587792,,0.77,1,54953.660533,0.020581,0.368169,2.00e-7,11.817,5731,300.28270,44.67030
8589754,3518,0.26,1,55001.777970,0.036928,8.939381,5.37e-5,14.002,6233,300.79000,44.65340
8590527,,0.53,1,54953.870653,0.012817,0.739770,7.00e-7,11.634,6216,301.04820,44.60300
8590780,6183,0.19,1,54960.864402,0.032849,8.653893,2.36e-5,13.253,5972,301.16920,44.64600
8604993,,0.18,1,54967.018723,0.028112,6.570421,1.60e-5,15.299,5576,282.24000,44.73110
8605074,915,0.06,1,54990.121597,0.060705,37.601622,2.02e-4,15.505,5876,282.30600,44.71470
8608310,,0.65,1,54964.955191,0.028327,0.950382,1.00e-6,14.271,6257,284.06710,44.74870
8608490,,0.51,1,54965.473637,0.016314,1.082810,1.20e-6,14.771,4897,284.16720,44.77940
8610483,,0.05,1,54993.195479,0.052435,48.799368,2.84e-4,15.050,5924,285.28400,44.76920
8616873,1251,0.54,1,54964.802731,0.011232,0.576079,5.00e-7,15.237,5486,288.70090,44.70770
8618226,,0.22,1,54970.650002,0.031957,5.882036,1.36e-5,13.781,5796,289.33150,44.77260
8620561,3753,0.53,1,55002.205025,0.011361,0.782047,1.60e-6,16.784,4596,290.26720,44.71140
8621026,,0.35,1,54954.009536,0.033830,4.059429,7.90e-6,13.374,6375,290.42840,44.78730
8621353,3682,0.13,1,55005.848346,0.036386,11.344351,1.03e-4,17.953,,290.53480,44.77430
8624520,1816,0.02,1,55005.631953,0.008767,10.240594,3.03e-5,15.408,5083,291.68330,44.75160
8624778,,0.81,1,55000.117411,0.015918,0.276262,3.10e-6,17.710,6001,291.76750,44.72130
8625469,,0.78,1,55000.520801,0.017512,0.302246,3.50e-6,17.658,5298,292.04420,44.72790
8625821,1859,0.02,1,55060.713904,0.029263,45.396143,2.48e-4,15.024,5463,292.17710,44.78660
8626039,,0.85,1,55000.051783,0.046170,0.282891,3.20e-6,16.821,,292.27680,44.71920
8631160,1271,0.02,1,54949.991935,0.224126,161.965015,1.37e-3,13.632,6374,294.26550,44.79430
8647309,,0.65,1,55000.112942,0.137617,1.022037,2.30e-6,16.633,,298.84390,44.74890
8652599,,0.93,1,54955.141476,0.073740,1.360993,1.60e-6,13.435,,300.29870,44.75740
8654097,,0.94,1,55003.400402,0.169844,3.041590,5.20e-6,11.252,6360,300.68270,44.78870
8668810,3538,0.01,1,54944.866047,0.403899,313.100000,3.81e-3,15.638,4932,281.71790,44.87400
8669092,68,0.50,1,54954.288860,0.009359,1.000831,1.00e-6,12.733,6028,281.89310,44.82750
8677949,,0.93,1,55001.951829,0.016588,0.284951,2.00e-7,15.898,4819,286.80680,44.82980
8678664,1782,0.03,1,55012.776741,0.015965,15.420400,5.62e-5,15.596,5276,287.21060,44.84910
8682849,,0.88,1,55003.039756,0.021804,0.352555,2.00e-7,15.724,5713,289.34840,44.84700
8685306,,0.85,1,54954.092069,0.048212,0.808082,8.00e-7,11.795,6971,290.34640,44.81750
8686150,919,0.09,1,55006.536005,0.126713,51.425890,2.98e-4,15.631,5953,290.63900,44.80680
8687088,2749,0.51,1,54965.215702,0.032704,0.905031,9.00e-7,11.075,,291.00290,44.89950
8688110,,-1.00,1,54965.199728,,374.546000,5.05e-3,15.820,4892,291.39250,44.89520
8690001,,0.14,1,54986.633046,0.076133,19.359272,2.28e-3,14.257,5938,292.10840,44.84650
8690104,,0.77,1,54964.833394,0.021733,0.408774,3.00e-7,14.871,5868,292.15780,44.87340
8694926,,0.80,1,55000.015425,0.019763,0.371486,3.00e-7,15.619,5583,294.03640,44.82960
8695779,6061,0.10,1,55006.674439,0.022841,10.238939,3.15e-5,13.897,,294.33350,44.87090
8696274,,0.95,1,54964.693053,0.023042,0.391487,3.00e-7,14.099,,294.49290,44.83220
8696327,,0.75,1,55000.020604,0.052947,0.879229,3.25e-5,14.588,6720,294.51130,44.80670
8696442,,-1.00,1,54996.162544,,12.360553,3.94e-5,12.805,,294.55350,44.85030
8700506,,0.04,1,55005.598901,0.045563,43.797795,2.38e-4,13.478,6608,295.93080,44.83850
8700558,320,0.17,1,55006.496825,0.070772,4.791815,1.01e-5,12.174,6234,295.94780,44.82780
8701327,,0.24,1,54954.075179,0.039604,8.508841,2.30e-5,13.438,,296.17840,44.87030
8702921,6187,-1.00,1,54970.214339,,19.384383,7.51e-5,11.980,4824,296.66500,44.85310
8703129,2758,0.02,1,55068.742867,0.188719,253.362327,2.79e-3,11.893,5003,296.72360,44.85310
8703528,,0.75,1,54953.967981,0.020715,0.399875,3.00e-7,13.034,5285,296.82850,44.80210
8703887,287,0.09,1,55008.607704,,14.170980,4.79e-5,11.054,,296.93500,44.85030
8707639,,-1.00,1,55098.728570,,7.785196,2.03e-5,12.714,,297.88770,44.86830
8711548,,0.07,1,54982.814672,0.265347,18.778161,7.23e-5,13.944,6529,298.87220,44.87440
8715667,,0.85,1,54964.914772,0.025712,0.405708,3.00e-7,13.410,5527,300.02730,44.81810
8719324,3716,-1.00,1,55003.805236,,10.232698,3.00e-5,11.614,,301.11430,44.82580
8719419,3506,0.07,1,54998.307222,0.021359,12.625336,4.04e-5,12.933,6642,301.14600,44.86970
8719897,,0.50,1,54955.237444,0.040810,3.151425,5.50e-6,12.392,4905,301.30870,44.80700
8733497,3527,0.01,1,55021.124800,0.030652,76.819898,5.44e-4,14.063,5462,282.00090,44.96080
8736072,,0.86,1,54999.909231,0.026364,0.477632,1.36e-5,14.875,7830,283.35060,44.91000
8736245,,0.29,1,54969.011910,0.032065,5.069482,1.10e-5,13.798,5594,283.43410,44.98970
8738115,,0.06,1,55039.172335,0.055584,37.594266,2.02e-4,15.632,5671,284.44830,44.96340
8739802,,0.93,1,55001.999865,0.014498,0.274513,2.00e-7,14.882,5002,285.38920,44.98360
8742270,5567,0.00,1,55207.577698,0.038598,397.395497,5.05e-3,14.857,5531,286.79260,44.96840
8746310,,0.12,1,54969.021701,0.019456,6.855624,1.70e-5,14.767,5848,288.88600,44.96000
8758161,,0.58,1,54953.832607,0.024275,0.998218,1.00e-6,12.457,6729,293.62050,44.96730
8758716,,1.00,1,54953.672989,0.006197,0.107205,,13.531,,293.85190,44.94940
8760135,3524,0.01,1,55047.852662,0.089859,184.653553,1.92e-3,15.603,5494,294.37130,44.92480
8773948,,0.11,1,54987.007072,0.078757,33.469524,1.64e-4,13.714,5684,298.44240,44.91090
8780968,3653,0.47,1,55004.660489,0.057500,5.234487,2.49e-5,16.304,5307,300.33560,44.98630
8784288,,0.34,1,54965.264718,0.027385,3.655118,6.90e-6,13.661,5712,301.30350,44.99970
8800998,,0.86,1,54965.514052,0.278764,0.882815,9.00e-7,13.721,8616,283.27490,45.08390
8801343,1247,0.46,1,54953.850472,0.031415,2.739874,4.50e-6,11.743,6291,283.46990,45.05250
8803882,2659,-1.00,1,55093.215663,,89.630216,6.38e-4,12.998,5018,284.79690,45.09910
8804824,,0.87,1,54964.699845,0.027591,0.457404,1.60e-6,14.722,7202,285.37610,45.00970
8816790,,0.79,1,55001.999460,0.014076,0.245856,1.00e-7,13.693,6226,291.03360,45.02560
8822555,,0.80,1,55000.236074,0.054081,0.852842,3.12e-5,14.408,6375,293.29310,45.04200
8823397,,0.55,1,54953.939250,0.029022,1.506504,1.90e-6,13.249,8540,293.60990,45.01860
8823666,,0.79,1,54953.890383,0.025514,0.432451,3.00e-7,12.638,5959,293.70900,45.01060
8823868,81,0.16,1,54988.008633,0.088534,23.876136,1.01e-4,11.409,9751,293.78570,45.01850
8838070,,-1.00,1,55004.084670,,43.362724,2.38e-4,13.936,6226,298.19110,45.09360
8841616,,0.59,1,54954.481133,0.045695,1.679585,2.20e-6,12.833,,299.16170,45.05190
8842170,,0.90,1,54999.989323,0.020904,0.349392,2.10e-6,14.876,5589,299.31050,45.06360
8845026,44,0.09,1,54993.475175,0.163808,66.467539,4.41e-4,13.483,,300.15190,45.08960
8845221,,0.39,1,54966.744423,0.046141,5.403462,1.20e-5,13.615,6082,300.20990,45.00310
8846978,,0.77,1,54954.873660,0.088038,1.379060,1.70e-6,13.371,5191,300.68060,45.00220
8848104,,0.50,1,54964.625931,0.012751,0.824852,8.00e-7,12.372,5447,300.99490,45.07890
8848271,1256,0.12,1,54970.443168,0.025322,9.991665,2.91e-5,14.039,5627,301.04240,45.02290
8848288,3886,0.52,1,55038.387164,0.085548,5.566475,1.24e-5,9.837,4624,301.04730,45.08760
8868364,3541,0.00,1,55095.209856,0.058024,421.428343,5.05e-3,13.769,,284.25720,45.11870
8868649,3927,0.62,1,55731.793035,0.625627,4.447441,9.10e-6,14.016,5268,284.39660,45.13600
8868650,,0.62,1,54957.950912,0.140005,4.447382,9.00e-6,11.939,4991,284.39760,45.12890
8868907,3539,0.02,1,55213.215104,0.125954,157.324494,1.37e-3,15.291,5852,284.51370,45.12030
8869680,696,0.35,1,55007.145318,0.058853,7.033951,1.76e-5,13.357,5810,284.88040,45.13460
8872737,,0.96,1,54964.789667,0.026985,0.459099,3.00e-7,15.748,5338,286.41040,45.10650
8878681,,0.33,1,54955.218659,0.017658,2.496333,3.90e-6,11.211,6504,289.23160,45.16430
8878719,,0.96,1,54964.675651,0.018233,0.364635,2.00e-7,13.849,5991,289.24720,45.19580
8879427,,0.07,1,54969.853160,0.028757,16.313285,5.89e-5,14.524,5715,289.53670,45.10510
8879915,,0.32,1,54965.531246,0.023334,3.442627,6.30e-6,15.187,5698,289.74520,45.18720
8891278,698,0.04,1,54993.273576,0.016686,12.718709,4.30e-5,13.816,,293.91360,45.18980
8892720,3336,0.03,1,55242.597466,0.065375,61.491143,5.44e-4,15.523,5588,294.35660,45.19500
8892722,,0.89,1,55002.034029,0.095779,1.794378,2.40e-6,12.625,,294.35670,45.12390
8892910,132,0.11,1,54966.031133,0.161469,10.810134,3.25e-5,13.794,5943,294.41250,45.13090
8893936,,0.69,1,54968.941174,0.124417,4.244481,8.50e-6,13.973,4697,294.74710,45.13820
8894630,,0.95,1,54954.049453,0.060528,1.084001,1.20e-6,11.544,7117,294.99020,45.12720
8904448,,0.74,1,54965.055247,0.052993,0.865983,8.00e-7,13.879,7820,297.88150,45.12640
8906039,,0.71,1,54954.933889,0.084787,2.347479,3.60e-6,12.624,5620,298.28230,45.13010
8906676,,0.95,1,54958.852921,0.025759,8.209514,2.17e-5,12.121,,298.44860,45.10420
8908102,699,-1.00,1,54969.704621,,5.414582,1.21e-5,13.633,5757,298.83600,45.11650
8912308,,-1.00,1,55005.755725,,20.174443,7.95e-5,11.432,4872,300.06840,45.10160
8912468,,0.98,1,54953.576945,0.005326,0.094838,,11.751,6194,300.11560,45.16790
8912911,,0.86,1,55004.180169,0.850802,3.463560,6.30e-6,13.148,7542,300.24810,45.10930
8913061,,0.76,1,54954.108073,0.059151,1.019971,1.10e-6,12.551,5414,300.29230,45.15130
8934111,,0.92,1,54964.592316,0.022526,0.364518,2.00e-7,15.202,5644,283.34940,45.29740
8935352,5584,0.39,1,55001.193612,0.105097,10.908800,2.84e-4,14.096,5091,283.98360,45.28480
8937019,3754,0.05,1,55000.865062,0.010953,5.663652,3.85e-5,17.930,,284.79050,45.23010
8938628,,0.14,1,54966.603088,0.018955,6.862216,1.70e-5,13.681,5602,285.66260,45.21770
8939650,5587,0.37,1,54965.820660,0.025180,3.655321,6.90e-6,14.268,6142,286.12520,45.27690
8940961,,0.36,1,54966.960335,0.027274,3.166670,5.60e-6,14.932,5590,286.78950,45.27140
8948424,322,0.16,1,54965.360370,0.024451,5.888840,1.37e-5,12.970,,290.20990,45.25190
8949316,3849,0.51,1,54964.687795,0.007884,0.604357,2.88e-5,16.182,3701,290.51900,45.23540
8953059,6062,0.30,1,54969.868726,0.040319,5.499940,1.24e-5,15.480,6217,291.84220,45.23930
8953257,1383,0.30,1,54965.919288,0.022012,3.221785,5.70e-6,14.601,6001,291.92060,45.24700
8953296,,0.60,1,54965.226457,0.025532,0.784295,7.00e-7,13.901,6346,291.93870,45.22220
8953426,,0.40,1,54953.954513,0.046010,5.331751,1.17e-5,12.156,5987,291.99100,45.23410
8956957,,0.97,1,54964.745506,0.018852,0.324382,2.00e-7,13.978,6307,293.33370,45.28290
8957887,,0.77,1,54964.883007,0.020555,0.347355,2.00e-7,15.430,5367,293.66070,45.25420
8957954,6189,0.36,1,54967.308458,0.029195,4.359850,8.90e-6,13.960,5845,293.68590,45.23860
8958670,,0.92,1,54954.249347,0.138963,2.425317,3.70e-6,12.780,7302,293.92330,45.24940
8971432,1384,0.56,1,54964.794790,0.012574,0.624387,5.00e-7,15.487,5057,297.57350,45.23330
8972908,,0.99,1,55092.589740,0.250102,4.200125,8.30e-6,12.580,6207,297.87370,45.24540
8973000,,0.14,1,54991.347496,0.104077,28.027873,1.26e-4,14.594,5294,297.89440,45.21120
8977179,,0.97,1,54966.109504,0.121930,3.196242,5.70e-6,14.769,4807,298.87930,45.24140
8977390,,0.86,1,54954.156954,0.039055,0.653261,6.00e-7,13.105,6427,298.93430,45.29770
8982501,,0.85,1,55000.141012,0.025628,0.414491,3.00e-7,14.458,5476,300.34650,45.27230
8982514,,0.84,1,54953.928468,0.025499,0.414491,3.00e-7,13.226,5635,300.35350,45.27360
8984706,6190,0.13,1,54965.323083,0.034616,10.135400,3.00e-5,13.920,5642,300.93590,45.20570
9001468,,0.12,1,54975.726452,0.050602,17.329966,6.39e-5,15.200,4949,282.76160,45.39850
9002076,,0.85,1,54953.989731,0.028952,0.481405,4.00e-7,12.256,6434,283.08700,45.39040
9002237,1389,0.15,1,54967.799459,0.017254,4.350088,8.80e-6,14.855,5772,283.18910,45.36420
9004380,,0.97,1,54964.600010,0.013059,0.250333,1.00e-7,14.238,6070,284.27390,45.35930
9005043,,0.72,1,55002.139462,0.016323,0.320238,3.00e-7,15.779,5141,284.63220,45.33170
9005854,,0.27,1,54968.458209,0.024533,3.780454,7.20e-6,15.569,5190,285.03130,45.38050
9007918,,0.52,1,54954.746682,0.023254,1.387207,1.70e-6,11.658,6939,286.00840,45.35600
9016295,925,0.05,1,54984.654842,0.027160,19.974483,7.80e-5,15.217,5819,289.72750,45.36770
9016693,,-1.00,1,55002.583038,,26.368027,1.16e-4,11.635,7020,289.88390,45.30410
9020289,,0.94,1,54964.859201,0.022983,0.384028,3.00e-7,14.741,5997,291.22540,45.32560
9020426,,0.59,1,54965.445795,0.019065,0.913393,9.00e-7,14.550,5732,291.27930,45.30680
9021397,,0.80,1,54964.808064,0.048589,0.426211,3.00e-7,14.970,5301,291.62500,45.36290
9024857,,0.01,1,54993.600906,0.018365,35.026594,1.76e-4,15.496,5109,292.87850,45.34440
9025914,3596,0.14,1,54998.832866,0.136462,11.320321,1.03e-4,16.756,5900,293.26330,45.34940
9026766,,0.76,1,54964.846798,0.015238,0.272128,2.00e-7,14.998,4880,293.57840,45.30990
9027841,4266,0.48,1,55001.924897,0.005856,0.504000,4.00e-7,15.498,4760,293.95220,45.31830
9028024,,0.86,1,54968.540428,0.204568,3.857863,7.40e-6,14.426,5494,294.01020,45.37460
9028474,3510,0.00,1,55010.672516,0.046925,124.936579,1.05e-3,12.338,5653,294.15950,45.37590
9029486,,0.20,1,54965.329793,0.025326,6.277161,1.50e-5,13.630,5368,294.47290,45.38970
9030447,1401,0.90,1,55066.558072,0.076492,0.566698,5.00e-7,13.440,6693,294.79000,45.39160
9030509,,0.88,1,54964.962189,0.024075,0.401785,3.00e-7,14.480,5172,294.81020,45.39330
9030817,,0.88,1,54966.356406,0.497911,2.026223,2.90e-6,13.810,6266,294.92310,45.32700
9032671,,0.70,1,54953.798542,0.013539,0.249608,1.00e-7,12.982,4807,295.51000,45.31240
9032900,134,0.22,1,54985.471559,0.841239,67.524223,4.41e-4,13.675,6156,295.58660,45.36500
9048145,6063,0.15,1,54970.340771,0.033053,8.667826,2.38e-5,13.089,6484,299.39800,45.31820
9051716,,0.94,1,55002.199950,0.077916,1.390816,1.70e-6,13.839,6579,300.35130,45.34520
9051723,,0.74,1,54964.699116,0.020893,0.403448,3.00e-7,15.292,5213,300.35200,45.30710
9053086,3751,0.56,1,55000.314343,0.020244,1.274841,4.50e-6,14.034,5961,300.72170,45.30670
9071104,,0.82,1,54964.762894,0.023329,0.385213,3.00e-7,13.651,5959,282.98600,45.40800
9071373,,0.81,1,54953.991362,0.108608,0.421769,3.00e-7,13.069,,283.15910,45.41560
9071386,23,0.36,1,54955.782030,0.042372,4.693306,9.70e-6,12.291,6324,283.16630,45.40310
9075704,,0.68,1,54999.890308,0.025619,0.513152,9.00e-7,16.235,7556,285.56460,45.49430
9077796,,0.72,1,54964.645249,0.010138,0.238080,1.00e-7,15.439,3516,286.73260,45.49590
9083523,,0.65,1,54954.484907,0.043032,0.918421,9.00e-7,12.709,,289.73920,45.45830
9084778,1631,0.50,1,54964.649261,0.009975,0.592244,5.00e-7,15.653,4787,290.28090,45.46430
9085955,,0.99,1,55002.043321,0.020273,0.359248,3.00e-7,15.419,5914,290.74790,45.46210
9087918,,0.78,1,54964.861915,0.025417,0.445607,3.00e-7,14.486,5675,291.48390,45.41720
9091810,,0.70,1,54953.601177,0.019527,0.479721,4.00e-7,12.755,4807,292.95000,45.42000
9092303,,0.95,1,55000.755038,0.860544,2.577164,4.10e-6,13.590,8180,293.13180,45.44220
9094335,,0.94,1,54964.693771,0.019330,0.340759,2.00e-7,15.360,5530,293.84330,45.49120
9097120,927,0.03,1,54974.182416,0.024608,23.899653,1.01e-4,15.453,5957,294.71770,45.48580
9097798,,0.99,1,54964.721156,0.019209,0.334065,2.00e-7,14.581,5592,294.92510,45.48100
9098590,,0.47,1,54966.729795,0.030529,2.243571,3.40e-6,14.965,5846,295.18890,45.40620
9098810,,0.12,1,54956.242092,0.023563,8.258182,2.19e-5,13.448,5126,295.26960,45.47600
9101279,5614,0.58,1,54965.932213,0.047264,1.811461,2.50e-6,13.947,8372,296.00160,45.44810
9101400,6192,0.55,1,55000.941245,0.028290,1.658037,8.11e-5,14.661,6414,296.03480,45.49080
9108058,5615,0.57,1,54999.729437,0.049089,2.174931,1.19e-4,14.281,6563,297.78110,45.42430
9108579,,0.81,1,54954.997950,0.069335,1.169628,1.30e-6,11.560,6386,297.89990,45.46660
9110213,,0.73,1,54964.662645,0.017579,0.337054,2.00e-7,15.986,4400,298.30970,45.41920
9110346,3607,0.44,1,55002.219003,0.018133,1.790553,2.80e-6,16.397,5054,298.34190,45.40770
9117416,3425,0.17,1,54978.466250,0.040034,20.034601,7.80e-5,13.266,,300.31620,45.49540
9119405,,0.11,1,54972.091160,0.053985,18.646323,7.10e-5,13.729,5569,300.89030,45.40340
9119652,6193,0.43,1,54964.698572,0.019782,2.216238,1.95e-4,14.305,5097,300.95700,45.44920
9137992,,0.64,1,54956.714718,0.035134,1.470045,1.80e-6,12.981,5471,283.46030,45.55580
9140402,928,0.28,1,54966.443667,0.017297,2.494166,3.90e-6,15.251,5450,284.75940,45.59910
9142964,,0.73,1,54953.880266,0.030833,0.589253,5.00e-7,13.236,6663,286.20110,45.55620
9143254,1386,0.38,1,54965.667429,0.017644,2.275049,3.50e-6,15.452,5653,286.36190,45.55520
9145707,,0.75,1,54964.766143,0.016639,0.320771,2.00e-7,14.750,5399,287.74750,45.51800
9145846,,0.96,1,54964.702271,0.016150,0.294480,2.00e-7,15.161,4745,287.83260,45.59030
9149789,2874,0.54,1,54964.668680,0.010982,0.705023,6.00e-7,14.867,5311,289.85890,45.50380
9151763,,-1.00,1,54948.994358,,438.051939,5.05e-3,11.695,4307,290.68500,45.56840
9151972,,0.87,1,54964.648083,0.023510,0.386796,3.00e-7,15.372,5803,290.76790,45.55740
9153621,,0.06,1,55002.670328,0.497138,305.819678,3.81e-3,12.874,4789,291.41190,45.53520
9159301,,0.55,1,54956.302809,0.063278,3.044770,5.20e-6,12.146,7959,293.69330,45.51700
9161428,,0.92,1,55002.082455,0.016027,0.302593,3.00e-7,15.119,5535,294.42490,45.50600
9163674,,0.54,1,55003.298001,0.024204,1.546289,2.00e-6,13.833,,295.28850,45.51830
9163796,,-1.00,1,55026.988381,,121.006844,9.45e-4,9.598,5135,295.33750,45.50480
9164561,,0.61,1,54965.255669,0.031227,1.267038,1.50e-6,13.709,8059,295.61520,45.50470
9164694,,0.75,1,54965.293490,0.067119,1.111364,1.20e-6,14.175,6213,295.66580,45.50690
9164836,213,0.01,1,55003.838783,0.033262,48.118819,2.71e-4,14.474,5758,295.71230,45.58980
9166862,931,0.27,1,55003.679731,0.026283,3.855599,7.40e-6,15.272,5714,296.39320,45.56860
9172506,,0.06,1,54982.907309,0.080403,50.440314,2.84e-4,12.009,5987,297.96610,45.54580
9178185,3868,0.18,1,54966.295861,0.012234,2.992707,5.10e-6,13.957,5664,299.55340,45.52210
9179531,,0.28,1,54968.742940,0.034430,6.510780,1.58e-5,15.091,5594,299.92820,45.59510
9179806,,0.84,1,54964.812270,0.017681,0.280963,2.00e-7,15.173,5189,299.99190,45.52080
9180282,5636,0.74,1,54955.606831,0.228744,3.037601,5.20e-6,13.116,6204,300.11900,45.51040
9181877,,0.75,1,54953.793919,0.016609,0.321010,2.00e-7,11.698,4599,300.53970,45.50720
9205993,,0.56,1,55000.494728,0.027346,1.219737,5.21e-5,14.871,7124,285.72540,45.66640
9207508,,0.57,1,54965.111536,0.046005,2.015152,2.90e-6,13.705,6718,286.59500,45.69830
9210828,,0.44,1,54965.408832,0.017070,1.656413,2.20e-6,13.221,4893,288.44450,45.61270
9214712,6064,0.00,1,55149.899678,0.055504,265.300973,2.79e-3,15.518,5628,290.38960,45.68140
9214715,6065,0.00,1,55149.923156,0.055997,265.300000,2.79e-3,15.279,5862,290.39120,45.68160
9220600,,0.64,1,54954.447384,0.021715,0.979163,1.00e-6,12.264,7055,292.78540,45.63020
9221398,6066,0.04,1,54955.973793,0.017317,13.787520,4.60e-5,12.140,6420,293.09290,45.69180
9228778,,0.99,1,54954.088082,0.077419,1.566594,2.00e-6,12.038,,295.77700,45.67360
9236858,,0.45,1,54954.319042,0.029720,2.537082,4.00e-6,13.040,6510,298.12150,45.65110
9237149,,0.64,1,54964.960485,0.022340,0.526344,4.00e-7,14.872,5809,298.20040,45.62030
9237533,,0.95,1,55004.717963,0.099025,1.868656,2.60e-6,13.823,6222,298.31510,45.65340
9237755,,0.98,1,54964.777807,0.018958,0.331670,2.00e-7,14.219,5176,298.38090,45.62770
9238207,,0.75,1,55001.966607,0.012257,0.231353,2.00e-7,15.610,4910,298.49600,45.60010
9239684,,0.99,1,54964.790149,0.014846,0.261816,1.00e-7,12.578,5827,298.91060,45.60820
9240664,4338,0.25,1,54974.412905,0.010958,10.784333,3.25e-5,13.638,5370,299.20670,45.64550
9243795,,0.14,1,54957.947084,0.052587,14.443130,4.92e-5,12.732,5505,300.12630,45.63360
9245929,,0.94,1,54964.742065,0.016200,0.308375,2.00e-7,15.538,5093,300.74090,45.62780
9246715,,0.11,1,55170.514777,0.445226,171.277697,1.58e-3,9.266,4699,300.95140,45.60410
9266285,,0.25,1,54965.572026,0.031577,5.613870,1.28e-5,14.072,4184,284.31050,45.76960
9268105,,0.76,1,54964.797205,0.022897,0.425694,3.00e-7,13.604,6046,285.29360,45.79970
9272276,,0.81,1,54953.698094,0.016770,0.280613,2.00e-7,13.160,5560,287.74770,45.72140
9274472,,0.90,1,54964.726022,0.019634,0.302090,2.00e-7,13.919,5112,288.99460,45.77910
9278021,,0.19,1,54956.873159,0.014350,3.359472,6.00e-6,12.983,6331,290.65010,45.78240
9278553,1385,0.07,1,54972.084282,0.031221,18.610095,7.10e-5,15.840,5848,290.88350,45.76590
9282687,6196,0.54,1,55000.611063,0.032005,1.680436,8.28e-5,14.110,6623,292.57280,45.75770
9283826,,0.84,1,54953.798119,0.021789,0.356524,2.00e-7,13.092,5674,293.04530,45.73580
9284741,,0.09,1,54974.226901,0.027373,20.729264,8.28e-5,14.807,5085,293.42540,45.76090
9285587,,0.93,1,54999.546019,0.097543,1.811948,2.50e-6,12.925,8008,293.74930,45.76170
9288175,,0.99,1,54964.740797,0.014553,0.260935,1.00e-7,12.549,6972,294.68430,45.75040
9288786,1390,0.30,1,54965.763573,0.012726,1.744102,2.40e-6,15.702,4197,294.91580,45.78390
9290838,,0.92,1,54964.747874,0.021502,0.363032,2.00e-7,15.498,5395,295.65010,45.78390
9291368,,0.53,1,55002.319217,0.067468,3.796471,2.59e-4,14.005,7889,295.82620,45.78760
9291629,6198,0.53,1,54967.618459,1.385689,20.686104,8.28e-5,13.957,4629,295.90680,45.72410
9291748,,0.17,1,55009.301059,0.070059,15.926994,5.89e-5,15.538,5012,295.94710,45.74160
9307423,,0.73,1,55001.997191,0.027168,0.558616,6.00e-7,15.792,4597,300.59210,45.75750
9328852,,0.54,1,54964.886398,0.012260,0.645852,6.00e-7,15.330,4338,284.99710,45.88670
9343862,6201,0.57,1,54999.850251,0.025097,1.123257,4.66e-5,15.010,7709,292.43280,45.85340
9344623,,0.15,1,54972.781981,0.058641,14.759479,5.14e-5,13.822,6312,292.74020,45.80150
9345163,,0.77,1,54964.757218,0.014487,0.245122,1.00e-7,15.458,4799,292.94360,45.82630
9345838,,0.75,1,54954.532063,0.065835,1.045874,1.10e-6,12.378,6761,293.22100,45.84390
9346253,1388,0.09,1,54983.451023,0.072447,34.064578,1.70e-4,15.443,5916,293.38660,45.87030
9346655,,0.47,1,54965.122004,0.010639,0.871621,9.00e-7,14.299,4183,293.53960,45.87390
9347868,,0.83,1,54964.835249,0.018599,0.318470,2.00e-7,15.210,5575,294.01030,45.82220
9350889,,0.89,1,54954.241650,0.042687,0.725948,7.00e-7,13.572,6725,295.09180,45.84280
9353182,,0.20,1,54959.051300,0.053612,10.476257,3.09e-5,12.421,5874,295.85440,45.89220
9353234,,0.86,1,54965.431457,0.091030,1.486527,1.90e-6,13.725,8595,295.87620,45.85500
9356753,,0.76,1,54953.947585,0.034078,0.592679,5.00e-7,12.966,6021,297.04350,45.86690
9357030,,0.93,1,55001.917598,0.015656,0.280442,2.00e-7,15.536,5452,297.12390,45.85870
9357275,,0.52,1,54954.065668,0.025808,1.588298,2.00e-6,12.186,7545,297.20250,45.84990
9365025,,0.94,1,54954.462569,0.055605,0.984304,1.00e-6,11.902,8012,299.36790,45.88400
9366988,3597,0.46,1,55000.455947,0.092105,1.219030,3.00e-6,14.371,5661,299.97160,45.81190
9388303,,0.78,1,55002.002211,0.014314,0.266703,2.00e-7,15.551,5385,283.62580,45.92170
9389122,,0.75,1,54964.907981,0.019050,0.349950,2.00e-7,14.313,5400,284.08340,45.94690
9392331,,0.77,1,55000.339626,0.015183,0.261762,2.00e-7,15.699,5993,285.86760,45.98800
9392682,,0.80,1,54954.624705,0.050708,0.892918,9.00e-7,11.498,7195,286.05710,45.94940
9392702,,0.37,1,54964.893911,0.033764,3.909314,1.60e-5,14.618,6170,286.06960,45.90060
9394601,3684,0.59,1,54955.415456,0.024709,0.876826,9.00e-7,12.290,6118,287.15310,45.98380
9402652,,0.65,1,54954.289305,0.032276,1.073104,1.10e-6,11.823,6641,291.27870,45.93420
9408183,,-1.00,1,54979.695875,,49.683544,2.84e-4,13.179,4896,293.49320,45.98760
9408440,,0.00,1,55346.365980,0.096130,989.985000,,13.199,5688,293.59060,45.93170
9411317,6067,0.08,1,54965.243657,0.017236,8.290501,1.05e-3,17.409,4416,294.66850,45.96640
9411943,,0.22,1,54967.087833,0.019340,3.844023,7.40e-6,14.738,5656,294.94180,45.92960
9412114,,0.86,1,55001.893873,0.014397,0.250252,2.00e-7,15.226,5991,295.00120,45.99050
9412462,,0.28,1,54965.527824,0.062163,10.186590,3.00e-5,14.846,5350,295.12040,45.96860
9414905,,0.92,1,54964.709629,0.026384,0.456526,3.00e-7,13.634,5792,295.96420,45.98080
9418619,6068,0.07,1,54955.121931,0.011765,6.150247,1.44e-5,10.622,8671,297.18180,45.98840
9418994,,0.03,1,54969.494160,0.027822,32.003801,1.54e-4,13.396,5053,297.28390,45.95310
9419603,,0.77,1,54964.960981,0.058864,1.052417,1.10e-6,15.311,5652,297.46280,45.96780
9426071,706,0.05,1,54986.893812,0.038191,28.714204,1.33e-4,13.765,6425,299.28310,45.96440
9426970,,0.97,1,54999.421800,0.089045,1.771133,2.40e-6,13.227,6577,299.55090,45.91490
9446824,1382,0.28,1,55004.107067,0.027991,4.202335,8.70e-6,15.653,5921,282.18440,46.00690
9450883,,0.94,1,55001.995079,0.020979,0.363656,2.00e-7,15.225,5755,284.69290,46.07950
9451096,,0.54,1,54954.729422,0.022359,1.250391,1.40e-6,12.640,,284.80710,46.09800
9451127,1381,0.22,1,54967.585803,0.028697,5.117402,1.11e-5,15.764,5881,284.82270,46.01370
9451598,,0.92,1,54964.808713,0.019939,0.362349,2.00e-7,13.627,6060,285.11910,46.05060
9453192,,0.83,1,54964.889020,0.043582,0.718837,6.00e-7,14.022,6729,286.00590,46.04890
9466316,,0.84,1,54964.896663,0.021492,0.352535,2.00e-7,15.702,5223,292.42860,46.03360
9468296,,0.12,1,54965.278331,0.012606,5.748826,1.32e-5,15.311,4814,293.21980,46.05370
9468382,3409,0.19,1,55002.914027,0.041754,11.082489,3.36e-5,13.566,4911,293.25260,46.04900
9468384,3466,0.16,1,55579.196929,0.041538,11.082578,7.23e-5,16.411,5595,293.25280,46.05160
9470054,,0.96,1,55003.412755,0.079880,1.473228,1.80e-6,11.723,7794,293.90330,46.09900
9470175,,0.77,1,54964.841477,0.016501,0.303832,2.00e-7,15.347,5438,293.94360,46.00460
9472174,,0.78,1,54953.643178,0.018318,0.125765,1.00e-7,12.264,10645,294.63590,46.06640
9474222,,0.12,1,54966.790781,0.040514,13.691788,4.60e-5,13.275,6400,295.37400,46.04270
9474485,5683,0.53,1,54965.292272,0.015189,1.025163,1.10e-6,14.884,4469,295.46450,46.01700
9474969,,0.17,1,54984.792516,0.092816,21.570506,8.62e-5,12.462,6085,295.62890,46.05140
9475663,,0.80,1,54953.842439,0.043309,0.708027,6.00e-7,12.494,7790,295.86150,46.09750
9478836,,0.71,1,55002.132513,0.011850,0.254064,1.00e-7,15.218,4939,296.91220,46.02480
9479460,6205,0.53,1,55000.844058,0.036664,2.073883,1.11e-4,14.701,7568,297.11070,46.08960
9480516,,0.92,1,54954.296023,0.074731,1.429811,1.70e-6,13.391,7051,297.41060,46.02230
9480535,3901,0.02,1,55036.405603,0.113329,160.134110,1.37e-3,15.130,5825,297.41440,46.06080
9480977,,0.94,1,54954.427893,0.046240,0.871031,8.00e-7,12.299,7289,297.53100,46.01760
9481674,,0.78,1,54964.799881,0.025138,0.388860,3.00e-7,15.442,5347,297.71290,46.04860
9489411,,0.66,1,54971.104947,0.209414,6.688928,1.64e-5,13.960,4499,299.86340,46.07410
9489947,3385,0.01,1,55068.848694,0.027949,54.061315,3.30e-4,15.231,5570,300.01810,46.02630
9508052,,0.91,1,54964.649508,0.017348,0.279996,2.00e-7,15.923,5004,281.84740,46.12350
9508954,,0.80,1,55002.292760,0.085007,1.100646,8.90e-6,14.652,8512,282.50430,46.19980
9509207,,0.11,1,54954.547467,0.036813,14.199840,4.79e-5,13.135,,282.66820,46.16010
9512958,,0.76,1,55005.742909,0.207325,3.237151,5.70e-6,10.964,,284.83840,46.19890
9514070,,0.64,1,54999.793852,0.027595,0.607256,2.58e-5,15.179,6589,285.50400,46.10730
9517991,,0.00,1,54855.281872,0.085461,717.000000,7.35e-3,14.165,5568,287.82650,46.12840
9519590,,0.88,1,54964.676736,0.020544,0.330894,2.00e-7,13.916,5961,288.71560,46.16730
9520700,,0.31,1,54966.617453,0.028737,4.273669,8.60e-6,14.902,5595,289.33820,46.15280
9527167,,0.97,1,55002.154036,0.016074,0.280895,2.00e-7,15.523,5412,292.18360,46.15930
9528420,1742,0.39,1,54967.152605,0.046816,4.708469,9.90e-6,14.417,5982,292.65990,46.15950
9528430,3489,0.06,1,55006.987191,0.156285,90.082517,6.38e-4,12.963,6307,292.66360,46.11490
9529733,3600,0.46,1,54967.076403,0.051804,4.809132,5.07e-4,14.038,6221,293.20880,46.17310
9529856,,0.02,1,54988.839276,0.030947,37.482225,1.88e-4,13.460,6176,293.26250,46.15060
9532123,6069,0.15,1,55000.742539,0.029771,8.215000,1.95e-4,16.356,5434,294.17900,46.18840
9532219,,0.77,1,55001.945386,0.011223,0.198155,1.00e-7,16.118,5031,294.21680,46.18020
9532421,3710,0.14,1,55002.179801,0.014762,4.309126,2.83e-5,16.770,4720,294.29190,46.16200
9532591,,0.95,1,54964.788516,0.022206,0.358376,2.00e-7,15.426,5333,294.34570,46.12580
9533489,3783,0.00,1,54936.003032,0.017868,197.150000,1.92e-3,12.962,,294.67380,46.12270
9533508,,0.86,1,55002.057477,0.021503,0.373537,1.00e-6,14.309,,294.68260,46.10160
9533706,,0.78,1,55002.123818,0.016446,0.284118,3.00e-7,15.431,5675,294.76100,46.18490
9535080,1509,-1.00,1,54986.027785,,49.645296,2.84e-4,12.385,6021,295.26350,46.14800
9536053,,0.98,1,54965.040053,0.026582,0.472166,4.00e-7,13.754,6240,295.61560,46.14500
9540226,,-1.00,1,55115.624332,,175.458827,1.58e-3,11.672,4584,297.03400,46.19850
9540450,,0.44,1,54966.755030,0.023709,2.154713,3.20e-6,14.146,5556,297.09330,46.13240
9541127,,0.68,1,54953.974940,0.027157,0.536651,4.00e-7,12.558,6821,297.28380,46.11810
9544350,,0.92,1,54966.047971,0.129015,2.259777,3.40e-6,13.821,5932,298.18370,46.18870
9549472,6206,0.18,1,54965.097158,0.072513,15.713791,5.62e-5,14.049,5571,299.60910,46.11820
9551200,,0.56,1,54964.905263,0.011107,0.711922,6.00e-7,15.216,5059,300.11930,46.14490
9552608,80,0.11,1,54959.154587,0.023614,9.250621,2.60e-5,11.310,7906,300.53760,46.10430
9552668,,0.91,1,54955.628654,0.135189,2.387361,3.70e-6,12.947,5565,300.55630,46.10160
9569866,,0.46,1,54964.755149,0.019005,1.480323,1.90e-6,13.983,5110,282.22710,46.24620
9574614,1745,0.40,1,54965.685069,0.010595,0.982085,1.00e-6,15.933,5276,284.96710,46.27630
9576197,6207,0.34,1,54969.194149,0.067389,7.964434,2.11e-5,14.641,5082,285.88450,46.28980
9579192,,0.16,1,54960.531202,0.053426,12.083542,3.80e-5,12.344,6612,287.63190,46.29870
9579499,1461,0.05,1,54970.156681,0.010824,7.946715,2.11e-5,15.791,4705,287.80460,46.23890
9588822,4388,0.14,1,55146.574499,0.235964,71.760190,4.71e-4,12.045,5326,292.13430,46.20240
9592145,,0.65,1,54965.015451,0.023579,0.488867,4.00e-7,13.973,6658,293.51130,46.21110
9592575,3565,0.46,1,55186.130893,0.036333,2.637575,6.10e-6,15.902,5436,293.66930,46.29750
9592705,288,0.24,1,54969.172625,0.054382,10.275301,3.00e-5,11.020,,293.71650,46.22670
9592855,,0.60,1,54953.971963,0.026456,1.219325,1.40e-6,12.216,7290,293.77010,46.23660
9593528,3939,0.73,1,54965.365560,0.008889,1.886628,1.37e-4,15.210,6059,294.02820,46.20180
9593759,3800,0.28,1,54999.034886,0.016989,2.494318,1.31e-5,17.474,4594,294.10730,46.20950
9596037,,-1.00,1,54990.757471,,33.355613,1.64e-4,13.732,6341,294.94240,46.25010
9596089,3675,0.03,1,55008.172562,0.014885,20.838990,3.81e-3,16.583,5177,294.96230,46.22560
9596187,,0.48,1,54964.687540,0.013104,0.953317,1.00e-6,14.538,5929,294.99120,46.22360
9597095,,0.31,1,54967.452823,0.019329,2.745640,4.50e-6,15.945,,295.32860,46.26840
9597411,424,0.42,1,54965.577388,0.016903,1.575632,2.00e-6,14.731,5975,295.43480,46.20310
9602542,,0.99,1,54965.336523,0.082711,1.463174,1.80e-6,13.889,8037,297.12800,46.20970
9602595,5700,0.55,1,54955.853445,0.073731,3.556508,6.50e-6,11.882,7897,297.14350,46.22850
9612468,,1.00,1,54953.603803,0.007568,0.133471,1.00e-7,11.531,7202,299.98210,46.26240
9613070,3601,0.34,1,55000.262541,0.019174,2.331853,1.82e-4,14.087,6146,300.15650,46.20330
9632895,1451,0.06,1,54965.424466,0.041092,27.322046,1.23e-4,13.552,5425,283.24130,46.37850
9634821,2037,0.00,1,55016.728251,0.023862,73.757900,6.93e-4,15.213,4836,284.34270,46.31660
9635529,,0.39,1,54957.860296,0.035850,4.703910,9.80e-6,12.230,6347,284.70450,46.37880
9636559,3618,0.14,1,55004.655356,0.033337,10.636700,9.40e-5,17.035,6554,285.33440,46.30990
9637239,,0.91,1,54954.062934,0.044410,0.773026,7.00e-7,13.046,7237,285.73330,46.37820
9637265,,0.88,1,55002.700185,0.093712,1.855453,2.60e-6,13.930,7424,285.74630,46.35430
9637299,,0.44,1,54965.738270,0.021286,1.882441,2.60e-6,13.680,6061,285.76070,46.36700
9639265,,0.63,1,54964.808210,0.014098,0.506353,4.00e-7,15.575,5004,286.96040,46.32320
9639491,,0.73,1,54964.925448,0.016056,0.344546,2.00e-7,13.885,4833,287.11230,46.38080
9640921,,0.02,1,54972.436198,0.045035,80.706170,5.44e-4,15.395,5841,287.96380,46.30690
9640985,713,0.43,1,54965.015174,0.022641,2.178154,3.20e-6,13.835,6628,287.99610,46.32940
9641018,1504,0.43,1,54965.021796,0.022976,2.178155,3.20e-6,14.070,5708,288.01490,46.34900
9641031,,0.44,1,54954.132713,0.023434,2.178154,3.20e-6,9.177,5867,288.02030,46.32410
9641255,,0.49,1,54965.035651,0.032755,2.178148,4.10e-6,16.370,5136,288.15010,46.38800
9642018,4430,0.52,1,54964.767254,0.006647,0.505111,4.00e-7,15.544,5106,288.59680,46.32600
9644680,,0.68,1,54964.702637,0.028847,0.585941,5.00e-7,13.435,6985,289.99130,46.30090
9649222,6071,0.18,1,54965.923938,0.028505,5.918619,1.38e-5,15.678,5691,291.85850,46.38650
9649493,,0.85,1,54953.797050,0.022972,0.371569,2.00e-7,12.855,5964,291.95960,46.30910
9651298,,0.95,1,55001.718984,0.106306,2.155120,3.20e-6,13.455,7677,292.69670,46.39940
9652632,,0.38,1,54955.175512,0.036093,4.977624,1.06e-5,11.576,,293.24740,46.31040
9654476,,0.71,1,54964.624783,0.019903,0.396324,3.00e-7,14.828,5628,294.00860,46.38000
9655129,1714,0.46,1,54966.758434,0.025161,2.743997,4.50e-6,13.805,5140,294.24810,46.37400
9655187,,0.81,1,54953.965948,0.286530,4.416246,8.90e-6,11.517,7856,294.26750,46.30220
9656397,3543,0.00,1,55139.994350,0.078589,204.740105,5.05e-3,13.841,6301,294.70930,46.38470
9656543,3588,0.37,1,55002.402881,0.019511,2.544565,9.20e-6,16.319,5297,294.76860,46.37420
9657096,,0.94,1,54954.805351,0.122298,2.138182,3.10e-6,12.045,6276,294.97580,46.30430
9658118,3516,0.11,1,55005.057346,0.060710,24.059995,1.92e-3,14.158,6225,295.36600,46.37720
9661869,3647,0.04,1,55009.775821,0.070205,20.427100,2.38e-4,16.677,5915,296.65710,46.38050
9662581,,0.79,1,55002.116224,0.015322,0.258011,2.00e-7,15.808,4773,296.88720,46.39290
9664215,6072,0.27,1,54964.925032,0.021571,3.319496,6.00e-6,15.101,5543,297.35960,46.34360
9664382,,0.75,1,54999.946674,0.041055,0.290754,4.00e-7,16.584,4936,297.40710,46.31610
9665086,,0.69,1,55000.079903,0.012011,0.296536,2.00e-7,13.877,,297.61770,46.39330
9665503,,0.13,1,54970.340042,0.035232,11.567979,3.59e-5,15.217,5141,297.73760,46.35810
9673173,,0.09,1,54980.095925,0.046439,21.294740,8.62e-5,13.731,5838,300.01410,46.34530
9674608,1795,0.13,1,54966.249362,0.008446,2.972045,5.10e-6,15.772,4216,300.41730,46.33600
9692336,3859,0.63,1,55000.366656,0.024257,0.687898,1.80e-6,17.490,,282.17410,46.45680
9700154,,0.80,1,54964.788932,0.016893,0.257253,1.00e-7,15.495,4315,286.85480,46.40830
9700181,,0.86,1,55115.077295,0.170419,2.848618,4.70e-6,12.745,6426,286.87760,46.43380
9701423,,-1.00,1,55002.826201,,8.607397,2.34e-5,10.829,6529,287.60390,46.41280
9702641,,0.90,1,54964.962564,0.030668,0.503178,4.00e-7,12.589,5685,288.32720,46.47170
9703626,,0.78,1,54999.928395,0.024060,0.415148,3.00e-7,15.510,6163,288.86900,46.46580
9705459,1448,0.33,1,54969.595993,0.020694,2.486587,3.90e-6,15.418,5658,289.80520,46.49170
9706078,,0.60,1,54954.137288,0.017008,0.613561,5.00e-7,12.812,5692,290.06680,46.49280
9711751,,0.49,1,54965.356420,0.022928,1.711500,2.30e-6,13.788,6429,292.45790,46.43340
9711769,,-1.00,1,54971.276518,,12.935909,4.19e-5,13.379,6494,292.46480,46.49180
9713664,,0.89,1,54964.675186,0.020448,0.321236,2.00e-7,14.803,5585,293.25320,46.43310
9714123,3392,0.02,1,55020.266057,0.038413,50.355461,2.98e-4,15.724,5657,293.44370,46.47150
9714358,6073,0.13,1,54967.395501,0.021821,6.474177,1.57e-5,14.998,4825,293.54030,46.43730
9715925,3599,0.11,1,54998.931972,0.016542,6.308199,3.40e-5,16.515,4891,294.16440,46.42400
9715939,3690,0.08,1,55000.396998,0.021129,12.893029,1.03e-4,15.517,6146,294.16990,46.42530
9716456,,0.92,1,54953.739651,0.097083,1.813286,2.50e-6,11.980,8035,294.36890,46.40510
9717924,,0.72,1,55000.161105,0.079035,0.395588,1.70e-6,16.207,,294.90680,46.44230
9717958,4313,-1.00,1,54980.189904,,67.995354,4.41e-4,14.213,6083,294.91580,46.48530
9719636,3686,0.26,1,55000.791902,0.022314,3.351570,4.42e-5,17.279,5724,295.52620,46.45710
9722737,,0.79,1,54964.973968,0.024745,0.418528,3.00e-7,14.929,6517,296.62840,46.42460
9724080,,0.94,1,54965.666129,0.063672,1.173918,1.30e-6,13.904,7470,297.04140,46.46340
9724993,5708,0.12,1,54972.547822,0.022829,7.863366,2.07e-5,12.524,5509,297.31320,46.44820
9725155,,0.99,1,54953.898971,0.057208,1.127146,1.20e-6,12.752,8123,297.35970,46.40250
9752973,3162,0.43,1,55000.170599,0.006904,0.716709,6.00e-7,10.047,5865,282.19480,46.52290
9753154,2457,0.39,1,54998.553701,0.017831,3.704267,6.90e-6,12.402,6514,282.30120,46.51620
9758089,1871,0.02,1,55010.460225,0.049608,92.729051,6.93e-4,14.897,4449,285.25370,46.58220
9760531,,1.00,1,54953.906065,0.016139,0.272798,2.00e-7,9.540,6742,286.74910,46.53900
9761199,1459,0.36,1,54964.726426,0.008488,1.384039,1.70e-6,15.692,4060,287.14310,46.50810
9761573,3837,0.10,1,55000.079122,0.019174,7.441608,9.45e-4,14.114,6308,287.37170,46.56480
9761882,948,0.06,1,55006.714634,0.044466,24.585978,1.05e-4,15.598,5298,287.56970,46.56790
9762519,,0.12,1,54971.079254,0.022464,7.515147,1.94e-5,13.711,5435,287.94140,46.58240
9767392,6211,0.50,1,54999.580215,0.038408,2.914515,2.38e-4,14.713,6402,290.47800,46.53800
9767437,,0.67,1,54953.750593,0.009932,0.712722,6.00e-7,12.842,4770,290.49440,46.53640
9772531,950,0.01,1,54985.205319,0.017182,31.201689,1.49e-4,15.798,3871,292.65700,46.53730
9772642,,0.80,1,54953.633778,0.016441,0.275432,2.00e-7,13.547,4927,292.70370,46.58950
9774400,6212,0.45,1,54959.350980,0.132744,10.818293,3.25e-5,13.392,5684,293.45510,46.52180
9775253,3621,0.11,1,55001.832640,0.019538,8.788496,1.18e-3,16.705,,293.79740,46.56180
9776718,,0.87,1,54999.939128,0.031355,0.544351,7.00e-7,15.037,,294.33520,46.58230
9777062,,0.08,1,54965.580711,0.043129,19.230038,7.37e-5,12.241,7466,294.46080,46.58970
9777090,3672,0.18,1,55000.366852,0.022635,5.508136,6.38e-4,17.779,4867,294.47160,46.58920
9777987,,0.76,1,55000.067554,0.032309,0.258500,4.00e-7,16.283,,294.79550,46.50650
9783760,3487,0.00,1,55038.270252,0.020462,89.739560,6.38e-4,14.294,5572,296.86250,46.54550
9784230,3851,0.55,1,55000.487561,0.071806,0.798198,2.30e-6,17.579,,296.99050,46.59900
9784371,,0.95,1,54957.472723,0.187266,3.301226,5.90e-6,11.880,7999,297.02900,46.52870
9785454,3577,0.01,1,55070.693328,0.099067,184.520000,1.92e-3,14.070,5162,297.34170,46.54340
9786017,5714,0.55,1,54956.640472,0.064060,4.498003,9.20e-6,12.502,5753,297.50800,46.52160
9786165,,0.73,1,54999.874947,0.017454,0.332625,1.90e-6,17.131,6098,297.54570,46.57790
9786798,,0.74,1,54964.915162,0.023290,0.445468,3.00e-7,15.274,5983,297.71860,46.59760
9786821,,0.36,2,54964.954288,0.052788,8.593502,2.32e-5,11.510,,297.72570,46.54880
9786821,,0.02,2,54962.007795,0.014194,21.120019,8.45e-5,11.510,,297.72570,46.54880
9788113,,0.99,1,55019.675488,0.105204,2.068058,3.00e-6,11.702,,298.09700,46.56500
9788457,,0.60,1,54965.186856,0.032084,0.963338,1.00e-6,13.005,7939,298.19870,46.52990
9790355,,-1.00,1,55001.236851,,14.565548,4.99e-5,14.055,5668,298.74190,46.57730
9790965,,0.59,1,54953.733954,0.017349,0.822068,8.00e-7,13.388,6309,298.91160,46.58660
9813678,,0.56,1,55000.286959,0.009551,0.505079,3.60e-6,15.992,5190,282.50900,46.63440
9818732,,0.05,1,54965.632695,0.058649,45.035591,2.48e-4,14.529,6309,285.47280,46.69870
9821078,,0.95,1,54965.291483,0.022997,8.429438,2.28e-5,14.117,4112,286.81930,46.66480
9821151,3243,0.13,1,54999.008930,0.022782,8.429413,2.26e-5,12.385,6135,286.85980,46.62550
9821923,,0.95,1,54964.812382,0.020614,0.349533,2.00e-7,14.210,5730,287.34500,46.63720
9827122,,0.86,1,55003.194668,0.127949,2.154922,3.20e-6,11.844,,290.16730,46.61660
9827149,2586,0.32,1,54966.651407,0.024574,2.131939,4.50e-6,15.545,5599,290.17620,46.69830
9832227,,0.95,1,54953.951368,0.027693,0.457948,3.00e-7,12.260,5854,292.31640,46.62220
9832545,,0.59,1,55000.093984,0.027583,1.020750,4.04e-5,15.178,7903,292.45780,46.65750
9833618,,0.61,1,54964.924093,0.047554,1.408502,1.70e-6,13.681,6206,292.96630,46.66280
9833806,,0.66,1,54964.729734,0.013156,0.393176,3.00e-7,13.497,4942,293.04870,46.61660
9834257,3457,0.10,1,55003.014878,0.036964,15.651439,5.53e-5,12.429,6342,293.23320,46.60020
9834719,715,0.20,1,54966.059263,0.011510,3.243338,5.80e-6,13.900,5854,293.42640,46.68790
9835416,,-1.00,1,54957.446497,,4.036605,7.80e-6,13.338,6994,293.69650,46.62050
9837083,3719,0.52,1,55002.313907,0.009604,0.623394,7.00e-7,16.180,,294.31940,46.61960
9837544,3529,0.02,1,55220.892267,0.037956,71.661929,6.38e-4,15.167,4886,294.48640,46.67620
9837578,,0.08,1,54965.845830,0.037101,20.733749,8.28e-5,15.726,5359,294.49700,46.68980
9838047,,0.85,1,54953.711490,0.071840,0.436161,3.00e-7,13.492,5574,294.66050,46.69080
9838060,3314,0.03,1,55059.287573,0.024932,23.815828,1.41e-4,16.029,5365,294.66590,46.66590
9838975,218,0.06,1,54976.832312,0.029588,18.692866,7.10e-5,16.147,5018,295.03350,46.60020
9839062,,0.01,1,55173.188396,0.156809,424.615000,7.35e-3,15.513,6108,295.06590,46.68640
9839081,6213,0.20,1,54965.261833,0.010347,2.559241,4.10e-6,14.752,5700,295.07110,46.68780
9840412,,0.79,1,54954.556807,0.052432,0.878456,9.00e-7,12.843,6507,295.54370,46.61960
9842890,1479,0.51,1,55191.212502,0.092554,4.988376,1.52e-5,15.752,5583,296.43810,46.61540
9842906,1493,0.49,1,55191.223334,0.089593,4.988602,1.52e-5,15.447,6179,296.44180,46.61670
9843435,,0.59,1,54999.967074,0.047481,1.684709,8.28e-5,14.779,7291,296.62150,46.67040
9843451,,0.91,1,55002.193332,0.026815,0.442753,5.00e-7,15.470,6578,296.62720,46.62290
9846348,716,0.01,1,55012.949002,0.015601,26.893157,1.19e-4,13.754,5845,297.49220,46.69450
9847239,5722,0.02,1,54965.792183,0.020553,28.507891,1.29e-4,14.876,5883,297.74110,46.66050
9848190,,0.90,1,55021.015532,0.302103,5.241004,1.14e-5,11.373,9402,297.99040,46.61040
9850387,,0.47,1,54956.416299,0.032312,2.748501,4.50e-6,13.549,6808,298.59240,46.69050
9851142,3513,0.26,1,55002.776480,0.054122,8.480300,4.85e-5,7.631,6804,298.80020,46.66550
9851943,4001,0.61,1,54965.574331,0.046168,2.163919,3.20e-6,15.254,4793,299.04040,46.67040
9851944,,0.62,1,54955.847004,0.053161,2.163902,3.20e-6,11.249,6204,299.04060,46.66120
9873869,,0.22,1,54954.189056,0.028048,4.994778,1.07e-5,13.038,5993,282.69980,46.71700
9880467,326,0.14,1,55004.027899,0.026900,8.973499,2.51e-5,12.960,,286.65600,46.78350
9881258,,0.37,1,54955.695831,0.030830,4.057025,7.90e-6,13.281,5845,287.12560,46.73350
9882280,,0.77,1,54964.877130,0.015868,0.289075,2.00e-7,14.516,5343,287.72300,46.79620
9886224,3614,0.25,1,55000.806340,0.018032,2.992660,1.54e-5,16.328,4749,289.85690,46.78990
9886255,1846,0.01,1,55015.048804,0.058843,105.960942,8.40e-4,15.795,5137,289.86960,46.72970
9892471,3584,0.10,1,55009.395873,0.022174,8.268083,2.32e-5,15.768,5496,292.53120,46.72870
9895004,328,0.18,1,54953.802100,0.010761,2.250827,3.40e-6,12.820,5534,293.57630,46.77550
9895709,1594,0.36,1,55066.158725,0.010748,1.818930,2.50e-6,15.134,5908,293.87260,46.71500
9896435,3755,0.04,1,54997.328488,0.019852,18.076700,2.02e-4,16.636,,294.12580,46.79780
9897710,,0.76,1,54964.677069,0.024433,0.425537,3.00e-7,15.276,5610,294.57610,46.73490
9898364,1579,0.11,1,54967.471289,0.019966,7.132382,1.80e-5,13.337,7300,294.83030,46.73440
9898401,,0.99,1,54964.733972,0.008810,0.152774,1.00e-7,12.073,7376,294.84480,46.70420
9899181,2867,0.58,1,54999.643575,0.145888,1.332553,2.20e-6,12.912,,295.15050,46.77230
9899216,,-1.00,1,55004.681825,,10.915849,3.29e-5,10.886,,295.16170,46.75060
9899345,,0.60,1,55000.948753,0.039683,1.332628,5.89e-5,15.024,6603,295.20800,46.78620
9899416,,0.60,1,54954.389539,0.040326,1.332555,1.60e-6,10.028,8608,295.22810,46.78490
9902856,1556,0.00,1,55110.327024,0.037179,271.825762,2.79e-3,15.535,5843,296.41760,46.73200
9904059,145,0.04,1,54991.058149,0.081258,102.966370,7.65e-4,13.608,4940,296.81770,46.78150
9906590,,0.63,1,54954.659859,0.020608,1.686338,2.20e-6,12.429,6338,297.54960,46.78280
9907505,3427,0.03,1,55053.874006,0.038975,39.206808,2.11e-4,15.545,5666,297.81790,46.76420
9909497,,0.96,1,54965.774868,0.068305,1.284073,1.50e-6,15.627,5992,298.42220,46.75090
9911112,5733,0.37,1,55001.091678,0.014452,2.333650,3.25e-5,14.990,8750,298.87130,46.75200
9912977,,0.60,1,54966.709125,0.040946,1.887874,2.60e-6,13.726,,299.42680,46.70010
9913481,,0.36,1,54955.804465,0.051577,7.009485,1.74e-5,10.862,7408,299.58660,46.76550
9934052,,0.99,1,54964.719109,0.019115,0.352246,2.00e-7,13.801,5946,282.43060,46.80710
9934208,,0.13,1,54970.337175,0.028804,9.058487,2.53e-5,15.507,4258,282.54210,46.85660
9935245,,0.63,1,55000.295785,0.028392,0.784860,1.60e-6,16.256,5400,283.21300,46.83500
9935311,,0.82,1,55001.838876,0.030067,0.273775,2.00e-7,14.344,4455,283.24580,46.85110
9936698,,0.27,1,55000.668364,0.030785,5.712151,1.16e-4,14.045,6393,284.06730,46.80960
9940565,1548,0.19,1,54968.105946,0.072984,4.278654,8.60e-6,14.708,4593,286.25640,46.89270
9941387,5738,0.03,1,54974.247137,0.024944,27.659608,1.26e-4,14.706,5150,286.81640,46.88440
9944201,,0.50,1,54964.707778,0.010826,0.721523,7.00e-7,15.069,4737,288.49090,46.80500
9944421,,0.12,1,54968.370671,0.022844,7.095207,1.79e-5,15.137,5304,288.61920,46.80300
9944907,,0.71,1,54964.826351,0.021577,0.613440,5.00e-7,13.701,,288.88360,46.86980
9945280,,0.49,1,54964.751684,0.016092,1.303460,1.50e-6,13.879,5536,289.09740,46.81110
9947924,,0.72,1,54953.730592,0.017952,0.362806,2.00e-7,13.581,5981,290.39080,46.81190
9948002,3562,0.04,1,55047.124638,0.108489,101.263297,7.65e-4,14.319,6069,290.42530,46.88990
9948201,,0.89,1,54964.901895,0.016662,0.303181,2.00e-7,14.372,5791,290.49910,46.88500
9953894,,0.74,1,54954.535285,0.059284,1.382599,1.70e-6,11.083,7295,292.92170,46.81210
9954225,5742,0.56,1,54965.049719,0.029518,1.340652,5.99e-5,14.558,6087,293.07440,46.90000
9955262,76,0.04,1,54987.707583,0.088549,77.479926,5.44e-4,10.143,6478,293.54200,46.82210
9956124,,0.91,1,54964.886463,0.021095,0.362725,2.00e-7,12.845,6546,293.89500,46.84270
9957351,3964,0.60,1,55000.078186,0.014283,0.495552,2.00e-6,16.948,4610,294.35410,46.84090
9957411,,0.86,1,54964.705294,0.023013,0.374690,3.00e-7,15.110,5983,294.37840,46.82050
9957659,5743,0.04,1,54988.747186,0.037495,30.694552,4.15e-4,15.496,5932,294.47600,46.86170
9957668,5744,0.04,1,54958.024623,0.037485,30.695335,1.45e-4,12.508,6072,294.47830,46.86380
9962595,5745,0.05,1,54975.455249,0.015492,11.374443,3.51e-5,14.585,5118,296.32800,46.83960
9963009,,0.06,1,54986.018248,0.061145,40.069657,2.11e-4,14.458,5653,296.46820,46.85180
9963461,1538,0.17,1,55005.434323,0.047195,10.581572,3.29e-5,13.936,,296.62980,46.88020
9965206,3558,0.09,1,55196.824579,0.031729,16.227550,7.37e-5,15.901,5092,297.19040,46.82650
9965691,,-1.00,1,54965.930571,,15.683195,5.53e-5,13.102,6221,297.32680,46.84520
9966115,6075,0.14,1,54956.097544,0.034314,8.947426,2.46e-5,12.985,5973,297.44790,46.88430
9967884,425,0.09,1,54964.754043,0.013223,5.428350,1.22e-5,14.694,5689,297.97430,46.80460
9970396,,0.09,1,55190.482944,0.576977,235.299398,2.28e-3,11.447,4716,298.70980,46.83300
9970937,,0.88,1,54999.021468,0.330019,4.877061,1.03e-5,9.797,8308,298.85400,46.82690
9971475,,0.23,1,54953.922163,0.026393,5.357408,1.18e-5,13.166,5561,298.99440,46.81240
9972385,,-1.00,1,54963.446267,,58.422113,3.49e-4,11.504,6071,299.28230,46.89880
9991887,,0.88,1,54964.743878,0.070706,0.322396,2.00e-7,15.216,5198,281.37620,46.98760
9994475,,0.77,1,54964.732027,0.017368,0.318406,2.00e-7,14.300,5646,282.99860,46.93070
9995660,,0.75,1,54964.926832,0.022149,0.418590,3.00e-7,14.875,5560,283.73030,46.91170
9995981,,0.87,1,54964.846777,0.018254,0.293267,2.00e-7,15.585,5328,283.91880,46.98260
10000490,,0.56,1,54954.243656,0.028582,1.400991,1.70e-6,11.244,,286.55600,46.95730
10001167,,0.27,1,54957.586519,0.824451,120.390971,9.45e-4,10.050,4683,286.95570,46.93660
10002261,959,0.06,1,54957.216643,0.018997,12.713794,4.09e-5,13.102,,287.55970,46.95710
10004546,,-1.00,1,54983.981414,,19.356914,7.51e-5,12.908,5936,288.74700,46.93070
10006096,5753,0.00,1,54975.856656,0.024672,70.516226,4.71e-4,15.284,5318,289.49920,46.92870
10007533,,0.87,1,54965.039252,0.039454,0.648064,6.00e-7,13.875,6808,290.09950,46.98720
10014536,,0.98,1,55009.909088,0.233169,1.009397,1.10e-6,10.950,,293.05210,46.93350
10014830,,0.61,1,54967.124438,0.091901,3.030527,5.20e-6,14.827,4324,293.17630,46.92240
10015516,990,0.25,1,55005.381429,0.417298,67.692052,4.41e-4,10.700,5157,293.47360,46.97040
10019399,1796,0.04,1,54954.244191,0.013819,11.805720,3.67e-5,12.829,,294.91610,46.94500
10019763,1558,0.01,1,55198.361969,0.016382,32.504696,1.95e-4,15.134,5874,295.04640,46.97460
10020247,,0.83,1,55000.035426,0.020690,0.345557,2.00e-7,15.921,5439,295.23420,46.94130
10020423,,0.15,1,54970.693646,0.028858,7.448378,1.92e-5,15.178,5673,295.29790,46.92050
10024144,,0.74,1,55001.933820,0.038790,0.815596,1.00e-6,15.566,6073,296.58220,46.95970
10026136,,0.18,1,54969.816256,0.049217,9.080194,2.55e-5,15.163,6292,297.17200,46.95400
10026457,,0.19,1,54965.874010,0.049947,9.934423,2.91e-5,15.390,5222,297.25930,46.98970
10028352,1957,0.36,1,55020.998425,0.015135,1.386802,1.70e-6,12.655,6191,297.79220,46.93580
10030778,3265,0.07,1,55194.203801,0.041755,29.473160,1.70e-4,15.957,5607,298.50610,46.94800
10030943,,1.00,1,54953.674633,0.012916,0.235780,1.00e-7,11.326,6704,298.55180,46.93680
10031409,,0.35,1,54957.548369,0.027079,4.143880,8.20e-6,13.553,5905,298.68490,46.95000
10031808,,0.28,1,54956.430326,0.057446,8.589644,2.32e-5,9.557,,298.79760,46.93020
10032392,,0.96,1,54964.918911,0.022673,0.391157,3.00e-7,13.931,6096,298.97520,46.90490
10032935,,0.76,1,54964.672349,0.017945,0.320516,2.00e-7,14.638,5806,299.14060,46.99930
10033279,1604,0.02,1,54972.775571,0.020335,72.491391,4.71e-4,13.050,5521,299.24750,46.95190
10063044,,0.59,1,54965.595585,0.026895,1.009672,1.10e-6,13.918,7420,286.29080,47.07620
10068030,529,0.25,1,54965.074007,0.011601,2.023119,2.90e-6,14.977,5379,288.84900,47.02200
10068383,725,0.19,1,55009.949344,0.028276,7.304970,1.87e-5,15.765,5046,289.00580,47.04040
10068919,3573,0.01,1,54986.269949,0.023277,43.562272,2.38e-4,13.676,6153,289.26420,47.00600
10074700,5760,0.02,1,55071.990807,0.260601,365.650000,5.05e-3,14.622,5066,291.62620,47.08120
10074939,,0.76,1,55063.305037,0.015031,0.277094,2.00e-7,15.888,4812,291.72000,47.01030
10083623,3921,0.40,1,54964.537512,0.010167,1.278539,1.90e-6,15.643,5420,295.08240,47.08630
10084115,,0.89,1,54964.752203,0.019247,0.305666,2.00e-7,15.350,5524,295.25120,47.00240
10090246,,0.63,1,54966.538752,0.082477,2.286106,3.50e-6,13.567,5442,297.21870,47.02750
10091110,3627,0.25,3,55185.867931,0.025442,4.218517,1.07e-5,15.232,5943,297.46630,47.02320
10091110,3627,0.13,3,55183.957774,0.141388,8.530335,2.94e-5,15.232,5943,297.46630,47.02320
10091110,3627,0.00,3,55363.047769,0.032859,383.860000,5.05e-3,15.232,5943,297.46630,47.02320
10091257,,0.31,1,54956.444980,0.019132,3.403848,6.10e-6,12.533,5630,297.50990,47.05450
10091703,,0.00,1,55626.195697,0.072370,710.500000,1.47e-2,15.796,4466,297.63930,47.07490
10092506,,-1.00,1,54997.352307,,31.041675,1.45e-4,11.210,6526,297.84570,47.07230
10095469,,0.60,1,54999.865835,0.022526,0.677763,1.30e-6,14.693,6261,298.70590,47.03480
10095512,,0.24,1,54953.888455,0.029813,6.017194,1.39e-5,13.053,5795,298.71650,47.01450
10096019,,-1.00,1,55000.000000,,6.867469,1.70e-5,13.348,6707,298.85330,47.08280
10096864,,0.89,1,55002.264929,0.106774,1.946702,5.62e-5,15.929,5352,299.07380,47.07990
10119517,,0.95,1,54954.000876,0.040740,0.737494,7.00e-7,9.912,6225,281.48110,47.12270
10123627,,0.96,1,54964.807405,0.017639,0.294939,2.00e-7,15.498,4454,283.93740,47.14970
10128961,,0.86,1,54964.923514,0.021982,0.347743,2.00e-7,15.552,5365,286.57950,47.13140
10129482,,0.48,1,54965.192407,0.011756,0.846291,8.00e-7,15.994,4558,286.84040,47.17330
10135584,,0.95,1,54964.964829,0.024017,0.391294,3.00e-7,13.994,6443,289.71310,47.13180
10148799,,0.90,1,54964.949129,0.019453,0.346605,2.00e-7,15.409,5340,294.69430,47.16630
10149237,,0.93,1,54951.244018,0.015818,0.297996,2.00e-7,15.183,5013,294.83490,47.16250
10149845,,0.85,1,55001.070605,0.236897,4.056365,7.90e-6,12.103,,295.04440,47.19640
10152836,3952,0.00,1,55110.108260,0.086507,220.930000,2.28e-3,14.707,5663,296.03670,47.18010
10153011,1773,0.02,1,54995.945308,0.057871,83.097598,5.90e-4,15.678,5144,296.08820,47.14290
10154189,,0.87,1,54964.713190,0.025348,0.411239,3.00e-7,13.683,6169,296.44040,47.11440
10155080,,0.29,1,54957.048137,0.024597,3.860903,7.40e-6,13.017,5830,296.69860,47.13770
10155563,,0.93,1,54953.876698,0.019781,0.360267,2.00e-7,11.992,5982,296.84460,47.10440
10156064,,0.32,1,54954.458136,0.033241,4.855936,1.02e-5,10.367,7424,296.99340,47.14670
10157573,726,0.26,1,54965.340960,0.017738,5.115738,1.11e-5,15.132,6164,297.43200,47.12860
10158418,1784,0.13,1,54958.008628,0.012390,5.007412,1.07e-5,13.592,5699,297.64610,47.16750
10159014,,-1.00,1,55003.982194,,8.777397,2.42e-5,13.653,6526,297.79460,47.15650
10162999,,-1.00,1,55003.020162,,3.429215,6.20e-6,12.839,6068,298.87570,47.14360
10186945,4070,0.49,1,54964.784152,0.015764,0.793671,7.00e-7,14.549,4894,281.44070,47.24650
10189523,,0.48,1,54965.418559,0.011138,1.013916,1.10e-6,15.856,5002,283.01200,47.23860
10191056,5774,0.53,1,54955.031469,0.034813,2.427495,3.80e-6,10.811,6588,283.86630,47.22830
10191070,727,0.59,1,54964.745516,0.035461,1.213745,1.40e-6,15.825,4650,283.87570,47.23190
10198097,,0.82,1,55000.736510,0.799621,2.815224,4.70e-6,12.759,,287.48380,47.22400
10198109,,0.07,1,54979.392203,0.030471,17.918743,6.73e-5,13.776,5592,287.49350,47.22470
10206340,,0.61,1,54956.962646,0.136536,4.564401,9.30e-6,11.203,5213,291.24510,47.24930
10208759,,0.51,1,54967.647038,0.060150,4.575031,9.50e-6,13.990,6570,292.25570,47.28630
10215422,,0.07,1,54987.126909,0.043556,24.847080,1.08e-4,14.608,5427,294.75990,47.20190
10215869,3548,0.24,1,55002.598791,0.029864,5.017270,5.71e-5,14.115,6287,294.92370,47.25000
10216186,,0.64,1,54965.016594,0.028489,0.605939,5.00e-7,13.770,6655,295.04040,47.22500
10221886,,-1.00,1,55004.929759,,8.316718,2.23e-5,12.448,6148,296.89860,47.28160
10223616,1076,0.03,1,54975.144652,0.093130,29.124583,1.33e-4,15.187,4375,297.39070,47.25570
10225800,729,0.37,1,54965.654564,0.013512,1.423797,1.70e-6,15.623,5707,298.00020,47.24370
10226388,,0.77,1,54954.116530,0.032137,0.660657,6.00e-7,10.772,,298.14890,47.27720
10227863,3983,0.63,1,54968.073435,0.166332,5.139709,1.13e-5,13.753,5476,298.55260,47.24730
10228240,,0.88,1,55000.697320,0.507994,2.173421,3.20e-6,13.977,6404,298.63910,47.22080
10228942,6219,0.08,1,54960.196457,0.040718,21.025442,8.45e-5,13.079,6361,298.82740,47.25770
10229723,,0.83,1,54953.684290,0.036748,0.628724,5.00e-7,11.971,6201,299.02000,47.22050
10232123,1075,0.44,1,54954.181852,0.015251,1.343766,1.60e-6,13.056,,299.70080,47.29180
10253375,,0.89,1,54999.928207,0.022882,0.375325,2.30e-6,14.523,6159,281.44740,47.32130
10253421,,0.68,1,54953.634411,0.019438,0.428354,3.00e-7,12.511,,281.48720,47.31930
10255110,,0.88,1,54953.623640,0.021195,0.336703,2.00e-7,13.488,6213,282.49880,47.33080
10257903,,0.59,1,54965.028405,0.017954,0.858570,8.00e-7,15.482,5761,284.08420,47.37360
10258558,,0.11,1,54969.403096,0.035651,20.867856,8.45e-5,14.492,5862,284.45450,47.31200
10259029,3630,0.12,1,55002.866032,0.021219,7.061140,5.29e-5,17.115,5373,284.67480,47.34080
10259301,3608,0.01,1,55118.947396,0.060502,244.833000,2.28e-3,13.556,5853,284.81530,47.39260
10259530,,0.86,1,54964.588439,0.042426,0.707206,6.00e-7,12.121,7736,284.93970,47.33540
10264202,,0.50,1,54965.550176,0.014342,1.035148,1.10e-6,15.777,5207,287.42360,47.37330
10265602,2689,0.00,1,55007.290871,0.021787,165.344678,1.58e-3,15.548,5756,288.17790,47.36670
10267044,,0.82,1,54964.860903,0.024955,0.430036,3.00e-7,14.039,6878,288.86930,47.37000
10268809,,0.05,1,54971.999951,0.034276,24.708999,1.05e-4,13.737,5787,289.68060,47.31780
10268903,3773,0.39,1,54999.910577,0.009749,1.103966,3.60e-6,17.362,,289.71300,47.34350
10274218,,0.95,1,55003.411999,0.112330,1.764112,2.40e-6,10.321,,291.92700,47.34710
10274244,,0.08,1,54954.526463,0.028389,13.683690,4.53e-5,11.544,5206,291.93640,47.30970
10275074,3606,0.33,1,54999.250399,0.028269,4.362884,4.41e-4,14.182,6354,292.26770,47.39480
10275197,,0.79,1,54953.707304,0.022464,0.390835,3.00e-7,12.896,6440,292.32490,47.39900
10275747,,0.62,1,54954.274697,0.025116,0.661748,6.00e-7,12.796,7362,292.53850,47.36440
10275887,,0.48,1,54972.476667,0.122534,9.726750,2.80e-5,13.040,,292.59220,47.39230
10280990,,0.90,1,54964.918637,0.022532,0.384457,3.00e-7,14.318,5523,294.52300,47.36860
10285661,,0.79,1,55002.038068,0.018596,0.308292,2.00e-7,15.318,5733,296.19280,47.33720
10287248,1152,0.20,1,55733.752354,0.023637,4.722257,1.03e-5,13.987,,296.69560,47.32730
10288502,,0.97,1,54964.677419,0.013599,0.230185,1.00e-7,14.794,6116,297.04180,47.39390
10291683,,0.91,1,54954.270446,0.117615,2.043743,2.90e-6,9.923,8359,297.92960,47.39060
10292238,3526,0.02,1,55099.358181,0.098477,143.119263,1.18e-3,14.996,5512,298.07740,47.34660
10292413,,0.95,1,54954.202209,0.033151,0.559159,4.00e-7,13.194,,298.12350,47.32510
10292465,,0.43,1,54964.934712,0.015057,1.353374,1.60e-6,14.956,5258,298.13630,47.38450
10294608,,0.37,1,54956.218283,0.029287,3.708984,6.90e-6,13.344,5603,298.73630,47.37740
10295951,1154,0.36,1,54955.424427,0.062355,6.810825,1.67e-5,12.628,6998,299.10280,47.37780
10296163,,0.17,1,54959.387400,0.043059,9.296764,2.60e-5,13.211,6229,299.16690,47.35610
10319590,,0.09,1,54965.716743,0.085213,21.320459,8.62e-5,13.729,5518,281.71480,47.41440
10320341,5786,0.04,1,54991.528272,0.035527,30.114691,1.41e-4,14.482,6061,282.19700,47.41960
10322296,,0.84,1,54964.780304,0.020740,0.315033,2.00e-7,12.719,,283.39160,47.43650
10322582,,0.88,1,54964.559511,0.017759,0.291269,2.00e-7,14.795,5806,283.54130,47.48510
10330495,,0.18,1,54971.610227,0.084595,18.060081,6.85e-5,14.724,5132,287.87510,47.44580
10332789,,0.08,1,54968.206431,0.036371,18.740726,7.23e-5,15.861,5893,289.03680,47.46600
10334122,,-1.00,1,54983.553583,,37.952857,1.95e-4,12.846,6116,289.66440,47.40040
10338279,3216,0.05,1,55001.427132,0.007174,5.660270,1.28e-5,12.049,5404,291.37060,47.43550
10341913,1172,0.60,1,54967.313786,0.034911,1.867498,2.60e-6,13.079,5949,292.77590,47.46170
10342041,1155,0.60,1,54965.453736,0.041231,1.867493,2.60e-6,14.658,5084,292.83300,47.49550
10345478,737,0.09,1,54972.184503,0.026864,14.498387,4.99e-5,15.684,5117,294.12100,47.40880
10345862,,0.09,1,54968.875502,0.137235,58.288224,3.49e-4,14.231,5250,294.25420,47.43780
10346522,,0.59,1,54965.571148,0.110493,3.989142,7.80e-6,14.404,5286,294.48340,47.45270
10350225,,0.80,1,54964.827478,0.017899,0.282070,2.00e-7,14.781,5455,295.80230,47.43990
10351767,1153,0.58,1,54965.114615,0.013779,0.635070,5.00e-7,14.539,6113,296.32030,47.40660
10352603,,0.07,1,54992.973769,0.059892,32.778987,1.59e-4,14.520,5884,296.59040,47.41690
10352938,3756,0.41,1,55001.724483,0.063232,6.471629,4.66e-5,14.350,,296.69700,47.40760
10355671,,0.95,1,54953.637054,0.015054,0.303630,2.00e-7,13.599,5224,297.50580,47.47340
10357852,,0.87,1,54954.071041,0.029728,0.488341,4.00e-7,13.062,6327,298.11170,47.49110
10363300,,0.56,1,54965.177722,0.019389,0.934926,9.00e-7,14.681,5700,299.63450,47.47730
10383620,,0.64,1,54954.126474,0.024989,0.734563,7.00e-7,12.830,7470,280.83770,47.57900
10383696,3671,0.13,1,55001.468218,0.027110,8.487700,6.85e-5,16.947,5346,280.88580,47.56560
10384962,619,0.24,1,54966.279857,0.018025,2.879243,4.90e-6,14.371,5688,281.77560,47.59330
10385682,6223,0.34,1,54965.873706,0.041120,6.207461,1.47e-5,15.001,5805,282.18960,47.52380
10388897,,0.99,1,54964.747492,0.017814,0.343729,2.00e-7,14.135,5795,284.10320,47.52910
10389596,,0.99,1,55156.061283,0.129923,2.609300,4.20e-6,13.358,,284.50480,47.55100
10389809,,0.77,1,54964.670612,0.022300,0.397397,3.00e-7,14.635,5786,284.58740,47.52130
10389982,,0.74,1,54964.671500,0.026229,0.443989,3.00e-7,11.759,6859,284.66930,47.57760
10395202,,0.81,1,54964.643345,0.019503,0.305945,2.00e-7,14.705,5260,287.50560,47.56180
10395543,531,0.09,1,55000.192190,0.008764,3.687470,7.00e-6,14.418,3946,287.69120,47.54690
10395609,,0.87,1,54964.760545,0.022197,0.364254,2.00e-7,14.520,6160,287.72990,47.59740
10407221,2605,0.61,1,55011.200039,0.046015,0.933740,1.00e-6,15.647,4427,292.84450,47.55040
10417135,,0.94,1,54965.316632,0.063906,1.203332,1.40e-6,13.249,8421,296.47790,47.55470
10417986,,0.99,1,55000.027476,0.004231,0.073731,,9.128,,296.74880,47.54380
10418797,741,0.04,1,54979.477764,0.029766,23.355348,9.83e-5,15.278,5556,296.95730,47.55380
10419211,742,0.08,1,54969.275098,0.023403,11.521427,3.59e-5,15.472,5572,297.07990,47.59740
10420279,,0.03,1,55005.943791,0.036959,45.433250,2.48e-4,14.774,5512,297.38030,47.54500
10422852,,0.56,1,54965.165889,0.025834,1.398890,1.70e-6,14.855,5877,298.07640,47.51280
10447902,,0.76,1,54964.634577,0.019151,0.337464,2.00e-7,14.918,5578,280.47690,47.65500
10454401,,0.12,1,54972.345207,0.024965,12.180722,3.90e-5,15.386,5568,284.31720,47.67860
10454725,,0.64,1,54964.748311,0.039056,0.831768,1.70e-6,14.241,6911,284.46520,47.60270
10460629,1168,0.00,2,54916.243409,0.057432,525.020000,7.35e-3,13.997,6209,287.58680,47.60000
10460629,1168,0.00,2,55061.433863,0.225168,856.650000,1.47e-2,13.997,6209,287.58680,47.60000
10462826,,0.03,1,54965.008667,0.055867,50.467032,2.98e-4,14.884,5850,288.67480,47.63600
10464078,743,0.20,1,54966.674182,0.085342,19.404017,7.51e-5,15.487,4877,289.25820,47.63530
10464666,3578,0.00,1,55027.548567,0.033727,131.734237,1.05e-3,13.395,4899,289.53010,47.62620
10468514,,0.58,1,54965.027147,0.010467,0.424938,7.65e-5,14.319,5158,291.10970,47.61550
10480952,5797,0.38,1,54954.364164,0.032594,4.074906,8.00e-6,12.220,,295.80460,47.67090
10480982,744,0.06,1,54979.108679,0.030146,19.221388,7.51e-5,15.341,5876,295.81450,47.69040
10481912,,0.96,1,54953.718259,0.025536,0.442368,3.00e-7,11.855,6593,296.14970,47.65320
10483644,6225,0.12,1,54966.314610,0.016241,5.110771,1.11e-5,13.985,5781,296.68170,47.60030
10485069,1171,0.75,1,55066.494148,0.087544,0.445272,3.00e-7,15.343,5934,297.10350,47.64360
10485137,,0.72,1,54954.058370,0.022437,0.445275,3.00e-7,11.883,6013,297.11980,47.62400
10485250,745,0.20,1,55013.886118,0.069579,16.469783,6.18e-5,15.788,4957,297.15440,47.66870
10486425,,0.25,1,54969.708432,0.029458,5.274816,1.17e-5,12.465,7018,297.47680,47.65900
10487119,1635,0.20,1,55008.646287,0.028420,6.749360,2.19e-5,15.746,5500,297.66130,47.62390
10489521,3625,0.38,1,55000.317036,0.027572,3.224504,1.70e-5,16.169,6147,298.35330,47.66890
10489539,3231,0.28,1,55006.636779,0.170685,19.763878,7.65e-5,12.250,,298.35860,47.63860
10490960,,0.23,1,54966.636840,0.032886,5.682411,1.30e-5,14.300,5787,298.75860,47.69560
10491031,,0.42,1,54957.266300,0.037967,4.398138,8.90e-6,13.245,,298.77720,47.65540
10491544,3639,0.10,1,54996.255223,0.049644,22.771984,9.40e-5,13.436,4835,298.91160,47.65830
10491554,3576,0.07,1,54996.216235,0.049217,22.772120,2.02e-4,15.018,5785,298.91330,47.65790
10514770,1156,0.26,1,54965.493405,0.011542,1.872420,2.60e-6,15.290,5137,281.52380,47.75530
10518735,3612,0.06,1,55008.246386,0.028163,19.515000,2.19e-4,16.739,5146,283.91570,47.78460
10528299,,0.81,1,54964.631681,0.023700,0.399802,3.00e-7,13.967,6115,288.99050,47.73830
10534155,4345,0.18,1,55001.026366,0.008963,4.327092,8.70e-6,13.404,5517,291.50120,47.74770
10535807,,0.51,1,54965.699046,0.020446,1.481656,1.90e-6,13.873,6234,292.15170,47.71950
10544976,,0.55,1,55002.123696,0.006437,0.350469,2.00e-7,18.679,,295.65490,47.76370
10547209,,0.64,1,54966.508453,0.148836,2.254040,3.40e-6,13.695,6630,296.41910,47.75150
10547685,,0.33,1,54956.454223,0.018225,2.777022,4.60e-6,12.309,6165,296.57240,47.75270
10549576,,0.20,1,54972.078799,0.041666,9.089466,2.55e-5,13.015,7492,297.11830,47.74160
10551346,5804,0.59,1,54964.895392,0.006649,1.427963,1.80e-6,13.731,5891,297.61910,47.76790
10555365,3771,0.23,1,54999.585988,0.030523,5.801810,3.99e-5,16.605,5466,298.77110,47.78540
10556068,,0.91,1,54955.365922,0.131295,2.117156,3.10e-6,11.561,7901,298.95450,47.77360
10556578,,0.47,1,55003.737543,0.013173,1.252864,1.50e-6,15.594,4977,299.09530,47.70680
10557008,,0.80,1,54964.637009,0.015123,0.265419,2.00e-7,14.662,5088,299.22040,47.72680
10581918,3807,0.54,1,55139.362915,0.033856,1.801863,2.60e-6,12.796,7252,283.04370,47.80460
10583180,748,0.48,1,54966.010891,0.192778,2.696281,4.40e-6,15.269,4825,283.76550,47.80430
10583181,,0.47,1,54955.210895,0.034219,2.696323,4.40e-6,11.009,6231,283.76650,47.81900
10583225,3902,0.48,1,54966.012006,0.031784,2.696307,4.40e-6,14.544,5229,283.78960,47.80640
10586874,,0.77,1,54964.747881,0.028997,0.535487,2.00e-6,14.099,6640,285.77770,47.81550
10592163,,0.11,1,54966.772446,0.040971,14.762947,5.14e-5,15.095,5482,288.55360,47.86730
10593759,25,0.19,1,54956.476578,0.022881,6.265210,1.48e-5,13.499,5995,289.26170,47.81550
10596883,,0.84,1,55002.017644,0.027049,0.468911,9.00e-7,14.135,7296,290.54840,47.80270
10599397,1285,0.51,1,54964.910816,0.014710,0.937407,1.00e-6,14.546,5278,291.63700,47.83230
10600319,,0.94,1,54964.868221,0.016000,0.281516,2.00e-7,14.941,4848,291.99400,47.89770
10601549,6226,0.36,1,54965.807088,0.012672,1.463773,1.80e-6,13.318,5259,292.47940,47.83460
10601579,,0.20,1,54967.774613,0.035764,8.098754,2.16e-5,11.587,,292.49180,47.83540
10602291,210,0.03,1,54972.324885,0.022581,20.927361,8.45e-5,14.877,5812,292.78240,47.80060
10611450,,-1.00,1,54997.221223,,11.652748,3.63e-5,14.403,6257,296.12440,47.83070
10613718,,0.39,1,54953.886226,0.009901,1.175878,1.30e-6,12.735,5080,296.82580,47.87740
10614012,1807,-1.00,1,54982.328475,0.919725,132.167312,1.05e-3,9.715,4859,296.92870,47.88300
10614158,6227,0.58,1,54966.714030,0.130445,4.462260,4.71e-4,14.673,4636,296.97520,47.88660
10616571,340,0.18,1,54969.956158,0.111899,23.673107,1.01e-4,13.057,5544,297.66470,47.80140
10616656,5814,0.04,1,54968.965447,0.030704,25.285262,1.08e-4,12.138,6248,297.69450,47.87900
10616829,,0.59,1,54965.293061,0.027919,1.072934,1.20e-6,13.960,6670,297.74240,47.89170
10618253,,0.90,1,54964.985569,0.027951,0.437403,3.00e-7,12.809,6118,298.12480,47.81240
10619109,,0.55,1,54955.136772,0.040497,2.045183,2.90e-6,11.704,7028,298.37130,47.81390
10619506,,0.92,1,54964.989601,0.027928,0.503555,4.00e-7,13.738,6526,298.47680,47.88960
10651945,3441,0.06,1,55022.547521,0.036663,25.366996,1.13e-4,15.538,5946,285.43810,47.90350
10656508,211,0.00,1,54969.014818,0.045427,124.035832,1.05e-3,14.989,6072,287.97030,47.97210
10657664,964,0.36,1,54956.769874,0.026373,3.273699,5.80e-6,13.234,10564,288.49950,47.99650
10659313,6079,0.06,1,54961.412604,0.024694,15.249337,5.29e-5,13.593,6167,289.22280,47.91390
10661783,,0.62,1,54954.954320,0.039362,1.231363,1.40e-6,9.586,7887,290.29840,47.97860
10664416,2599,-1.00,1,55022.174390,,25.322174,1.11e-4,14.856,4996,291.40080,47.92460
10666230,1295,0.37,1,55065.706404,0.015455,1.577797,2.00e-6,15.031,5859,292.08910,47.92960
10666242,198,0.00,1,54986.392335,0.027977,87.239480,6.38e-4,14.288,5538,292.09820,47.94080
10676927,3830,0.56,1,54999.931305,0.107935,1.031100,3.30e-6,17.022,5451,296.14960,47.93780
10677186,3595,0.01,1,55249.885113,0.070499,100.401305,9.45e-4,15.017,5649,296.22290,47.92390
10679505,,-1.00,1,55000.289961,,5.675186,1.29e-5,13.835,6408,296.93420,47.98120
10680475,,0.78,1,54964.776534,0.019534,0.349832,2.00e-7,14.257,6082,297.22130,47.93900
10684673,,1.00,1,55026.598808,0.010851,0.192556,1.00e-7,11.125,7106,298.42670,47.97420
10686876,,0.45,1,54953.949815,0.032408,2.618427,4.20e-6,11.727,7944,299.05670,47.90940
10710755,6080,0.22,1,54966.762895,0.027130,4.816611,1.02e-5,14.843,5564,281.93640,48.01010
10711551,3359,0.18,1,54972.964587,0.031944,10.692219,3.36e-5,15.507,5752,282.38330,48.04280
10711646,,0.51,1,54964.686206,0.009320,0.737652,7.00e-7,15.787,4339,282.43600,48.09780
10711913,,0.08,1,55007.204177,0.038081,19.408016,7.80e-5,15.521,5474,282.60110,48.03670
10711938,,0.95,1,54953.875654,0.018671,0.357604,2.00e-7,12.144,,282.61420,48.02000
10723143,,0.79,1,54964.841306,0.018014,0.307642,2.00e-7,15.495,5120,288.51840,48.08460
10724533,,0.76,1,54954.391541,0.041883,0.745092,7.00e-7,9.038,,289.15850,48.09720
10727655,,0.74,1,54953.909174,0.018255,0.353365,2.00e-7,13.433,6074,290.43290,48.06590
10727668,6081,0.47,1,54999.378378,0.028565,2.305900,3.19e-5,16.321,9471,290.43990,48.04510
10728219,6229,0.26,1,54971.243773,0.022230,3.371808,6.30e-6,15.909,5456,290.66060,48.04620
10735331,3720,0.00,1,55107.197480,0.042239,213.399342,2.28e-3,13.381,6694,293.49060,48.09540
10735519,6082,0.56,1,54954.052963,0.019816,0.907064,9.00e-7,11.780,4881,293.55740,48.04170
10735564,3617,0.53,1,55278.014693,0.028231,1.674985,3.10e-6,14.567,8035,293.57440,48.00740
10735988,6230,0.37,1,54965.572416,0.018113,1.927174,2.70e-6,15.706,5016,293.74010,48.01150
10736223,,0.56,1,54965.545055,0.024338,1.105094,1.20e-6,13.651,7797,293.84620,48.05030
10737574,,0.90,1,55000.163394,0.023022,0.365621,2.00e-7,13.914,5510,294.33760,48.08010
10743597,989,0.00,1,54936.094491,0.029846,81.194624,5.90e-4,15.488,5394,296.38230,48.04530
10743600,,0.58,1,55001.787469,0.020112,0.817023,1.70e-6,17.206,,296.38350,48.04400
10748621,3532,0.00,1,54860.840452,0.097721,286.180000,2.79e-3,15.138,5606,297.77280,48.09810
10751515,3589,0.07,1,55060.001367,0.087560,56.406491,4.41e-4,15.681,4838,298.52210,48.03290
10753734,,0.07,1,54982.807075,0.031032,19.406692,7.51e-5,13.564,5446,299.07830,48.02200
10753751,,0.91,1,55110.147912,0.024351,0.442962,3.00e-7,15.018,5752,299.08650,48.06080
10789421,,0.85,1,54953.919448,0.047249,0.776852,7.00e-7,11.849,,288.57730,48.12950
10794242,,0.21,1,54970.803281,0.038205,7.143706,1.80e-5,14.170,5459,290.61480,48.18680
10794405,,0.63,1,54965.335643,0.026215,0.952377,1.00e-6,14.713,5479,290.68860,48.19920
10794878,,0.86,1,54954.033942,0.025591,0.432771,3.00e-7,13.385,5529,290.88770,48.12870
10796477,,0.74,1,54964.678886,0.027269,0.484966,4.00e-7,14.107,6213,291.53470,48.13130
10797126,,0.77,1,54964.624163,0.067297,0.432440,3.00e-7,13.918,6432,291.79580,48.14310
10798605,3390,0.01,1,54992.166592,0.025264,56.048166,3.30e-4,14.967,5057,292.42440,48.15960
10798838,3449,0.01,1,55005.065601,0.033147,62.127665,3.90e-4,14.822,5160,292.52030,48.12350
10799558,,0.91,1,54964.646317,0.021516,0.366480,2.00e-7,13.625,6222,292.81120,48.16100
10799735,193,0.02,1,54990.350317,0.035833,37.590300,1.95e-4,14.904,5883,292.87620,48.19530
10801703,,0.85,1,54964.827035,0.018377,0.313092,2.00e-7,14.380,5306,293.66540,48.10750
10802917,,0.74,1,54999.905793,0.014633,0.272452,2.00e-7,15.867,4937,294.10830,48.18440
10809677,,0.17,1,54970.735027,0.023294,7.042176,1.76e-5,13.942,4995,296.47860,48.14620
10809970,,0.95,1,54953.657455,0.026104,0.447055,3.00e-7,13.533,5637,296.57730,48.12700
10815379,,0.79,1,55002.316811,0.228004,0.890520,9.00e-7,11.245,6069,298.09260,48.10450
10816107,,0.46,1,54964.802823,0.027250,2.161580,3.20e-6,13.945,5646,298.29190,48.19470
10818544,,0.90,1,54954.302973,0.073117,1.369217,1.60e-6,11.029,9335,298.96340,48.13320
10844279,,0.82,1,55000.228057,0.036669,0.623413,4.80e-6,14.227,7037,282.92920,48.26020
10845188,3602,0.00,1,55112.685840,0.052250,249.361945,2.79e-3,13.867,5663,283.55250,48.22290
10847118,,0.82,1,54964.702947,0.017923,0.293553,2.00e-7,13.965,5528,284.79870,48.26330
10848459,754,0.36,1,54965.093801,0.015988,1.736952,2.30e-6,15.597,5555,285.53460,48.28520
10848807,,0.75,1,54999.987599,0.017968,0.346247,2.00e-7,15.788,5869,285.73100,48.27930
10849244,,0.07,1,54955.979284,0.043750,24.261683,1.03e-4,12.325,5887,285.97830,48.22550
10854621,,0.81,1,54964.622869,0.022150,0.375939,3.00e-7,15.533,5744,288.78100,48.25220
10855535,,0.99,1,54964.629315,0.006374,0.112782,,13.870,7555,289.21190,48.20310
10857342,3739,0.57,1,55005.264570,0.055863,2.415925,2.75e-5,14.467,8540,290.01150,48.24420
10857519,2075,0.45,1,55000.370133,0.023291,2.053334,2.90e-6,12.217,6145,290.10200,48.25110
10857589,,0.12,1,54980.076438,0.095833,32.532526,1.59e-4,15.354,5589,290.13070,48.28990
10858117,,0.00,1,54848.714621,0.117852,606.110000,7.35e-3,14.317,5354,290.39750,48.25550
10858720,,0.63,1,54954.858926,0.026309,0.952378,1.00e-6,10.971,,290.69630,48.20300
10861842,,0.76,1,54964.817808,0.028599,0.471943,4.00e-7,14.291,7191,292.07180,48.23830
10863286,,-1.00,1,54955.434620,,3.723867,7.00e-6,12.966,7071,292.70820,48.20700
10873904,,-1.00,1,54996.753766,,9.885633,2.85e-5,13.065,6568,296.60010,48.29600
10874226,1290,0.05,1,54972.249779,0.017705,11.973625,3.80e-5,15.175,5930,296.71630,48.21130
10874926,1293,0.04,1,54966.720995,0.013987,11.703107,3.67e-5,15.003,5737,296.93270,48.26650
10877703,,0.80,1,54964.737179,0.025802,0.436937,3.00e-7,14.344,6106,297.78490,48.24870
10879213,3730,0.46,1,54999.913074,0.014709,1.336971,4.80e-6,18.792,,298.25990,48.21900
10880490,,0.75,1,54964.857887,0.016751,0.298005,2.00e-7,15.239,5807,298.65690,48.23640
10904857,194,0.20,1,54997.432212,0.015806,3.120831,5.50e-6,14.804,5883,282.96620,48.34510
10905804,,0.68,1,54964.887166,0.036829,0.751097,7.00e-7,14.417,8000,283.66920,48.33420
10905824,,0.80,1,55003.276777,0.596849,2.719535,4.40e-6,12.811,9095,283.68590,48.34020
10909274,,0.03,1,54981.650885,0.036752,39.238140,2.02e-4,12.153,6358,285.97620,48.32080
10916675,,0.87,1,54953.700252,0.025655,0.418868,3.00e-7,13.377,6516,290.06440,48.33870
10919564,,0.81,1,54861.987523,0.037827,0.462137,3.00e-7,15.708,5474,291.59740,48.39330
10920086,5841,0.37,1,54965.143665,0.008132,3.213193,5.60e-6,12.520,6478,291.85210,48.31960
10920314,,0.64,1,54953.586610,0.021704,0.505169,4.00e-7,13.119,6993,291.95660,48.34680
10920813,,0.18,1,55018.449418,1.338123,53.740903,3.13e-4,13.756,,292.21010,48.31560
10923260,,0.15,1,54976.953429,0.028583,7.436017,1.91e-5,14.546,5970,293.34520,48.38230
10924462,,0.67,1,54953.922800,0.015836,0.375372,2.00e-7,13.398,4747,293.84710,48.32190
10924853,1292,0.10,1,54965.286281,0.011042,4.204809,8.40e-6,15.642,5745,294.02170,48.39040
10925104,156,0.13,1,54967.993222,0.025596,8.041339,2.14e-5,13.738,4450,294.12140,48.34950
10934755,,0.68,1,54964.842450,0.041549,0.786484,7.00e-7,14.397,7645,297.70750,48.33770
10935310,6083,0.15,1,54957.321310,0.017497,4.128795,8.10e-6,13.100,5669,297.91590,48.33210
10936427,,0.25,1,54971.842189,0.076277,14.361023,4.92e-5,14.419,5082,298.34380,48.33590
10937609,,0.50,1,54955.908419,0.033212,2.570431,4.10e-6,13.430,6016,298.74160,48.32700
10960995,3564,0.30,1,55185.880504,0.020049,3.117087,6.90e-6,14.498,4707,283.31790,48.40460
10963242,1312,0.21,1,54968.078534,0.038613,6.146822,1.45e-5,14.706,6157,284.91050,48.43160
10965091,,0.76,1,54964.696236,0.013589,0.235855,1.00e-7,15.280,4718,286.07310,48.40150
10965963,,0.22,1,54965.775223,0.036675,6.640242,1.63e-5,13.881,5814,286.61070,48.47970
10972830,,0.95,1,54999.995123,0.133327,0.678450,8.00e-7,10.173,,290.39960,48.46590
10973583,6232,0.12,1,55004.078061,0.016106,6.256343,1.55e-5,15.798,5522,290.79880,48.48390
10979669,,0.83,1,54954.500842,0.057198,0.925768,9.00e-7,12.333,6697,293.76810,48.42110
10979716,,0.10,1,54967.082259,0.022285,10.684056,3.22e-5,15.774,3932,293.79080,48.40140
10987439,,0.10,1,54971.883920,0.025080,10.674599,3.22e-5,10.810,6182,296.82590,48.44340
10989032,,0.53,1,54966.704728,0.013191,2.305098,3.50e-6,13.866,8620,297.39350,48.41080
10991769,,0.98,1,55002.672938,0.202793,3.281345,5.80e-6,11.126,8412,298.44290,48.41280
10991989,,0.54,1,54954.647910,0.017607,0.974478,1.00e-6,10.282,5021,298.52710,48.41860
10992733,,0.08,1,54977.194097,0.034407,18.525918,7.10e-5,15.124,5274,298.80560,48.47200
11012801,,0.96,1,54964.730294,0.020383,0.367311,2.00e-7,14.224,5936,281.73890,48.51380
11013201,972,0.98,1,55001.990706,0.013106,0.227394,1.00e-7,9.275,7779,282.00030,48.54220
11017077,,0.68,1,54965.100945,0.037788,0.708564,6.00e-7,13.448,,284.73950,48.55910
11021252,6084,0.22,1,54966.255394,0.018126,3.269192,5.80e-6,14.966,6165,287.35610,48.54310
11027722,,0.47,1,54965.137801,0.007549,0.678137,6.00e-7,14.291,6212,290.90580,48.53180
11036301,,0.95,1,54964.715182,0.016297,0.285237,2.00e-7,15.121,4708,294.85730,48.56620
11036692,,0.96,1,55002.036666,0.020929,0.358947,3.00e-7,15.684,5681,295.02520,48.50140
11042923,,0.76,1,54964.774282,0.021133,0.390162,3.00e-7,14.321,6086,297.29720,48.51880
11044668,,-1.00,1,54955.001055,,139.450000,1.18e-3,12.346,4959,297.94490,48.55780
11044779,3327,0.14,1,55195.822728,0.038629,15.608623,6.98e-5,15.466,5362,297.98300,48.55570
11045383,1645,0.01,1,54991.939066,0.013816,41.166738,2.19e-4,13.418,5036,298.21090,48.55920
11046124,,0.95,1,55002.519685,0.237980,4.307409,6.29e-5,14.417,8809,298.50230,48.54190
11069176,2007,0.14,1,54976.382555,0.041997,15.379615,5.37e-5,13.127,5821,282.92500,48.62640
11071207,,0.16,1,54971.653401,0.036678,8.049635,2.14e-5,13.831,6427,284.41780,48.68090
11071278,,-1.00,1,54992.110514,,55.885225,3.30e-4,11.369,,284.46610,48.65530
11073223,,0.11,1,54964.797021,0.028347,11.578947,3.59e-5,15.003,5800,285.71440,48.60180
11076176,5862,0.58,1,54964.837773,0.018781,0.699986,6.00e-7,15.667,5034,287.57660,48.67940
11076279,,0.55,1,54965.926874,0.028297,1.472585,3.90e-6,14.206,7130,287.64720,48.64670
11083888,,0.94,1,54964.685452,0.018174,0.342667,2.00e-7,15.093,6284,291.74630,48.69700
11084647,,0.83,1,54964.744983,0.019423,0.311674,2.00e-7,15.319,5392,292.13130,48.62760
11084782,,0.93,1,54953.865163,0.034049,0.586535,5.00e-7,12.583,8371,292.19640,48.69650
11086270,124,0.10,1,54970.126393,0.034583,12.691047,4.09e-5,12.935,6076,292.92910,48.60280
11091082,,0.83,1,54964.777423,0.023201,0.385082,3.00e-7,14.721,6294,295.09430,48.63330
11097678,,0.90,1,54954.857024,0.052921,0.999716,1.00e-6,13.220,6493,297.61940,48.69350
11099351,6234,0.29,1,54956.044784,0.016416,2.377955,3.60e-6,11.639,9353,298.27740,48.64080
11100657,1418,0.06,1,54994.579248,0.012271,8.344101,2.85e-5,15.734,5243,298.76060,48.60020
11122789,,-1.00,1,55000.642064,,3.238154,5.70e-6,9.641,6845,283.12460,48.73490
11124509,,0.09,1,54968.730052,0.017213,8.892905,2.46e-5,14.735,5417,284.40350,48.70810
11125936,1419,0.25,1,54993.892041,0.012184,2.672217,4.50e-6,15.507,5848,285.41200,48.72520
11127048,,0.94,1,54964.786190,0.016569,0.299323,2.00e-7,15.221,5448,286.05720,48.73890
11133313,,-1.00,1,54998.054769,,27.400893,1.23e-4,12.238,5993,289.66660,48.72960
11134079,,0.44,1,54965.059101,0.015358,1.260566,1.50e-6,14.864,5201,290.01400,48.70180
11135978,,0.75,1,54953.926345,0.015543,0.292059,2.00e-7,12.331,5004,291.04130,48.71800
11137143,,0.91,1,54964.776698,0.018775,0.313533,2.00e-7,13.145,5895,291.65640,48.72560
11138155,760,0.13,1,54965.582600,0.016483,4.959328,1.07e-5,15.263,5887,292.16710,48.72760
11144556,,0.84,1,54954.061015,0.039258,0.642980,5.00e-7,13.551,6428,295.11920,48.73290
11147276,,0.31,1,54967.102845,0.020566,3.133058,5.50e-6,13.984,5656,296.14210,48.70210
11147460,6235,0.37,1,54965.942823,0.030707,4.107736,8.10e-6,13.912,4855,296.20500,48.76680
11147814,3334,0.00,1,55057.596233,0.022614,95.178299,6.93e-4,14.401,4351,296.33860,48.75760
11151970,,0.88,1,54954.067131,0.019744,0.311629,2.00e-7,13.071,5123,297.83790,48.77420
11153627,,0.89,1,54965.037034,0.033753,0.561697,5.00e-7,13.982,5286,298.49270,48.78280
11154110,,0.74,1,54965.026876,0.029886,0.529664,4.00e-7,13.370,6938,298.67040,48.74540
11175495,,0.69,1,54954.005791,0.123118,2.191027,3.20e-6,12.969,8070,282.54720,48.85640
11179657,,0.99,1,55001.967587,0.036282,0.788912,8.00e-7,17.065,,285.59150,48.84790
11180361,971,0.57,1,54964.777867,0.017589,0.533061,4.00e-7,7.748,8330,286.01920,48.86670
11182260,,0.45,1,54954.006460,0.013110,1.291972,1.50e-6,13.238,4842,287.26070,48.84650
11187837,252,0.09,1,54968.290311,0.030311,17.604587,6.62e-5,15.613,3897,290.40150,48.82260
11189127,347,0.17,1,54954.758089,0.012739,2.671943,4.30e-6,13.318,,291.15740,48.86110
11190836,,0.93,1,54964.663182,0.023894,0.404016,3.00e-7,15.473,5794,292.06930,48.82950
11193447,1415,0.64,1,54953.977495,0.015393,0.625884,5.00e-7,13.397,,293.38150,48.82480
11197126,1443,0.25,1,54954.298554,0.005575,4.494809,9.10e-6,12.786,4911,295.03460,48.88220
11197853,2813,0.48,1,54999.774875,0.012035,0.698461,6.00e-7,13.586,4981,295.34220,48.85620
11198068,,0.71,1,54964.964485,0.018650,0.400175,3.00e-7,15.509,5030,295.43330,48.81620
11198723,,0.17,1,54970.570598,0.026982,6.840306,1.69e-5,15.445,5714,295.70040,48.83420
11200405,3724,0.23,1,55000.576576,0.140350,4.639600,2.88e-5,16.803,5818,296.35410,48.86360
11200773,,0.31,1,54965.043382,0.018361,2.489552,3.90e-6,13.669,5780,296.47740,48.85370
11228612,,0.33,1,54967.401223,0.022441,2.980480,5.10e-6,14.647,5829,282.60720,48.96830
11230837,,0.61,1,54965.044480,0.011736,0.446079,3.00e-7,15.738,5439,284.18480,48.95660
11231334,258,0.44,1,54993.020330,0.040704,4.157481,8.20e-6,9.887,6278,284.54180,48.96130
11232745,,0.09,1,54970.919026,0.017139,9.634244,2.77e-5,15.973,5204,285.47060,48.92730
11233911,,0.33,1,54969.122109,0.035079,4.959900,1.07e-5,14.742,5193,286.12270,48.92340
11234677,,0.43,1,54953.872607,0.017330,1.587425,2.00e-6,13.296,6183,286.61770,48.99680
11235323,,0.29,1,54965.523185,0.125934,19.668402,7.65e-5,13.486,5071,287.04660,48.99320
11236035,,0.83,1,55157.203865,0.126912,2.319003,2.60e-5,14.646,7927,287.51450,48.93460
11240948,,-1.00,1,55001.252154,,3.401937,6.10e-6,12.471,6822,290.10680,48.90340
11241814,3717,0.01,1,55065.211273,0.033738,227.664376,2.28e-3,14.984,5872,290.58290,48.96040
11242721,763,0.08,1,54973.099764,0.039917,19.651205,7.95e-5,15.536,5788,291.09390,48.93380
11244501,,0.89,1,54953.815356,0.015727,0.296676,2.00e-7,9.849,5151,292.04430,48.94360
11245381,,0.75,1,54953.641745,0.016634,0.306992,2.00e-7,12.858,5567,292.47920,48.91670
11246163,,0.79,1,54964.563148,0.016501,0.279228,2.00e-7,14.605,5277,292.87460,48.98400
11247386,,0.76,1,54999.834111,0.049400,0.394325,6.00e-7,14.387,7422,293.47860,48.95720
11249624,3553,0.01,1,55081.231980,0.030568,65.583721,4.15e-4,15.743,5344,294.43860,48.98520
11250867,,0.38,1,54955.621171,0.020795,2.252822,3.40e-6,13.387,5875,294.97410,48.94460
11252617,6236,0.19,1,55006.173228,0.021760,4.478120,9.60e-6,15.534,6089,295.69140,48.90380
11255667,,0.88,1,54954.269242,0.045358,0.818914,8.00e-7,10.941,6355,296.77040,48.92230
11255761,482,0.18,1,54967.608771,0.020076,4.992677,1.08e-5,14.917,5526,296.80890,48.96540
11284227,,0.96,1,55002.112905,0.025054,0.437571,3.00e-7,13.472,7243,284.17080,49.06200
11284547,,0.96,1,54964.534976,0.014846,0.262441,1.00e-7,15.450,5117,284.40690,49.03090
11285136,1774,0.30,1,55004.697902,0.017312,2.368178,3.80e-6,15.533,5672,284.86150,49.02700
11285625,,0.23,1,54975.334510,0.047294,10.790444,3.22e-5,10.143,6882,285.21620,49.08950
11287726,,0.35,1,54965.324676,0.038302,4.737714,1.00e-5,14.176,5167,286.52190,49.06920
11288684,,-1.00,1,54998.318341,,22.210063,9.20e-5,13.780,,287.15910,49.08000
11289003,,0.96,1,55000.013774,0.019506,0.330342,4.40e-6,15.541,5795,287.38250,49.05140
11295026,,0.90,1,54953.888646,0.017971,0.290855,2.00e-7,12.810,4988,290.82870,49.03560
11295347,,0.97,1,54954.538010,0.050040,0.888440,9.00e-7,11.729,7620,290.98910,49.07280
11303416,,0.94,1,54964.927759,0.022983,0.320784,2.00e-7,15.023,4825,294.89170,49.05130
11303526,,0.86,1,54954.138339,0.044289,0.720090,6.00e-7,13.002,6471,294.94560,49.03030
11303811,3744,0.85,1,55002.298415,0.207859,3.379469,7.80e-6,15.770,4799,295.06150,49.04660
11304987,2993,0.35,1,54964.802895,0.009349,1.385386,1.70e-6,15.417,5664,295.56530,49.07310
11305087,,0.79,1,54964.836735,0.018609,0.309267,2.00e-7,15.038,5512,295.60230,49.02420
11336707,,0.91,1,54964.637372,0.015855,0.251298,1.00e-7,14.804,4751,283.80220,49.12880
11338865,,0.87,1,54954.092011,0.047888,0.880385,9.00e-7,13.275,8658,285.31250,49.11460
11341950,,0.74,1,54964.806734,0.015854,0.288371,2.00e-7,14.924,5511,287.27440,49.19960
11342573,1771,0.00,1,55037.845597,0.041262,91.056035,6.93e-4,15.959,5844,287.66360,49.14150
11347875,,0.86,1,54965.552770,0.310258,3.455091,6.30e-6,13.809,4426,290.46730,49.19860
11350389,,0.41,1,54965.025108,0.012391,1.512644,1.90e-6,15.724,5124,291.84290,49.11910
11352791,,0.92,1,55000.163545,0.016900,0.280519,3.50e-6,15.577,6059,293.09920,49.11930
11357192,3782,0.00,1,55002.610870,0.020006,186.516787,1.92e-3,13.529,4820,295.08720,49.16990
11358392,,0.44,1,54954.564943,0.011536,0.984977,1.00e-6,13.548,6195,295.62770,49.17820
11359305,,0.02,1,54965.871514,0.024857,28.487115,1.29e-4,13.363,6101,295.98430,49.13030
11391181,,0.12,1,54972.068475,0.024641,8.617340,2.36e-5,15.257,5218,284.99450,49.22820
11391667,1652,0.45,1,54954.131308,0.011009,1.083737,1.20e-6,12.923,5394,285.30210,49.26350
11391755,2639,0.16,1,54979.433856,0.166924,25.104115,1.13e-4,15.527,5876,285.36520,49.20160
11392618,1623,0.03,1,55007.218640,0.043980,110.930000,8.40e-4,12.037,5520,285.90610,49.28750
11395117,,0.74,1,54964.845917,0.016364,0.306517,2.00e-7,14.993,4879,287.54750,49.20560
11395645,,0.75,1,55000.011362,0.029156,0.496909,3.50e-6,15.211,6396,287.90430,49.28700
11401845,5894,0.56,1,55005.930055,0.042298,2.161399,1.64e-4,14.355,7590,291.29700,49.24450
11402381,,0.87,1,54953.884042,0.025611,0.417365,3.00e-7,13.257,6481,291.59150,49.25810
11403032,,-1.00,1,55001.910810,,7.631634,1.97e-5,11.500,6433,291.92790,49.29700
11403216,3561,0.27,1,55186.619762,0.025929,4.053253,1.01e-5,15.537,5757,292.02690,49.20720
11403776,,0.71,1,55000.042671,0.017520,0.401806,3.00e-7,15.765,5571,292.31430,49.28550
11404644,6085,0.29,1,54969.388045,0.042203,5.902600,1.37e-5,15.179,5892,292.75610,49.26460
11404698,,0.58,1,54964.788397,0.011551,0.590192,5.00e-7,14.854,4264,292.78290,49.23040
11404758,,0.88,1,54964.825367,0.021850,0.351246,2.00e-7,13.958,6374,292.81440,49.20130
11405559,,0.75,1,54964.844590,0.015735,0.284937,2.00e-7,13.692,5232,293.22560,49.24260
11408810,,0.80,1,54953.868542,0.047069,0.749287,7.00e-7,12.607,7555,294.73040,49.29440
11408935,6086,0.15,1,54980.304697,0.064669,15.995090,5.71e-5,15.284,5660,294.78080,49.27360
11409673,,-1.00,1,54998.146632,,12.317869,3.90e-5,12.878,7906,295.13640,49.27330
11409698,,0.14,1,54972.176164,0.038336,10.267827,3.03e-5,13.691,6409,295.14680,49.28240
11410485,,0.78,1,54964.854909,0.028847,0.428793,3.00e-7,13.693,6732,295.49330,49.29960
11413213,,0.87,1,55002.094949,0.014974,0.237466,2.00e-7,15.861,4213,296.53890,49.29240
11442348,,0.76,1,54964.605336,0.016792,0.312841,2.00e-7,14.546,5301,284.10050,49.36230
11442465,768,0.12,1,54985.742007,0.103410,33.933831,1.64e-4,15.716,4896,284.17230,49.36070
11442793,351,-1.00,1,54980.096927,0.106720,842.400000,1.47e-2,13.804,6103,284.43350,49.30520
11444780,,0.73,1,54964.589880,0.014005,0.286714,2.00e-7,15.732,4566,285.71130,49.39710
11447953,,0.94,1,54955.251162,0.083621,1.498884,1.90e-6,11.256,6412,287.80800,49.37810
11449844,125,0.03,1,54984.852150,0.040900,38.478764,2.02e-4,13.779,5304,288.90220,49.37050
11455484,3673,0.30,1,54998.885719,0.244738,6.142750,4.30e-5,16.152,,292.02890,49.38770
11455795,,0.47,1,54964.791642,0.012312,1.057335,1.10e-6,15.414,4477,292.18420,49.31000
11457191,,0.52,1,54965.967089,0.025103,2.298395,3.50e-6,14.554,5598,292.92560,49.34730
11460346,,0.94,1,54964.714942,0.022437,0.385648,3.00e-7,15.192,6273,294.41360,49.32700
11463211,770,0.33,1,54964.832732,0.012457,1.506354,1.90e-6,15.525,5502,295.66520,49.35100
11465813,771,0.01,1,55285.816598,0.302424,670.700000,7.35e-3,15.207,5574,296.69860,49.31650
11494130,978,-1.00,1,54962.683855,,18.955414,7.23e-5,10.988,6330,284.02680,49.41540
11494583,,0.94,1,54964.685201,0.015511,0.248342,1.00e-7,15.439,4385,284.36740,49.46440
11495766,2630,0.10,1,55009.377729,0.046025,8.340443,2.23e-5,13.391,5631,285.22530,49.42420
11495781,,0.94,1,54954.041627,0.032169,0.507934,4.00e-7,13.438,7729,285.23120,49.46150
11496078,,0.88,1,54953.599863,0.018848,0.299719,2.00e-7,13.475,5891,285.42380,49.42600
11498689,,0.77,1,54964.607232,0.018114,0.306306,2.00e-7,15.124,5271,287.04380,49.40680
11499263,3620,0.01,1,55047.395771,0.022740,46.698217,2.59e-4,15.267,5544,287.40510,49.45630
11499757,,0.13,1,54967.251422,0.035349,12.314398,3.94e-5,14.760,5997,287.72620,49.43530
11502172,,0.05,1,54968.617081,0.033727,25.431959,1.11e-4,14.164,5571,289.07820,49.48000
11502581,,0.74,1,54964.875051,0.017034,0.333636,2.00e-7,14.661,5696,289.26590,49.47280
11506235,,0.05,1,54973.016016,0.028334,20.413055,8.11e-5,14.874,5676,291.30070,49.49570
11506938,5906,-1.00,1,55004.625793,,22.574780,9.20e-5,11.612,6373,291.64650,49.49340
11509282,,0.83,1,54965.036787,0.037934,0.634034,5.00e-7,13.796,7139,292.87080,49.43860
11515292,,0.94,1,54998.598539,0.928613,3.419467,6.20e-6,10.941,6835,295.57200,49.47820
11517719,1416,0.45,1,54965.840588,0.032431,2.495779,4.00e-6,14.152,5766,296.50740,49.45730
11519134,3419,0.01,1,54973.799106,0.022862,58.584986,3.49e-4,13.061,6130,297.03960,49.46910
11519226,6087,0.03,1,54973.018008,0.021853,22.160715,9.00e-5,13.034,5646,297.07070,49.44250
11521048,540,0.03,1,54976.417479,0.020393,25.702869,1.13e-4,14.917,5361,297.76700,49.44670
11546211,1654,0.27,1,54965.600017,0.009480,2.194421,3.30e-6,15.155,3682,283.79650,49.50400
11547869,3749,0.03,1,54998.077747,0.011278,10.727417,1.37e-3,16.415,3589,285.00770,49.50400
11548140,256,0.36,1,54965.555132,0.011570,2.757300,4.60e-6,15.373,3639,285.18510,49.56540
11558882,6241,0.01,1,54987.661506,0.044135,73.921006,5.07e-4,15.401,6066,291.73990,49.57080
11559864,,0.94,1,54964.682124,0.023073,0.383301,3.00e-7,14.158,5862,292.26620,49.51180
11560037,3874,0.31,1,54964.997657,0.008939,1.466522,1.80e-6,15.446,5621,292.35750,49.51450
11560447,,0.59,1,54953.730314,0.014989,0.527679,4.00e-7,10.834,4969,292.57600,49.52570
11564013,3714,0.45,1,55002.694501,0.046482,1.750536,3.00e-6,15.207,5580,294.31910,49.53210
11566174,,0.77,1,54964.604431,0.015084,0.276875,2.00e-7,14.957,5300,295.26830,49.56630
11568428,,-1.00,1,54999.438319,,1.710629,2.30e-6,13.212,6828,296.18530,49.55680
11568657,,-1.00,1,54973.942928,,13.476046,4.42e-5,13.246,6347,296.27980,49.51780
11568987,354,0.10,1,55004.508731,0.037756,15.959945,5.71e-5,13.235,5941,296.41860,49.54010
11572363,,-1.00,1,54998.473402,,19.027753,7.23e-5,12.426,6069,297.71510,49.57380
11572643,,0.95,1,54953.740270,0.020154,0.345404,2.00e-7,12.218,5935,297.83580,49.54580
11599264,1417,0.06,1,55292.433026,0.012777,8.428151,2.91e-5,15.977,5533,284.98890,49.62610
11601584,1831,0.07,2,54975.339319,0.011162,13.979485,4.72e-5,14.122,5167,286.47150,49.64900
11601584,1831,0.04,2,54981.802818,0.044081,34.206694,1.70e-4,14.122,5167,286.47150,49.64900
11604958,,0.73,1,54964.653176,0.015140,0.298930,2.00e-7,13.935,5286,288.63760,49.62470
11612091,,0.97,1,54953.780303,0.026193,0.454269,3.00e-7,13.117,6803,292.57790,49.66030
11615481,,0.05,1,55054.330437,0.057866,65.432011,7.35e-3,15.540,6000,294.25420,49.69580
11616200,,0.49,1,54954.898446,0.025278,1.718649,2.30e-6,13.510,5836,294.57290,49.66840
11616594,,0.67,1,54969.190695,0.331739,14.587612,4.99e-5,11.170,4554,294.74950,49.65560
11618883,,0.84,1,55139.442410,0.039876,0.684872,1.10e-6,13.377,4347,295.68810,49.61630
11619964,,0.11,1,54965.717564,0.027252,10.368555,3.09e-5,14.545,5582,296.09680,49.64380
11649962,,-1.00,1,54973.758217,,10.562737,3.12e-5,11.410,6487,284.56800,49.77950
11652545,,0.68,1,54953.798155,0.022326,0.412795,3.00e-7,13.442,5365,286.23130,49.77880
11656302,434,0.11,1,54983.837403,0.063683,22.264809,9.20e-5,14.626,5172,288.69250,49.72350
11656840,774,0.10,1,54965.757383,0.019026,7.442660,1.91e-5,15.270,5873,288.98680,49.73370
11662440,,0.05,1,55004.811546,0.020165,13.639457,4.72e-5,15.852,5252,292.21730,49.70790
11671429,3567,0.07,1,55030.556806,0.185407,112.463712,8.40e-4,10.967,7363,296.45340,49.78660
11671660,,0.76,1,54956.544471,0.099499,8.710339,2.38e-5,13.350,4867,296.54470,49.76020
11672319,,0.94,1,54964.813262,0.018626,0.331775,2.00e-7,14.288,5497,296.80500,49.71270
11673686,6243,0.39,1,54957.148279,0.047522,4.618769,9.50e-6,11.685,5949,297.31540,49.70610
11700133,,-1.00,1,55001.662945,,6.754017,2.21e-5,12.861,,284.23390,49.85320
11703960,,0.93,1,54965.167187,0.035990,0.604417,5.00e-7,13.885,,286.86220,49.83040
11704044,,0.13,1,55015.229115,0.031926,13.765345,4.79e-5,15.749,5502,286.91040,49.81580
11704155,,0.94,1,54953.604573,0.016543,0.273867,2.00e-7,12.600,5118,286.98220,49.88380
11706658,,0.40,1,54965.266794,0.011068,1.407943,1.70e-6,14.614,4409,288.51210,49.86420
11716688,,0.93,1,54964.845939,0.015958,0.301218,2.00e-7,13.647,5130,293.88540,49.84360
11717798,,0.84,1,54964.948203,0.021686,0.374715,3.00e-7,14.161,5312,294.37180,49.80190
11722816,,0.82,1,54964.744235,0.020168,0.320373,2.00e-7,14.227,5885,296.49860,49.80170
11724091,,0.55,1,54953.858108,0.031022,1.559090,2.00e-6,13.575,6957,296.97700,49.84180
11724210,6244,0.17,1,54965.041689,0.023818,5.746018,1.31e-5,14.737,5691,297.02440,49.89220
11751847,,0.94,1,54964.716133,0.017573,0.331484,2.00e-7,13.862,6226,284.84290,49.93860
11761199,2669,0.00,1,54974.635062,0.068728,213.622902,2.28e-3,15.619,5699,290.75180,49.97230
11768970,,0.03,1,54959.413777,0.016572,15.541353,5.45e-5,12.658,5038,294.74090,49.92880
11769146,6089,0.01,1,55026.501628,0.125116,282.965828,2.79e-3,13.974,5752,294.81920,49.96360
11769739,,0.77,1,54964.659858,0.014623,0.252473,1.00e-7,15.033,5136,295.11580,49.91730
11769801,2633,-1.00,1,54984.647171,,29.708220,1.37e-4,11.549,6229,295.14290,49.99310
11774013,,-1.00,1,55000.572627,,3.756248,7.40e-6,13.860,,296.89930,49.91630
11774383,,0.58,1,55000.209390,0.010558,0.520227,1.20e-6,19.174,,297.04430,49.97020
11805075,436,0.00,1,55058.363393,0.028407,199.839898,1.92e-3,14.740,5262,286.65690,50.02160
11805235,,0.80,1,54964.735922,0.023078,0.395193,3.00e-7,14.717,5342,286.77570,50.07080
11811454,,0.47,1,54955.917867,0.027886,2.274628,3.40e-6,11.152,,290.39730,50.06510
11817750,,0.15,1,54954.908603,0.030882,9.762551,2.80e-5,12.250,6930,293.82690,50.07650
11819135,,0.57,1,55000.065397,0.026267,1.901638,1.37e-4,15.064,6705,294.45730,50.03030
11820830,1728,0.08,1,54959.000362,0.027717,12.731870,4.09e-5,12.087,7007,295.21660,50.08430
11824222,437,0.02,1,54978.459897,0.012445,15.841336,5.62e-5,14.497,4987,296.61860,50.02200
11825057,3857,0.61,1,55000.087758,0.090115,0.532088,9.00e-7,18.852,,296.96960,50.06710
11825204,,0.98,1,54964.746093,0.012214,0.209636,1.00e-7,13.797,7074,297.03040,50.05570
11826400,6091,0.25,1,54956.000227,0.036754,5.889372,1.35e-5,12.472,6947,297.51340,50.07480
11853130,3263,0.00,1,54979.881295,0.015826,76.879392,5.44e-4,15.949,3808,285.09590,50.10100
11858541,,0.19,1,54968.754069,0.026507,5.674353,1.29e-5,14.215,5375,288.63610,50.17330
11858979,4062,0.27,1,54964.796671,0.012353,3.059169,2.71e-4,14.077,5990,288.90890,50.16280
11859811,,-1.00,1,54967.210262,,22.314148,9.20e-5,10.833,,289.38130,50.18940
11867071,6247,0.21,1,54999.717143,0.020036,3.963850,3.90e-4,14.281,6403,293.48390,50.12510
11869052,120,0.03,1,54970.909481,0.022169,20.545495,8.11e-5,12.003,5525,294.40190,50.17210
11873166,,0.47,1,54953.914736,0.017319,1.468852,1.80e-6,13.470,5902,296.19350,50.12920
11874338,3464,0.12,1,55000.662796,0.021747,15.975177,5.71e-5,13.933,5041,296.67200,50.15010
11875511,3471,0.01,1,55067.961997,0.022153,67.451544,4.41e-4,13.342,4611,297.16980,50.14740
11875706,,0.96,1,54964.788241,0.022253,0.385721,3.00e-7,14.159,6517,297.25650,50.11650
11904038,,0.79,1,54953.852260,0.040031,0.632220,5.00e-7,12.784,,285.60810,50.29630
11906217,,0.01,1,54995.457578,0.019247,37.910216,1.95e-4,14.430,4517,287.05930,50.21400
11909686,1483,0.00,1,55121.870726,0.023394,185.954496,1.92e-3,14.305,5648,289.15240,50.25320
11909839,779,0.19,1,54968.573497,0.053348,10.405998,3.22e-5,15.562,5527,289.23550,50.24100
11910076,,0.96,1,54964.903169,0.019330,0.348123,2.00e-7,14.284,5450,289.35090,50.28630
11911561,3875,0.03,1,54997.180059,0.018315,8.870412,2.46e-5,13.579,,290.14910,50.23920
11913012,544,0.35,1,54967.177975,0.043160,3.747848,7.10e-6,14.763,5883,291.02250,50.25910
11913071,,0.37,1,54955.943496,0.033275,3.747835,7.00e-6,9.532,8329,291.06140,50.25540
11920266,,0.91,1,54954.120756,0.025557,0.467410,3.00e-7,11.581,,294.88040,50.26690
11922782,,0.37,1,54956.247158,0.029367,3.512934,6.40e-6,10.460,5581,296.00740,50.23260
11923629,,-1.00,1,54995.528060,,17.973284,6.73e-5,12.257,5975,296.38600,50.20500
11923819,,0.07,1,54959.651990,0.055501,33.159512,1.59e-4,11.562,7724,296.46430,50.28620
11924311,,0.77,1,54964.755924,0.026169,0.445116,3.00e-7,12.805,6418,296.66600,50.23830
11924426,5944,0.01,1,55004.366983,0.033805,64.713161,4.15e-4,13.882,5924,296.70380,50.28160
11959569,,0.11,1,54960.100378,0.115258,46.148741,2.59e-4,12.387,5175,289.39420,50.36810
11961695,,0.02,1,54871.395674,0.211754,1082.815000,,13.718,5768,290.62390,50.39040
11966557,,0.06,1,55055.151610,0.083862,60.297611,7.35e-3,15.680,5724,293.48030,50.34750
11967004,,0.34,1,54966.109021,0.015826,1.941636,2.70e-6,13.898,6279,293.68070,50.30030
11968490,,0.49,1,54965.437249,0.015005,1.078890,1.20e-6,13.698,,294.35020,50.35150
11968513,3587,0.49,1,55185.882996,0.014931,1.036591,1.40e-6,14.441,5337,294.36160,50.30530
11970288,,-1.00,1,55008.521606,,20.702319,8.11e-5,11.308,6690,295.21260,50.31690
11972387,,0.58,1,55000.018394,0.006902,0.327898,2.00e-7,12.435,6782,296.13970,50.38580
11973705,,0.99,1,54973.203322,0.392531,6.772142,1.65e-5,9.116,7404,296.67740,50.35040
11974540,129,0.09,1,54965.863261,0.059179,24.669194,1.05e-4,13.224,6507,297.00940,50.37230
11975363,6248,0.39,1,54967.411965,0.027108,3.518419,6.50e-6,15.409,5482,297.33420,50.31110
12004679,,0.24,1,54955.769983,0.024497,5.042490,1.08e-5,13.231,5432,286.42570,50.41700
12004834,,0.63,1,55002.041000,0.007446,0.262317,1.00e-7,14.718,3576,286.53800,50.46390
12010534,6092,0.45,1,54965.946782,0.032946,2.581595,4.10e-6,15.350,5490,290.02680,50.45540
12013615,,0.27,1,54971.509802,0.043095,8.202869,2.21e-5,13.878,5778,291.94640,50.48200
12016304,,0.92,1,54965.652399,0.059125,1.024052,1.10e-6,13.718,6491,293.52670,50.42720
12017140,358,0.06,1,54982.956652,0.037556,22.845242,9.61e-5,13.883,6026,293.91490,50.46930
12019674,,0.77,1,54953.796585,0.019508,0.354504,2.00e-7,12.961,5841,295.12220,50.43120
12021387,3522,0.00,1,55057.002707,0.071742,241.071033,2.28e-3,10.656,9307,295.91080,50.40980
12022517,,0.28,1,55003.264108,0.021378,3.442713,6.50e-6,15.715,5578,296.37540,50.48680
12022718,,0.13,1,54966.396704,0.022070,9.255331,2.62e-5,14.690,5564,296.44350,50.42040
12023089,3727,0.52,1,55001.770498,0.009920,0.623441,7.00e-7,15.626,5115,296.59150,50.49000
12055014,,0.85,1,54965.041323,0.030249,0.499905,4.00e-7,13.537,6546,287.51610,50.55660
12055255,,0.90,1,54964.525184,0.011640,0.220939,1.00e-7,15.866,4093,287.68710,50.53770
12055421,,0.96,1,54953.820969,0.021593,0.385606,3.00e-7,12.519,6118,287.78940,50.54390
12055517,,0.77,1,54999.832766,0.069877,0.609752,5.00e-7,15.879,4708,287.85500,50.51590
12059158,,0.89,1,54953.845032,0.026702,0.471824,3.00e-7,13.590,7591,289.95050,50.58490
12062660,3746,0.50,1,54998.936258,0.043481,2.929300,1.49e-5,17.382,,292.07090,50.54680
12066630,,0.98,1,54953.967832,0.053976,1.098374,1.20e-6,11.007,6818,294.10880,50.54260
12071006,,0.53,1,54955.837640,0.108317,6.096026,1.42e-5,13.533,7338,296.10500,50.51850
12071741,,0.94,1,54964.817555,0.016178,0.314264,2.00e-7,14.818,5385,296.39530,50.59920
12104285,,0.87,1,54964.713694,0.016437,0.251451,1.00e-7,15.841,4658,287.53950,50.69690
12105785,,0.06,1,54975.707431,0.051942,31.953029,1.49e-4,13.032,5349,288.48740,50.67550
12106934,3895,0.29,1,54998.672552,0.033581,5.937046,4.09e-5,18.358,,289.17270,50.63060
12108333,,0.62,1,54954.106577,0.019851,0.705448,6.00e-7,13.228,5710,289.95790,50.66110
12109267,4457,0.27,1,54977.050732,0.107337,79.332118,5.44e-4,13.815,6149,290.51240,50.64930
12109575,,0.64,1,54953.617625,0.013546,0.531655,4.00e-7,13.296,4350,290.74530,50.66380
12109845,3765,0.51,1,55000.558223,0.012930,0.865959,2.70e-6,16.440,4371,290.91920,50.69640
12153332,,0.88,1,54953.871096,0.016708,0.294627,2.00e-7,13.077,5367,287.90610,50.76630
12157987,,0.66,1,54953.900074,0.026841,0.577844,5.00e-7,12.205,7722,290.66300,50.70470
12164634,3491,0.02,1,54975.315910,0.081138,89.331217,6.38e-4,13.680,6596,294.32260,50.74170
12164751,,0.60,1,55004.676598,0.077415,2.630088,8.20e-6,14.187,6037,294.38740,50.71710
12167361,980,0.00,1,55012.095641,0.017867,47.930950,2.71e-4,10.376,8017,295.59870,50.72070
12170648,2875,0.52,1,54965.025028,0.008729,0.599386,5.00e-7,14.828,5000,296.96380,50.74540
12208887,3333,0.01,1,54965.171639,0.030614,53.501801,3.30e-4,15.929,5283,291.70250,50.86350
12216706,3644,0.54,1,55003.521612,0.025235,1.471061,1.35e-5,15.009,8530,295.74380,50.83090
12216817,,1.00,1,55002.067959,0.014126,0.246273,1.00e-7,10.662,6681,295.79640,50.89600
12217907,,0.09,1,54979.597308,0.095450,43.204586,2.38e-4,14.291,5745,296.27120,50.88630
12218858,,0.65,1,54953.762364,0.018268,0.426658,3.00e-7,13.334,5513,296.68970,50.86510
12251650,621,0.03,1,54971.658491,0.016582,17.761995,6.62e-5,14.762,4952,287.46100,50.97510
12251779,,0.13,1,54967.233201,0.049146,14.844233,5.14e-5,14.415,5926,287.57360,50.99870
12253490,5961,0.04,1,54974.567551,0.019797,19.159743,7.37e-5,15.053,4431,288.64330,50.90120
12255108,,-1.00,1,55002.508341,,9.131526,2.53e-5,11.594,7378,289.59910,50.93860
12255382,3167,0.54,1,54964.628561,0.086552,0.999323,1.00e-6,10.437,5352,289.74670,50.99370
12257908,,0.63,1,54954.915973,0.078354,2.615917,4.20e-6,10.431,,291.24190,50.93340
12267718,,0.89,1,54953.999853,0.033410,0.545051,4.00e-7,13.385,6802,296.25540,50.90440
12268220,,0.41,1,54954.125749,0.045493,4.421570,8.90e-6,11.425,7826,296.49070,50.90590
12301181,2059,0.16,1,54998.612284,0.023186,6.147279,1.44e-5,12.906,4536,287.59010,51.06060
12302391,,0.03,1,54972.686018,0.028505,25.321733,1.11e-4,15.128,5869,288.40380,51.07380
12305537,,0.77,1,54953.653484,0.019373,0.361815,2.00e-7,11.914,,290.28490,51.03360
12306808,,0.08,1,54971.127795,0.064281,37.878484,1.95e-4,13.265,5738,291.11060,51.05890
12316447,3575,0.09,1,55008.519184,0.035719,17.907700,1.95e-4,16.107,5934,296.11540,51.00710
12350008,,0.71,1,55002.014438,0.007796,0.184530,1.00e-7,14.602,6108,287.25980,51.15420
12351927,,0.07,1,54972.981520,0.017548,10.116148,2.97e-5,15.520,4641,288.51060,51.16250
12352712,,0.90,1,54999.935357,0.044343,0.722065,2.00e-6,16.800,6667,288.99910,51.11130
12353720,,0.29,1,54954.414260,0.012287,1.953310,2.70e-6,13.077,6152,289.57030,51.12570
12356746,,0.53,1,54954.369600,0.015158,1.004908,1.00e-6,13.532,5882,291.27690,51.13570
12356914,,0.03,1,54976.508322,0.028766,27.307455,1.23e-4,15.529,5368,291.37350,51.15340
12365000,,0.40,1,54953.829014,0.011392,1.262743,1.50e-6,13.573,5080,295.32910,51.13780
12367310,,0.14,1,54972.989347,0.029544,8.627487,2.36e-5,13.835,4965,296.35000,51.12340
12367464,6250,0.28,1,54954.129939,0.012147,1.853209,2.50e-6,13.085,,296.41440,51.16200
12400729,,0.52,1,54965.480846,0.012226,0.931726,9.00e-7,15.227,4949,287.41360,51.21010
12404615,,0.75,1,55001.927612,0.019397,0.366291,2.00e-7,13.797,,289.70070,51.22720
12405950,3778,0.28,1,55096.767773,0.057254,3.539630,7.50e-6,12.305,6808,290.43010,51.27160
12418274,,0.95,1,54964.867560,0.019230,0.352722,2.00e-7,14.349,5215,296.20750,51.21110
12418319,,0.69,1,54965.465673,0.015507,1.356974,1.60e-6,13.977,6150,296.22660,51.21010
12418662,,0.43,1,54967.314604,0.029857,2.751574,4.50e-6,15.311,5280,296.38010,51.20970
12418816,,0.47,1,54954.742983,0.016626,1.521870,1.90e-6,12.402,4583,296.44190,51.22430
12458133,,0.77,1,54964.899510,0.019280,0.332522,2.00e-7,14.074,5402,290.17130,51.37760
12458797,,0.94,1,55182.791088,0.014134,0.241321,2.00e-7,13.895,4583,290.53100,51.30860
12459731,3662,0.08,1,55004.425248,0.030214,14.181207,1.41e-4,17.427,6045,291.05020,51.32180
12470041,6251,0.04,1,54957.492552,0.017792,14.667742,4.99e-5,13.415,7290,296.01480,51.34700
12470530,,0.13,1,54968.824131,0.025104,8.207257,2.21e-5,15.300,4725,296.24600,51.36910
12470954,439,0.39,1,54965.404402,0.019111,1.902210,2.70e-6,14.313,5267,296.40690,51.35820
12504988,181,0.23,1,54967.623202,0.029599,5.093939,1.11e-5,14.575,5985,288.25280,51.41730
12506351,1446,0.37,1,54955.736173,0.017580,2.455517,3.80e-6,13.184,5949,289.05000,51.41840
12508335,215,0.01,1,54988.205889,0.024795,42.943865,2.38e-4,14.708,5535,290.16510,51.46730
12508348,,0.97,1,54951.660784,0.014908,0.255605,1.00e-7,13.428,8961,290.17350,51.41510
12553806,,0.61,1,55000.039888,0.014710,0.463124,3.10e-6,17.136,,288.67110,51.51910
12554536,,0.63,1,54953.964623,0.027907,0.684496,6.00e-7,12.819,7443,289.13150,51.53810
12557713,,0.09,1,54965.497854,0.015589,7.214723,1.83e-5,14.853,4594,291.08230,51.55840
12598713,,0.94,1,54953.674386,0.014574,0.257179,1.00e-7,12.762,5189,288.26820,51.68320
12599700,,0.45,1,54965.259157,0.008262,1.017786,1.10e-6,15.784,3887,288.88500,51.60430
12602985,,0.88,1,55002.090625,0.014561,0.250869,2.00e-7,15.152,4878,290.86040,51.67910
12643582,3626,0.00,1,55044.495397,0.025882,88.295400,1.92e-3,16.442,5630,288.31880,51.72540
12644769,1611,0.03,1,54965.657634,0.039864,41.077587,2.19e-4,11.762,4051,289.07570,51.75740
12645761,5976,0.36,1,54961.669259,0.035210,5.419138,1.20e-5,13.368,4844,289.70390,51.71440
12785282,,0.64,1,54953.956353,0.024042,0.788750,7.00e-7,13.518,6924,290.47120,52.02850
Skip to Main Content  MAST  STScI  Tools  exo.MAST  Discovery Portal  Aladin  Spectral Classifications  Coplotter  SpecViz Info  StarView Web  Abstracts  Bibliography Search  HST PR Images  more...  Mission Search  Discovery Portal  Hubble  Hubble Legacy Archive  Hubble Spectral Legacy Archive  Hubble Source Catalog  HST Press Release Images  DSS  JWST SID Archive  K2 EPIC  K2 Data  Kepler Data  Kepler Targets  PanSTARRS  SwiftUVOT  TESS  XMM-OM  BEFS (ORFEUS)  Copernicus-raw  Copernicus-coadd  EPOCH  EUVE  FUSE Observations  FUSE Exposures  GalexView  GALEX  GSC  HPOL  HUT  IMAPS (ORFEUS)  IUE  TUES (ORFEUS)  UIT  VLA-FIRST  WUPPE  more...  Search Website  Follow Us  Facebook  Twitter  Register  Forum  Kepler Home Mission Getting Started Data Search Target Search Stellar17 CasJobs FFI+ Search,Skip to Main Content  MAST  STScI  Tools  exo.MAST  Discovery Portal  Aladin  Spectral Classifications  Coplotter  SpecViz Info  StarView Web  Abstracts  Bibliography Search  HST PR Images  more...  Mission Search  Discovery Portal  Hubble  Hubble Legacy Archive  Hubble Spectral Legacy Archive  Hubble Source Catalog  HST Press Release Images  DSS  JWST SID Archive  K2 EPIC  K2 Data  Kepler Data  Kepler Targets  PanSTARRS  SwiftUVOT  TESS  XMM-OM  BEFS (ORFEUS)  Copernicus-raw  Copernicus-coadd  EPOCH  EUVE  FUSE Observations  FUSE Exposures  GalexView  GALEX  GSC  HPOL  HUT  IMAPS (ORFEUS)  IUE  TUES (ORFEUS)  UIT  VLA-FIRST  WUPPE  more...  Search Website  Follow Us  Facebook  Twitter  Register  Forum  Kepler Home Mission Getting Started Data Search Target Search Stellar17 CasJobs FFI+ Search,,,,,,,,,,
Kepler Data Search  Kepler Abstract Search  FAQ  Kepler Science Center  Search & Retrieval Search & Retrieval page Data Search Target Search Stellar Q1-Q17 Search FFI Display KIC Search Casjobs SQL Download Options Retrievals by Dataset Confirmed Planets KOIs KOI False Positives KOI APP Eclipsing Binary Catalog Red Giants Ancillary Files High Level Science Products  Download Options  Data Products  Documentation Documentation page Archive Manual Instrument Handbook Data Characteristics Data Processing Handbook Data Processing Pipeline Data Release Notes Kepler Input Catalog paper  Data Release Notes Release Notes page Release Notes 25 (Q0-Q17)  Data Reduction & Analysis  Related Sites Related Sites page Kepler & K2 Science Center Exoplanet Archive at NExSci Kepler E/PO NASA/Kepler CfA KIC Home Exoplanet Encyclopedia All Sky Survey: Kepler FOV PlanetQuest NASA Confirmed Planets Exoplanet related sites  Publications/News Publications page News Mission Manager Updates Kepler/K2 publications  MAST Services  Images  Data Use Policy  Acknowledgments,"Kepler Eclipsing Binaries (Revision 3)  (downloaded 28 Dec, 2015) This page lists the third revision (Beta) of the Kepler Eclipsing Binary Catalog  as updated 26 Oct, 2015. Note a few targets with multiple periods and multiple ephemerides have multiple entries. For more information and updates, visit the Villanova Eclipsing Binary web site. The previous release is described in Matijevic et all 2012 AJ 143,123  Kepler ID - Kepler ID number from the Kepler Input Catalog  KOI - Kepler designated Object of Interest (KOI) number. Morph - morphology classification paramter. A quantity to classify different classes of EBs. As a guideline, values < 0.5 are predominantly detached, semidetached are roughly 0.5 - 0.7, overcontact broadly lie between 0.7 - 0.8 and higher values are a mix of ellipsoidal and uncertain classifications. -1.0 means ?. Mult - Number of Ephemerides available for the listed target. BJD0 - mid-eclipse ephemeris time: BJD - 2,400,000 BJD0 Err - Error estimate for ephemeris time Period - orbital period in days Period Err - Error estimate for orbital period in days Kepmag - Kepler bandpass magnitude Teff - Stellar effective temperature Notes This is the latest but still beta version of the Kepler eclipsing binary catalog. The companion paper to the catalog has not yet been published. Number of entries = 2878 To see available observations, click on Kepler ID entries below. Click on KOIs to see available KOI information. Click on the ""Morph"" entries to display (long cadence) light curve plots and fits for each ephemeride provided by the Villanova Eclipsing Binary Catalog web site. Click on Kepmag entries to see target overview provided by the Villanova web site. Click on column headings to sort values. Kepler ID KOI Morph Mult BJD0 BJD0 Err Period Period Err Kepmag Teff RA Dec 10260320.15154966.7738130.0301128.4604382.30e-514.8135715291.0441036.72930 10269579580.01154956.0171060.01131421.7613068.81e-512.5594845291.2545036.74360 11613459840.24155005.0289830.0237984.2874568.60e-611.6315836291.0488036.83990 14322149980.00155047.0392540.037980161.7883001.58e-315.6615814291.3827037.07300 14334100.74154999.9518110.0141740.2832753.10e-614.1196003291.6377037.08230 143398039240.62155000.3663980.0546531.5926346.20e-614.9156345291.7663037.09720 15715113620.17154954.5047520.06587614.0224514.72e-513.4245804290.9969037.19920 15723530.91154964.6745730.0131230.2289311.00e-715.2344470291.1886037.16160 1573836-1.00155000.034563 3.5570936.60e-613.1246283291.5025037.17750 157569036580.31154965.4327380.0131502.2524284.30e-615.6254140291.8819037.18910 172227610080.00155081.9237000.035212569.9500007.35e-314.6455370291.6967037.23800 18686501.00154953.7696780.0282310.5847315.00e-713.45310733291.5394037.33560 187351349280.16155001.0746350.0146513.2903835.29e-515.6693109292.5799037.37640 199573233510.03155049.4558530.07480477.3627215.44e-415.6735163286.2160037.42520 20106074929-1.00154974.489675 18.6322967.10e-511.3476122290.5056037.45900 20123620.93154964.7447050.0219300.3863233.00e-714.1216218290.9252037.47630 201907635850.16155004.0722180.0234657.1292281.87e-515.6715624292.4625037.44260 21416970.98154953.8367420.0196760.3310432.00e-713.3996049286.3449037.50180 21597830.87154964.9755490.0224600.3738842.00e-714.9655643291.3594037.55330 216162360940.54154999.5998370.0441442.2834706.18e-514.3126507291.7445037.59100 21622831.00154954.3415530.0496800.9063789.00e-79.5516683291.8918037.55680 21629940.42154965.6316530.0361124.1015968.10e-614.1625410292.0580037.59210 216620037350.11155006.1273390.0222598.0969566.39e-517.6376344292.7337037.55930 216789036700.29155185.8432530.0180622.6483015.70e-612.8584837293.0936037.51450 23020920.88154964.6905810.0256490.2946732.00e-714.4405245291.2623037.69790 23052770.98154964.9866930.0200350.3787723.00e-715.1015694291.9707037.65120 23053720.58154965.9542270.0358131.4046921.70e-613.8215664291.9903037.67280 230554349360.50155003.4009090.0171211.3622731.90e-612.5455623292.0269037.60070 23067400.27154966.4252070.06745710.3069873.06e-513.5455647292.2698037.69820 23067561130.00154999.3422310.044178386.6000005.05e-312.3945362292.2737037.67160 23071991510.07155006.1765940.02097313.4471114.47e-514.0006028292.3748037.63100 230720635490.01155086.5386820.106873204.0313792.28e-315.7345342292.3762037.65750 23089570.59154965.1664610.0485252.2196843.30e-614.5205697292.7518037.60350 230958759820.44154965.1013510.0203031.8385112.50e-613.9255560292.8997037.65930 230971910200.02154997.0692780.04130754.3563603.13e-412.8995786292.9309037.60660 24359710.94154964.8159670.0182150.2718282.00e-714.695290.0796037.78800 243637826820.09154969.2780760.0190588.5316133.72e-518.498290.1417037.74140 24370380.87154964.9806930.0494930.2676782.00e-715.9555461290.1984037.74210 243706037120.47155000.8907240.0430793.1871102.28e-516.9884452290.1995037.77700 243714935980.11155008.6218240.04460918.7987352.84e-417.6285130290.2058037.76910 24374520.16154974.8165300.04803714.4699304.99e-516.9815398290.2262037.75960 243750526710.06154982.2618590.03346021.4764221.41e-417.290290.2303037.77750 24380610.30155004.0936270.0251304.8858521.67e-5 290.2770037.79100 243849036990.34155001.0144530.1495233.3157674.36e-517.7725317290.3259037.76150 24407577920.36154964.6859560.0134081.4337711.80e-615.1225990290.8437037.72880 244116136420.25155004.6845240.0195914.3839802.85e-516.6545112290.9384037.70120 24420840.03155008.1920920.04507249.7885982.84e-415.5914005291.1601037.76110 24441870.76154964.8149790.0210430.3901593.00e-714.1386162291.6323037.73800 2444348-1.00154992.474120 103.2069897.65e-410.3164546291.6687037.70410 244513459830.16154972.6477490.0351018.4120092.28e-513.5515999291.8497037.73860 2445975530.14154967.9811140.0181393.3888826.20e-613.513292.0309037.77350 244662336740.00155012.0432340.028559175.0657201.58e-315.6205790292.1653037.79410 24478930.58154965.1137420.0149140.6616206.00e-714.4905059292.4240037.79450 24483200.93155002.0655030.0158350.2741082.00e-715.8585160292.5191037.71600 24490840.70155000.3198650.0426480.7397571.23e-515.0186177292.6956037.77200 244909037020.24155001.8110370.0281354.9440003.15e-516.237292.6963037.70720 24505660.98155001.5532860.0996981.8445872.50e-611.7206380293.0363037.76270 245244036870.18155003.8110450.0401828.0970456.39e-516.4745519293.4469037.72120 24532120.98155002.0144750.0246820.4367164.00e-715.9466288293.6166037.78980 25561270.60154953.7102740.0110730.4188713.00e-712.8955920286.4202037.80580 25574300.51154954.4610360.0179071.2977361.50e-611.4716248286.8453037.81590 255837038550.57155000.0926660.0134220.5462481.30e-618.550287.1360037.83830 256949437040.58155000.3491870.0607811.5233241.02e-517.3805114290.1788037.84900 25702890.90154964.5793210.0170070.2790282.00e-715.3305966290.2613037.81350 25714390.93154964.7015720.0182420.3209792.00e-714.6965046290.4693037.85520 257610737090.00154862.1714220.038232205.5830171.92e-315.2476118291.5231037.88760 25766920.04155027.1066920.07621787.8785336.38e-412.7445573291.6430037.81430 25777560.63154964.6628210.0337170.8703339.00e-715.5145630291.8620037.82990 25808720.12154978.5512990.04491315.9266285.71e-514.8805293292.5286037.81000 26930920.05154961.2989370.05508639.8415242.11e-412.0035819285.9048037.92810 26947410.93154953.7737210.0194050.3266472.00e-712.2975302286.4123037.90820 26957400.85154956.4182000.2084553.6158756.70e-613.2404881286.7307037.94430 269670331610.06154997.1165160.0503876.0940941.42e-59.580287.0574037.99140 26979353853-1.00155008.469440 21.5133591.03e-410.6304883287.4679037.96660 27081560.57154954.3355950.0462991.8912722.60e-610.67211061290.2871037.93650 27086140.03155032.8930220.05085552.8858905.05e-315.6946252290.4016037.94200 27111140.29154967.1749310.0161962.8588804.80e-612.3356281291.0142037.96970 27150070.87154964.7821190.0187960.2971102.00e-714.7305598291.8773037.95080 27154170.77154964.6661580.0135830.2364401.00e-714.0705189291.9690037.92780 27171410.78154953.7561740.0225830.3945723.00e-713.5196140292.3262037.96150 27194360.67154999.7153600.0321610.7434807.80e-614.0157041292.8332037.93710 271987360960.07154968.2733490.03290117.2792906.39e-515.1605086292.9306037.96440 2720096-1.00155003.029283 26.6746801.33e-413.0474832292.9791037.91090 27203540.46154956.2153820.0359552.8213284.70e-613.1166513293.0361037.95470 28316320.92154954.7299600.1495202.5731724.10e-613.1987045285.6901038.07610 28352890.92155000.4429590.0522670.8577628.00e-713.0096228286.8593038.02750 285110011040.46154965.3649730.0464550.8901089.00e-715.7234600291.1707038.00860 28514740.95154965.5266500.1571632.7682934.60e-612.6248354291.2491038.04270 28525600.09154964.9124450.02800911.9613083.76e-515.3085381291.4660038.00500 28544320.93154964.8803290.0199250.3223262.00e-714.9225103291.8666038.08550 28547520.79154964.8930060.0319890.4704333.00e-713.9907073291.9357038.00630 285494837860.50155002.4102120.0138700.9743041.30e-615.7835466291.9842038.08840 28569600.64254964.6585060.0073100.2585071.00e-715.6154733292.3813038.07670 28569600.04254997.6525630.369952204.2558791.92e-315.6154733292.3813038.07670 28583220.77154964.6598010.0710350.4364003.00e-714.7515605292.6746038.06480 28605940.52154960.3177410.0850505.4999451.22e-513.3706684293.1650038.06910 28607880.37154965.0669110.0411625.2597421.16e-514.0435319293.2073038.00900 297080439930.61154964.6583230.1020790.6869926.00e-79.160286.1070038.10760 29725140.74154999.8819380.0257700.5034857.10e-614.0316346286.6858038.17030 29735090.24154958.9182820.0374746.6276111.61e-513.5586058287.0257038.17100 29831130.89155001.9696400.0240930.3951603.00e-715.1526321289.8630038.15240 298743349590.00155029.6801090.106658420.9300005.05e-313.8586205290.9390038.11960 29889840.82154999.9915560.0414460.7130203.30e-615.3167160291.2880038.17200 29963470.90155002.1463220.0189060.3010112.00e-715.4485445292.8854038.19370 299745560980.45154964.7886470.0139051.1298501.30e-613.8004795293.1304038.12780 29981240.08154957.3855280.05601528.5978841.29e-413.1196374293.2664038.12610 300399160990.13154964.8590850.0230697.2447791.84e-513.9265366294.4900038.19960 309735236480.30154999.6549210.0292314.0298402.36e-516.9365760285.6870038.26120 30981940.10154969.9719780.06039230.4765311.45e-413.9015328286.0031038.28570 310200033730.03154997.2556200.05457657.0600093.49e-415.9365718287.3495038.28600 31020240.15154958.6973690.05032213.7825214.60e-512.8095117287.3561038.21220 31041130.85154965.2849160.0505950.8467868.00e-713.4475910288.0397038.29410 311326610880.39154964.8475340.0085490.9958611.00e-615.5775077290.6394038.28460 311466737630.52154999.7532220.0140180.8885832.70e-617.375290.9972038.28260 31154800.28154968.1942750.0215903.6937037.00e-614.4695961291.1932038.24470 31192950.75155000.0540950.0241820.4396985.80e-614.2687236292.0597038.26690 312032021260.14154959.2223150.03494510.2656133.00e-510.8855676292.2920038.28450 312298519490.47154965.6000170.0137010.9934881.00e-614.7015592292.9189038.20670 312442039180.60155000.5715110.0250910.9489512.90e-618.241293.2454038.27220 31278170.48154955.1177340.0466554.3271398.70e-612.1556504293.9997038.23230 31278730.91154964.9823250.0411880.6715266.00e-715.1536069294.0107038.26360 312879317860.23154970.7709240.12263124.6793811.05e-414.6334371294.2070038.22350 32186830.69154965.1183260.0288610.7716707.00e-715.9985119286.4006038.37620 32212070.81154953.9603580.0284490.4738303.00e-711.9756414287.3409038.32570 32224710.00155369.5514100.097825618.4200007.35e-314.4914903287.7878038.31040 322882411000.64154970.3456170.0287850.7309428.00e-715.7364606289.7648038.35240 32288630.65154954.2623450.0289850.7309447.00e-711.8166561289.7748038.36680 3230227-1.00154958.702238 7.0471061.75e-59.0027972290.1126038.39990 32305783810.26154958.8289150.0119836.3376101.50e-513.406290.2036038.37490 323078761010.09154959.1836880.04479317.7340526.62e-512.5535669290.2548038.34170 323112036430.25155001.4781190.0245793.9000902.24e-516.5975555290.3444038.37710 32328230.94154964.8628670.0242750.4239073.00e-715.1426172290.8528038.32660 324015935150.00155029.1214100.03871282.1376555.90e-412.2616128292.7132038.36970 324070610980.21154970.0032880.0204555.4898651.24e-515.0305760292.8561038.37260 3240976-1.00155002.377433 15.2388695.37e-514.5026124292.9291038.32800 324134459840.24154966.4281680.0235243.9126787.60e-614.7565422293.0165038.31850 32416190.44154955.2479510.0194771.7033442.20e-612.5245165293.0949038.36130 32457760.96155001.6430040.0785711.4920591.90e-614.3775839294.0740038.31910 32472940.02154966.4334540.04659667.4188284.41e-413.9245811294.4399038.38080 324801917590.37155098.7730000.0199242.6682225.00e-615.3876075294.5968038.37010 32483320.20154956.9750100.0367727.3636071.87e-513.1026578294.6647038.33300 33232890.05154991.8662060.04330533.6932011.64e-414.8985229285.3366038.45050 33279800.44154967.1066340.0429654.2310228.50e-612.1197321287.1761038.43350 33358160.16154954.3556310.0229977.4220061.88e-512.0846079289.6983038.40660 333866037950.60155002.2526230.0562411.8733805.70e-614.8075722290.4742038.42740 33395380.05154958.8168510.01918214.6580144.99e-513.3914955290.7394038.41410 33395630.72154965.3768600.1202560.8412328.00e-714.1765367290.7460038.44310 334031336770.05155006.9856020.19122130.5537004.15e-416.2456208290.9640038.46950 33419340.07154970.7685780.03667318.8394977.23e-515.2915992291.3862038.49150 33424250.94154964.9429010.0244830.3934153.00e-715.0896035291.5162038.45450 33425924020.13154969.1915390.06122417.1773266.39e-514.9235717291.5563038.44630 334442737640.57155000.0031100.0137490.6517851.70e-615.8324676292.0024038.43520 334567517720.00155083.1467160.022688120.0040109.45e-415.6354105292.3007038.40210 334748559850.28154955.0240470.0457857.5448411.94e-512.9205659292.7797038.44860 334809335900.12155000.3646280.0180007.9644206.29e-516.2004295292.9253038.48100 33519450.50154965.3297000.0190911.0805381.20e-614.7344744293.8845038.44570 33527510.50154954.5971190.0420743.4954556.40e-613.4447909294.0719038.42690 33532330.75155002.0576340.0165950.3157782.00e-715.9584586294.1923038.43950 33546160.76155000.1888810.0149630.2769832.00e-715.9265093294.5276038.42400 34277760.17154967.2399740.0146784.0166827.90e-615.3715292286.4526038.53830 342846835820.00155032.4499470.047005114.9086809.45e-415.9274279286.7234038.59570 34313210.79154954.4178150.0659191.0150491.10e-611.1979589287.7745038.50400 343366834150.12154991.7401140.07862815.0217985.21e-513.1095440288.5491038.56520 34377780.68155002.0150430.0323590.6355821.20e-615.7046929289.7997038.56090 34378000.97154964.7464260.0204640.3626792.00e-713.8716185289.8042038.56080 34389753000.46155004.6326170.0398522.9760965.00e-612.3025694290.1202038.50950 343903149800.33154954.0681690.0383005.9520261.37e-511.2876337290.1327038.51370 34391800.76155002.0391120.0164340.3250653.00e-714.3665597290.1690038.53920 34402300.54154967.2384130.0554932.8811014.90e-613.6367869290.4713038.52860 34417849760.03154965.4035360.04288252.5687263.13e-49.729290.9444038.53890 344205435930.02154980.2062330.094879117.6813829.45e-412.1126206291.0188038.56990 34435190.89154953.8260910.0196510.3536272.00e-711.4815929291.4070038.56790 344379011850.34154955.2019700.0130201.6657842.20e-611.8406024291.4763038.50060 34482450.69154953.9533270.0270740.5134904.00e-711.8646573292.6186038.52490 344954049820.40154965.4937150.0289633.2120065.70e-614.1946216292.9370038.59310 34548640.69154964.7802620.0132570.2941202.00e-713.7315791294.2217038.53110 34589190.54154964.8153080.0144230.8920619.00e-713.8155063295.1403038.59750 345919937250.33154999.8907460.0203403.1410345.40e-610.0554907295.2029038.51960 353066859860.48155004.2351820.0279501.9462002.90e-613.993287.0397038.64030 353411836410.00155051.2269140.020554178.4135571.58e-313.9445684288.3278038.62760 35425730.25154959.8075930.0316616.9427961.72e-512.1615741290.8592038.63380 35432700.33154966.1959610.0309494.1769298.30e-615.2205288291.0576038.64530 354469436290.2915500.4268840.0236683.8457002.21e-515.9256172291.4463038.63980 35454760.88154964.7399510.0185600.3176892.00e-714.8215319291.6633038.64400 354709111770.22155096.3221210.0157223.3055786.20e-615.5375360292.0785038.63150 35471110.96155000.1265160.0644911.2078362.49e-514.3986401292.0839038.67500 354731537360.48154999.5966300.0138511.2847003.30e-616.6395235292.1373038.60240 3547874-1.00154999.266982 19.6921727.65e-510.9526371292.2829038.66570 35499940.74155000.0008680.0177680.3471825.00e-716.1025544292.8239038.62270 355622938990.61155000.3374700.0262730.7967202.80e-617.656294.3519038.60470 35574210.70154953.7067250.0179950.3937283.00e-710.027294.6349038.62690 35588220.71154953.8444620.0697591.3534211.60e-612.2526188294.9443038.63010 3558981520.24154965.1549150.0182982.9878591.28e-513.109294.9774038.67840 35602120.74155000.2052170.0170500.3460642.00e-715.5255233295.2470038.64810 36339010.84154999.6550750.0492770.8073873.85e-514.9447184287.9176038.78730 36414460.95155000.2157480.1180142.1000143.00e-68.369290.2465038.78990 364454235110.06155009.1055900.202592119.6797959.45e-48.3518075291.1706038.76520 365495017660.26155003.9273270.0361048.1347252.26e-515.8585233293.8329038.73630 36553260.11154973.6542660.03913315.0665035.29e-514.2136122293.9253038.73900 36563220.56154956.3794730.0491923.6636041.68e-513.0615075294.1603038.76740 36599400.55154965.5645960.0126200.8962709.00e-715.2615344295.0046038.77550 36626350.57154965.0127550.0200730.9393761.00e-614.9045589295.5693038.72610 3729724-1.00154999.176469 16.4187555.89e-512.093285.6555038.85050 37300670.62154964.8872430.0097900.2940792.00e-714.6104099285.8078038.89480 37327320.94154953.9186660.0240910.3961873.00e-713.4625946286.8804038.89300 3734660-1.00155004.352911 19.9421377.80e-512.9356030287.6238038.85540 37348688050.23154966.2689210.06048710.3280363.19e-515.6465415287.6967038.88650 37355970.67154954.4252170.0776381.9663562.80e-612.2406556287.9744038.84240 373562935440.13154999.3224690.1474929.3283465.71e-516.1444877287.9880038.89180 37438340.76154964.5431360.0165250.2736152.00e-714.0764889290.5462038.87260 37451840.67154964.7320450.0136020.3042332.00e-715.0314607290.9542038.87420 3749404-1.00154981.166190 20.3063857.95e-510.5757144292.0795038.83710 37495080.52154954.3772200.0167771.0657341.10e-613.1515961292.1059038.83620 37567300.95154964.9619090.0201120.3791643.00e-714.5955638293.9350038.86730 37575880.12154987.2850630.07372624.0899811.03e-414.9405214294.1434038.89320 375759035200.00155010.9278230.034019135.5860701.18e-313.6745827294.1437038.87740 375777834020.04155215.8799210.04575136.5143972.38e-415.4235570294.1963038.83710 37611750.91155169.3256200.3073455.1623431.13e-512.8286890295.0293038.89790 37647143963-1.00155000.373734 6.6332761.61e-512.8426251295.7400038.86230 37657080.95155002.1367350.0254130.4314194.00e-715.1936529295.9279038.84880 376577111890.17154969.0116060.0162595.5677171.26e-514.2166145295.9406038.87640 3766353-1.00154966.722400 2.6669654.30e-613.9686362296.0538038.89430 38308200.06154968.1142640.02582815.5827885.53e-515.3683902284.6202038.96950 38323820.75154964.6031490.0148310.2726492.00e-715.6914454285.2461038.98330 3832716270.57254954.2374420.0255841.1418771.30e-613.4185926285.3940038.90490 3832716270.36254953.9786110.0423362.1701093.20e-613.4185926285.3940038.90490 38338590.99154954.0848270.0252810.4317433.00e-711.9876011285.8739038.90390 383432227630.43154964.5753590.0163430.9968581.00e-615.3974627286.0499038.96020 38343640.23154965.3148800.0164792.9084554.90e-614.6615449286.0722038.97220 38364390.47154954.2130230.0172021.5403951.90e-67.5707166286.9484038.92820 383652250120.46155003.5114220.0170121.5403802.00e-614.8445268286.9774038.91330 38376770.94154964.8066730.0276970.4619843.00e-715.5485466287.4280038.91860 383849637000.36155002.0075000.0470785.9803974.14e-517.900287.7524038.92980 38399640.80154964.7914320.0161350.2561501.00e-714.6025332288.2939038.97810 38480420.99154964.7583100.0235640.4114533.00e-714.9656398290.8039038.95300 384891950150.57154964.7655860.0198841.0472601.10e-613.9015226291.0563038.97440 384897211870.46155001.9985660.0087620.7410577.00e-714.4895286291.0713038.99900 38491553900.41154965.0471610.0130291.1683131.30e-613.8315343291.1280038.91470 3850086-1.00155012.165119 19.1142477.37e-511.2396230291.3975038.96470 38511930.55154964.8382870.0273801.3410791.60e-613.6826122291.7096038.92140 38513200.82155000.2511550.0693511.2385691.31e-514.1478540291.7440038.98720 385194938080.25154976.7478610.28413754.7711083.30e-413.9394981291.9033038.92590 385265530020.10155000.7167530.02179811.6290583.59e-513.2565822292.0819038.91500 38532590.98154964.7808710.0159480.2766482.00e-713.9224467292.2447038.92320 385367311970.54154965.6878110.0119730.6437966.00e-715.1035727292.3529038.94250 385887932760.19155013.7500210.09675925.9523111.13e-415.1125658293.6941038.99560 38588840.14154961.9286970.09592925.9519311.13e-49.277293.6954038.98280 38589499950.26154987.8838810.08236625.9511391.13e-414.5765219293.7108038.98360 386159540.20154959.7281080.0204203.8493677.30e-611.4326054294.3566038.94740 3862171-1.00155001.336005 6.9964611.75e-513.6855922294.4970038.98010 38622462300.13154969.3075590.0155244.7024949.90e-614.9165265294.5175038.95630 386529835400.15154967.8122770.0342529.5306351.37e-314.6895295295.2320038.92590 386759350230.02155042.9648100.06316773.3320224.71e-413.5597037295.6975038.90200 386932659910.14154969.2113750.0235598.5860442.32e-511.5984903296.0330038.93670 38698251178-1.00154972.135090 4.8006561.02e-513.3206476296.1339038.99900 39353190.76155001.9739500.0190380.3531313.00e-715.8525203284.9861039.04050 39363570.77154953.8526970.0200540.3691542.00e-712.4375933285.4109039.04120 39380730.06154960.8400710.04691931.0243121.45e-412.5125744286.1542039.06570 395310650250.20154972.9760760.05413913.1743701.92e-314.0355398291.1798039.09970 39539810.75154953.8225320.0284830.4920174.00e-712.6334925291.4282039.07380 395422737660.56155002.2655350.0135980.5942766.00e-715.9854595291.4929039.05020 39547980.58154953.8417060.0245090.9184809.00e-713.6086140291.6514039.03810 39558670.40154960.8257560.35242633.6599621.64e-413.5474706291.9301039.07210 39565450.75154964.8849610.0176570.3302802.00e-713.9875617292.0921039.04740 39568810.95154964.9615290.0395110.6969456.00e-714.9345574292.1783039.07600 39574770.58154954.9344380.0206460.9790521.00e-612.4775395292.3439039.06930 39584880.95154954.1547030.0318790.6228915.00e-713.1046939292.6016039.06320 396454535420.28154965.2460140.0206593.0124755.90e-614.7765750294.1400039.08990 39652420.53154964.9117630.0148100.9967241.00e-614.0605183294.3213039.03890 3965556-1.00154999.504584 6.5567701.58e-512.5436252294.3909039.07670 39664910.79154955.9278960.0881831.3519721.60e-613.2968866294.6342039.05070 396691211860.02154963.0740460.01424455.6636803.30e-415.5935397294.7406039.01550 39693620.80154964.9646750.0269180.4105683.00e-714.2746560295.3118039.05450 397011735560.03155068.7502380.108397110.2951228.40e-415.2585551295.4620039.08440 39702336040.25154966.1597370.0517408.2549145.53e-514.0345224295.4819039.01730 397131559920.12154969.6905390.0278989.8922772.88e-513.6645962295.6932039.00650 39726290.85154964.8125850.0167960.2442401.00e-714.9315076295.9330039.02490 39730020.34154967.8824310.0252253.9841977.80e-614.9855740296.0021039.00050 39735040.18155003.4781680.0173434.3187289.10e-615.6905663296.0951039.05540 397354950320.37155008.3516620.0116771.3899551.70e-614.2936055296.1036039.05620 403567561070.18154965.5826310.0131382.8736624.90e-612.7025480284.6246039.17880 40366870.89155000.2922160.0181350.2997993.30e-615.2206200284.9559039.14460 403716337930.59155000.2279760.0120900.6354441.60e-616.675285.0801039.18390 403742859930.14154955.4037780.0149854.2647288.50e-612.8735780285.1450039.18700 404202611800.09154996.0156610.08187034.8200461.76e-415.1875017286.8693039.10370 40434432310.01154994.8695400.023060119.8402409.45e-414.9454330287.4024039.19070 40440059690.02154954.7475450.01288917.5119476.50e-512.336287.6163039.12720 404912459940.17154969.0038830.0228834.8044711.02e-514.6545349289.3142039.13140 40549050.13154870.3491640.873426274.7090222.79e-312.9844702290.9189039.16990 40550920.01154966.9828740.03454976.4531535.07e-415.3124707290.9801039.18650 405816950340.00155074.5542370.064697282.5361602.79e-313.252291.8476039.14360 40596560.79154966.7095900.2112404.0593981.18e-311.716292.2048039.19930 40662030.93155000.0418210.0209420.3625494.80e-614.0526497293.8756039.11380 40690630.57154964.9063420.0100720.5042964.00e-713.3185905294.5585039.13770 40692130.42154957.1832600.0554015.1942561.13e-512.7396058294.5957039.19380 407037613180.54154965.3337380.0199031.6346142.10e-615.3105871294.8818039.16110 40716000.96154954.5874390.0953281.6746352.20e-613.493295.1541039.18390 40736780.67154927.8925680.0095190.2882442.70e-615.4475763295.6066039.15330 40745320.74154953.9413300.0180890.3531532.00e-713.2715403295.7703039.11000 40747080.74154964.8566730.0161230.3021172.00e-715.3705308295.8004039.13050 40750640.00154994.2385210.02271661.4228063.90e-414.9514734295.8693039.14820 40769520.38154966.7030760.0732449.7611692.83e-513.7736228296.2448039.18510 40774420.59154954.1303210.0147690.6928426.00e-713.5124523296.3414039.14060 407815713190.07154960.3270770.03306216.0246717.23e-515.4845547296.4794039.12760 40786930.20154954.9997260.0111962.7565314.50e-613.4855288296.5779039.11150 407953035940.07154994.7713740.02753417.7271002.38e-415.5565755296.7345039.18610 41383010.90154964.6852210.0158750.2533791.00e-714.6975132285.4868039.24060 4142768-1.00154992.650873 27.9916031.26e-412.1205401287.2629039.26000 414423661090.03154973.6457770.02548722.9134579.40e-511.8566346287.8333039.22130 41496840.25155004.3043600.0266794.3208499.10e-613.928289.5023039.21160 4150136-1.00154995.577252 9.4784022.72e-513.7256195289.6193039.29390 415039017680.02155087.9818570.03790255.2514784.15e-415.8075560289.6866039.29720 415061131560.13354999.6888010.0034641.5222791.90e-67.8996623289.7425039.26710 415061131560.14354961.0054190.0247468.6530922.36e-57.8996623289.7425039.26710 415061131560.10355029.3338880.32816594.1982006.93e-47.8996623289.7425039.26710 41574880.39154968.1374250.0420395.1974201.14e-513.9615941291.6032039.22830 41593473940.10154958.2276600.02637112.2835553.90e-513.1675912292.0311039.24550 416439334130.02155048.6104380.04564049.6127562.84e-415.2175996293.2173039.20780 41659603950.10154970.1305550.01754113.5491784.53e-513.8896244293.5709039.25260 41680130.85155002.0441370.0192350.3108762.00e-715.1515421294.0436039.26660 41695210.93154953.7844040.0689821.1725561.30e-613.4188099294.3834039.25530 41745070.24154966.0396400.0188763.8918257.50e-615.4395723295.4739039.21380 41783891850.02154967.3852400.02034223.2105239.83e-514.2285645296.1852039.26270 42419460.75154999.9141950.0162000.2843842.00e-715.7954663284.9025039.34740 424269239280.44154966.6373710.1079412.2770703.40e-613.1946219285.1466039.37080 42449290.91154964.7462560.0206240.3414032.00e-715.0645857286.0170039.31530 42458970.51154973.7888250.16734111.2578223.43e-512.5386595286.3909039.33440 424702335590.03155014.5931560.04694347.1906155.05e-315.6245424286.8485039.30490 4247092403-1.00155004.129544 21.0564168.45e-514.1695565286.8797039.37840 4247791280.26254954.7960440.0409314.0497397.90e-611.260287.1648039.37690 4247791280.49254956.0357230.0499584.1008718.00e-611.260287.1648039.37690 424799123110.00155023.1040210.025301104.3500008.40e-412.5705338287.2412039.33280 4248941-1.00154997.105632 8.6445982.34e-512.1596089287.6032039.39770 42492180.76154964.8573820.0171480.3161952.00e-713.8585283287.7077039.31350 42522260.07154984.2621960.03906821.8589589.00e-513.9165650288.7269039.33770 42523223960.02154970.0757350.04873514.5915164.99e-513.3115675288.7578039.35060 42538605052-1.00154999.512292 155.0611121.37e-312.6496636289.2337039.38650 425542235280.01154974.5753520.084897165.4057451.58e-312.724289.6971039.37160 426352933580.02155006.3119880.00873710.1040162.97e-514.0315330291.8891039.36180 42734110.92154965.6666920.0626981.2196981.40e-613.9076975294.2638039.30410 427573913170.27155088.1789570.0205344.3436561.11e-515.5805435294.7739039.33380 427611450540.17155003.7907700.0163913.7224077.30e-615.6915524294.8551039.30530 42818950.13154954.6970050.0821589.5435882.70e-512.2565309296.0518039.39500 428508761120.31154966.4501240.0261184.4860319.20e-612.7855950296.6488039.31860 434687561130.24154966.7795170.0280914.6942199.90e-615.5845339285.5858039.47910 43494830.71154964.9070250.0194050.5091414.00e-714.3024472286.6474039.45470 43504540.80154964.9427030.0635000.9656581.00e-613.6245907287.0525039.48790 43521680.13154967.9413460.03695710.6437483.19e-514.3435115287.7150039.44270 43572720.64154964.9646770.0291182.0859503.00e-615.4555117289.4009039.47500 43582060.57154964.9209380.0176460.9511621.00e-614.038289.6632039.41760 4359851-1.00155008.493886 13.5423285.89e-512.8095951290.0829039.40080 43600720.05155165.6116841.1477901087.300000 11.1594950290.1413039.48190 436544227870.52154999.1369490.0230531.7144132.30e-613.2976077291.6857039.42890 436546150580.43154964.8653580.0320113.4288306.30e-613.3096076291.6910039.42540 436692350590.00155067.1494480.041213646.2900007.35e-313.0306226292.1153039.49860 43675440.52154965.7604210.0374092.3912221.82e-414.3275372292.2839039.45710 4372379-1.00154966.216027 4.5351719.40e-613.8106531293.5203039.44780 43727051.00155000.2447830.0603861.2786682.34e-514.9028677293.5972039.44560 437276536980.11155004.5354000.23864315.6398002.02e-418.2316282293.6104039.41510 43751010.05154973.6977550.07379961.2596023.90e-415.5185661294.1533039.46430 43766443970.01154979.1179290.01491727.6777041.26e-413.7675805294.5123039.46210 4377638-1.00155004.265058 2.8218756.60e-611.2699093294.7438039.49940 43802830.49154965.9027510.0225181.7447192.40e-614.7425924295.3190039.48010 43851090.90154964.6679540.0160780.2746482.00e-715.1334739296.2593039.42140 438604736590.35155001.2005460.0253392.9006901.81e-516.9435713296.4303039.44350 44456300.30154968.8814860.0402165.6279121.28e-513.8586060285.0624039.57440 4450976-1.00154956.109541 12.0448693.76e-512.0285836287.3733039.52610 44511480.82154954.3856440.0451900.7359847.00e-711.1746579287.4395039.55150 44542190.43154964.6624580.0147321.2257333.49e-417.431288.5631039.54160 445576350610.52155003.0007490.0128630.7662987.00e-715.5816059289.0765039.57040 44566220.44155004.0205470.0149461.5028162.00e-615.5965498289.3243039.58260 44589890.81154954.1586370.0336950.5298544.00e-712.9456519290.0015039.53390 44590686114-1.00154957.137809 24.9559951.08e-411.4588908290.0244039.56340 44649990.78154953.8221830.0248450.4341643.00e-713.3685820291.7906039.59380 446635632950.06154998.3743520.06679014.1281584.79e-514.2845857292.1824039.56020 44666910.78154999.9989870.0315210.4826516.60e-614.3486512292.2793039.50510 4470124-1.00154999.042124 11.4389846.38e-414.9216260293.1966039.50720 44739330.25154964.2075880.708447103.5926247.65e-412.030294.1624039.55290 44741930.89154964.7389440.0213680.3225052.00e-715.2975319294.2397039.55850 447463738290.58155002.9943000.0877243.8867251.62e-516.810294.3408039.56310 44769000.78155000.1417080.0171460.2796662.00e-715.7455222294.8952039.59010 448067613210.42154965.0874980.0133141.4239341.80e-615.4695296295.7319039.58750 44843560.51154965.0169200.0146411.1441591.30e-614.2355080296.4597039.57370 45406320.01154983.8607960.01805231.0053991.49e-414.9914818284.0443039.66150 45445870.49154954.1357870.0335732.1890973.20e-610.8018255285.8864039.68340 4545729-1.00155011.690434 18.3835206.98e-513.1116096286.4008039.69840 45470670.90155000.0545530.0238300.4075755.20e-614.6716037286.9596039.64110 45473080.88154953.6242440.1344920.5769285.00e-712.5436937287.0607039.66520 454748061160.12154966.5630880.0116544.4269479.10e-615.4695335287.1381039.67360 45507500.77155000.4395740.0863941.5677742.00e-613.6347386288.4395039.66810 455132813240.50154965.0842530.0134081.0441161.10e-615.6365182288.6536039.66430 45540040.62155000.1528740.0242050.7425073.43e-515.0906210289.4853039.68450 45631500.80154964.7694750.0167430.2747202.00e-713.9974865292.1117039.66130 45695900.48155039.7308610.62461041.3702002.19e-412.7994588293.8623039.69010 45699230.82154964.6577970.0206100.3135842.00e-713.8735557293.9375039.65860 45703260.95154954.4427270.0592351.1215521.20e-69.768294.0376039.62860 457153629540.50154964.7660880.0405070.6767158.00e-715.7135134294.3452039.68390 45743100.56154954.6616140.0292681.3062201.50e-613.2426337294.9937039.64280 45785940.01154926.7004610.134094252.1550003.81e-315.7935223295.9236039.60910 457932136570.34155002.9447410.0165792.1123956.70e-617.388296.0604039.61520 458648250730.00155151.1377780.110088623.0000007.35e-314.0235451297.4839039.63650 46334340.04154967.7591420.02781522.2712099.40e-515.3624902283.9860039.78450 463823738110.34155140.3118670.087787290.1400002.79e-313.9065356286.1531039.71490 463986813260.00154968.9703420.01558853.1009653.13e-412.9075170286.8349039.76090 46476520.68154953.9469940.0444741.0648241.10e-611.8116265289.6393039.77500 4649305143-1.00154973.336784 22.6511389.40e-513.6826742290.1033039.78160 46493240.63154965.2266340.0251381.0356911.10e-614.7536098290.1078039.70550 464944039190.04155000.0464240.01308419.3707327.51e-512.9565109290.1377039.76520 46515260.95154999.9723790.0174360.2981453.30e-614.7546241290.7388039.77080 465925535800.00155067.1516300.058120198.0132781.92e-315.5465153293.0484039.72540 4659476-1.00154993.479361 58.9963743.68e-413.2166129293.1102039.75640 46609970.62154954.0516540.0182140.5625604.00e-712.3175507293.5137039.71140 46613970.92154964.6893250.0184290.2923252.00e-715.3735546293.6169039.72350 46616340.02154992.8997020.06131473.8941775.07e-415.3295298293.6817039.75880 46636230.05154962.6845950.596694358.1000003.81e-312.8304735294.1987039.75800 46659890.52154965.7520120.0329872.2480673.40e-613.0166852294.7640039.75280 46694024128-1.00155002.983542 8.4964682.32e-514.0345756295.5339039.76230 46695920.76154964.9862790.0209120.3784283.00e-713.081295.5741039.70060 46702670.60154966.3756240.0459292.0060982.90e-615.0975518295.7168039.77710 46715840.20154967.0315220.0223135.5933251.27e-513.7426096295.9981039.74280 46729340.95154964.7053360.0219650.3827473.00e-713.7925590296.2692039.79180 46773210.61154966.3454430.0453971.5721812.00e-613.4785979297.1172039.70240 46781710.08154965.8053200.02915415.2887095.37e-515.9934240297.2840039.70770 467968740490.44155000.3917640.0118941.0279031.40e-615.3205225297.5802039.70270 46811520.55154954.0607780.0375181.8359222.50e-613.134297.8519039.78390 47295530.61154954.4627940.0272190.9612931.00e-612.2216091285.7275039.84130 47362080.08155000.5530050.07493063.6818914.15e-414.9955778288.5374039.83410 47372670.33154972.6127280.0745599.5240762.72e-515.1455156288.9153039.80500 47373020.26154957.2140060.0521389.4555882.67e-511.5546845288.9267039.81180 47384260.96154964.6596160.0145200.2488351.00e-715.3356016289.2761039.88370 47391940.56154965.0202690.0267121.2465861.40e-614.2836014289.5215039.86240 47397910.59154999.8901850.0228070.8989211.63e-514.7037538289.7104039.81800 474067613930.37154954.3478460.0324883.4542416.30e-613.1986336289.9644039.81140 474350835720.31155093.6655600.0156902.0860793.50e-614.5545869290.8139039.81910 47436260.95154954.9272990.0715811.3028751.50e-612.1046219290.8470039.80400 475108336910.22155000.4016730.0213434.5323703.43e-516.0286058293.0865039.80180 47539880.16154968.0257370.0256487.3044261.87e-514.9895766293.8439039.87540 47573310.33154966.3036090.0172782.3620893.70e-615.7255092294.6854039.83180 47580920.90154964.7792560.0167040.2891662.00e-715.4205682294.8686039.89100 47583680.57154958.2067610.0656513.7499357.00e-610.8054594294.9364039.85250 476074614550.06154955.4600270.02159115.0680736.62e-515.9505735295.4783039.86770 47610602249-1.00155002.021782 3.3613916.00e-612.3016512295.5471039.86180 47628870.95154964.7709880.0393650.7365747.00e-714.3666556295.9128039.84720 476979950860.12154968.5055320.06174421.9293148.81e-510.9464911297.3174039.87800 47731550.02154989.8374660.36142425.7060001.11e-413.5925447297.9827039.89410 481561250900.33154999.3150130.0248853.8568001.29e-415.1756387284.5212039.95070 482426835330.03155048.0151720.164361152.1514241.37e-314.6105945288.2829039.99220 482643961210.54154965.6570540.0400692.4742953.90e-613.8205909289.0298039.95190 483219716610.31154954.9657980.0114381.8954662.60e-611.5106039290.7381039.91970 48391800.22154953.9523620.0363728.8526872.42e-513.5016033292.8376039.93380 48402630.48154966.3718460.0230871.9156482.70e-613.9885725293.1216039.97560 484032750930.04154979.8465910.03097526.7371331.19e-412.6885802293.1391039.92570 48408180.12154966.1194450.02636410.0495372.94e-514.3556113293.2797039.91580 48432220.96154964.9015210.0233020.3874053.00e-714.3905976293.9279039.93130 484359246830.67154862.0937110.0164350.4835364.00e-715.1205499294.0235039.92410 4847343-1.00155005.987387 11.4169173.51e-512.8376272294.9517039.92940 4847369-1.00155001.737547 12.3500143.94e-513.7366141294.9584039.90460 48478320.08154972.4341600.03902730.9602371.45e-412.4505648295.0766039.95830 484784335050.06155003.4087910.03849930.9597261.45e-413.4055394295.0796039.96250 484842335600.48155000.5809410.0343803.0036531.00e-511.8256239295.2175039.91000 48508740.94154953.7744360.0970711.7759012.40e-612.2286931295.7640039.90340 48512170.58154953.9005070.0467112.4702803.80e-611.1086694295.8340039.95230 485146417570.34155005.0607650.0465005.5482571.59e-515.7525891295.8887039.91130 48520550.96154966.4255010.1494822.4148573.80e-614.0795645296.0143039.90830 48530670.88154954.8609130.0727361.3409221.60e-613.1425838296.2211039.92300 48572820.75154904.2648810.0131340.2507531.00e-714.1735456297.0898039.90390 48594320.77154949.9946050.0205720.3854803.00e-715.5355067297.5548039.98340 486093216000.10154970.8904520.07328312.3653563.94e-514.5905805297.8440039.98980 48626250.06154967.8193370.03211420.0002497.95e-513.7186149298.2151039.95510 49020300.39154965.2666220.0163491.7576062.50e-615.9294235283.6116040.05620 49043040.89154964.7438650.0236960.3894743.00e-713.0045954284.6720040.01060 49084950.32154965.3680460.0208223.1203155.50e-613.8714731286.6577040.02730 49094220.72154953.7889090.0183110.3951033.00e-712.1355404287.0809040.04630 490970731750.72154953.9131930.1150922.3023643.50e-610.691287.2069040.00300 49125890.01154965.1414920.01880468.3766074.41e-412.869288.3205040.00050 491299159970.09154971.0498050.0159748.8850352.46e-511.2976032288.4721040.08770 49219060.96154964.6174460.0116350.2137321.00e-715.2034800291.2036040.07940 492811916640.00154989.4525040.02068644.6390153.13e-415.5105940293.0262040.07310 492929940180.51154965.0839090.0114780.8687191.10e-614.7745531293.3510040.05970 49310730.08154956.9712420.05240726.9512361.19e-411.9576453293.8297040.03120 49323488190.02154991.8967920.03003238.0367731.95e-415.4725386294.1479040.05550 49326910.10154967.7126730.04202118.1120796.85e-513.6277109294.2402040.00750 493591437430.23154999.2428620.0176083.4863336.98e-517.914295.0519040.01260 4936180820-1.00154964.943578 4.6409229.70e-615.2706287295.1137040.07120 49363340.96154964.9247710.0206000.3543692.00e-715.6483955295.1486040.03310 49366800.67154999.8660630.0328300.6662271.17e-514.3127905295.2389040.08220 493699032900.10155187.3084770.02316510.3145093.85e-515.2956099295.3021040.06980 493714337150.16155002.1413810.0337739.8488763.13e-416.3506705295.3388040.03730 49372170.82154964.6271680.0261400.4293423.00e-715.4026075295.3542040.00300 49402010.15154967.2769260.0254408.8166282.44e-514.9845284295.9835040.06170 494043815610.08154969.6517910.0155429.0859072.65e-515.5495659296.0334040.01960 49410600.75154964.6910630.0169730.3034222.00e-715.3805197296.1653040.08000 494503551080.50155002.4235140.0182351.1746831.30e-614.0095739296.9907040.07530 49455880.99154954.1862760.0608921.1290801.20e-611.1505999297.1154040.02420 49458570.75154964.8328450.0180840.3354152.00e-713.9645232297.1856040.04910 494658440880.62155063.1827050.0131060.4539723.00e-713.8196179297.3605040.05610 49466800.10154965.2095940.0206238.6652602.38e-513.8525768297.3825040.02420 49475280.75154964.6740450.0265500.4969884.00e-713.9106828297.5731040.07240 49477260.22154965.9223640.0272354.7260861.00e-515.1815638297.6151040.06080 49488630.10154972.8314200.0202988.6435902.38e-515.4145490297.8501040.06870 4949187-1.00154997.748947 11.9773923.80e-513.8246307297.9250040.08840 4949194-1.00154997.894523 41.2632022.19e-48.9428444297.9279040.05490 49497700.82154955.0809930.0978981.5640912.00e-612.5687907298.0497040.06290 49505050.83154964.8658040.0195840.2948092.00e-714.6895625298.2026040.08890 49505570.04154957.7771420.03149224.7147911.05e-412.5266052298.2144040.07320 49541130.90155001.9968530.0379310.6680278.00e-711.9317630298.9136040.07280 499097761230.28154966.3787990.0160022.6490254.50e-613.8705597284.3450040.19610 49919590.76154964.7570610.0191540.3609392.00e-715.0225683284.8071040.15580 49992600.76154953.7430790.0171780.3783683.00e-79.3335048288.0198040.12710 49993570.84154953.8909600.0584070.9901291.00e-612.0126662288.0530040.13300 50001790.97155124.7049020.2301123.6329356.80e-613.7589807288.3583040.17470 50031174050.05154986.0926380.05205037.6090981.95e-414.0265387289.3614040.12880 50055700.86154964.9875360.0252710.4228443.00e-713.6855658290.1164040.13210 500561831860.00155122.0661840.054937340.9672113.81e-311.3005844290.1271040.15950 50068175112-1.00155019.021018 94.8119691.58e-310.8664935290.4560040.14570 50082870.94154964.5618030.0173280.2918782.00e-715.3135881290.9527040.14990 50147536060.24154966.9990590.0186233.1706265.60e-614.3335754292.8704040.10530 501591316670.28154954.5815940.0134732.3599373.60e-612.9895487293.2021040.17090 50159260.75154953.9624770.0196430.3626872.00e-712.9525848293.2068040.13010 501616351150.40154964.8564930.0428035.2456601.15e-515.7686017293.2782040.15710 50170580.48154955.9157930.0273722.3238953.50e-613.1405948293.5309040.15050 5017127-1.00154991.925594 20.0064047.80e-512.5106195293.5486040.11170 50187870.51154965.0146110.0094050.6071925.00e-715.4285215293.9912040.18960 502003436880.57154999.4917310.1918402.1191116.80e-615.8126139294.3039040.19260 502117436790.21155001.6369520.0201114.0450542.94e-517.705294.5880040.16710 50217320.11154977.1354820.03343215.0395075.21e-513.6236119294.7312040.15050 50224400.19154966.6084670.0147903.6939507.00e-615.2865719294.9026040.17000 50225730.98154953.9726500.0251560.4417253.00e-711.4745648294.9299040.14700 50229080.80154999.9720210.0380450.6372481.09e-514.3096696295.0124040.17780 502394835700.35155002.3770450.0264763.6492931.25e-515.0486174295.2410040.15760 502429235790.37155466.3687410.0345884.3010329.40e-514.5736147295.3002040.18340 50244470.01155267.5758030.330264771.8300001.47e-214.9806114295.3202040.12430 502445015440.33155188.4784880.0204043.0518516.70e-615.0635945295.3208040.18740 50252610.94155001.6917570.1139142.1714113.20e-612.3436240295.4448040.16730 50252940.18154967.2645740.0210945.4626901.22e-513.2665697295.4511040.17570 50336820.94154953.7316700.0200690.3799163.00e-713.2585611297.2387040.17100 50343336124-1.00154954.0276120.0544646.9322801.70e-511.5208444297.4004040.14950 50359724060.02154974.9202710.03576849.2668272.84e-414.3855716297.7722040.15510 50365380.36154965.5207040.0168632.1220163.10e-613.3494199297.8780040.10800 503696659980.0415487.3178810.06457162.7350005.05e-314.2705963297.9536040.15330 5039392-1.00154968.812943 236.7279412.28e-311.6484152298.4009040.17220 503944161250.39154955.3513600.0216792.1513833.20e-612.9165943298.4099040.15680 504156927950.55154965.2207890.0468772.5354365.10e-615.2736026298.8536040.13110 50418430.65154999.8715560.0804290.4572347.00e-717.0287625298.9112040.10970 50419750.61154964.9097260.0938652.9599295.10e-613.9815149298.9453040.16440 50776298220.12154965.5839520.0248477.9193702.16e-515.8055458283.5384040.21800 50779940.67154954.0866780.0245120.6962876.00e-712.6685620283.7115040.23590 50788790.42155003.0810210.0085761.0393711.10e-613.0286160284.1151040.24360 50806520.31154968.1669590.0290514.1443578.50e-615.0805344285.0204040.29850 50887350.57155003.0597710.0289170.5075018.20e-615.6696016288.5214040.26480 50906906360.04154961.5883310.02426324.0233251.01e-413.252289.1914040.26320 50909373182-1.00155001.089963 8.8006932.40e-511.0407865289.2657040.25550 50916140.06154971.3909140.03256521.1424588.45e-514.0835820289.4830040.29280 50952690.05154966.8652860.02671718.6119626.98e-513.5286227290.5519040.23500 50974460.60154964.9860900.0378861.2880641.50e-613.8906938291.2458040.21990 50984446370.14154984.0226810.08155726.9489861.19e-413.7714615291.5633040.26780 510399836600.00155005.4728620.015390174.7701661.58e-315.5495474293.1577040.26270 51040970.87155000.0353110.0169890.2753952.00e-715.4476224293.1819040.22210 51072260.00155187.6170800.051563310.9164273.81e-315.8945761294.0267040.20270 511042317770.27155007.0127440.0267905.3704341.24e-515.8285369294.8368040.26560 511256740430.92154966.1278270.0909081.6158922.10e-613.391295.3184040.20900 511305335710.41155001.3283600.0284033.1851006.18e-515.5196288295.3914040.21680 51151780.12154965.8385130.03621412.8517244.19e-515.2055594295.8449040.28090 512211214750.15154967.4373730.0116223.0551705.30e-614.7416018297.3983040.22920 51231760.82154953.9034190.0413120.7078446.00e-711.4616750297.6401040.23610 51270050.69154955.1591180.0658421.6211242.10e-613.5105870298.4768040.22060 51289720.75154965.0467010.0526210.5053244.00e-713.2365776298.8961040.28820 5129777-1.00155001.264573 26.1585301.16e-412.8818124299.0478040.21890 513038037070.16155009.9184080.08031219.9830002.28e-416.2995655299.1550040.28810 513074035830.00155118.1337580.043445210.3025192.28e-312.5047357299.2195040.21230 51661360.82154964.8090810.0139220.2339481.00e-715.3494986284.1178040.34910 51743460.84155002.1305740.0219860.3505923.00e-714.2865726287.8332040.31920 517467751310.01154983.4242810.02548543.5428447.35e-315.2236445287.9637040.31030 5175668-1.00155007.260809 21.8821158.81e-513.3426234288.3171040.32800 517960951320.08154967.2177790.08810143.9309662.38e-412.7764777289.6114040.33580 51814550.14154966.5526960.0215205.5796311.26e-515.4735875290.1409040.31910 518180436380.16155000.0689880.0166854.3505002.62e-515.9296363290.2283040.35540 51933860.32154980.2038350.16659221.3782948.62e-513.9984797293.6601040.36420 51951370.92154964.5540510.0175180.3241172.00e-714.0275381294.1049040.30160 51963010.94154955.1431630.1065481.9104102.70e-613.0024546294.4028040.33740 51972560.80155003.0873550.5194466.9633881.72e-511.0247609294.6409040.32380 51989340.94154965.0902740.0449680.8347398.00e-714.2466905295.0661040.32820 519942651380.00154976.9942910.02970278.6043625.44e-414.0805669295.1809040.33990 51994890.84155002.2481390.0288480.4648164.00e-715.8885972295.1960040.35050 52016190.74154964.7747360.0280060.5072764.00e-713.0466498295.6712040.36760 52113850.90154955.4441700.0930211.6606872.20e-612.6848010297.6924040.37660 52114700.28155004.2273390.0285224.8085951.01e-513.0944525297.7085040.30760 5213466-1.00155165.534389 2.8193111.15e-513.0758312298.1299040.39990 521570037400.58155186.2377740.0254971.3124022.00e-615.1685766298.5304040.39850 52159990.68154965.4826860.1089492.5311584.00e-614.1095081298.5825040.36470 52167270.48154964.9291490.0179201.5130231.90e-613.4485932298.7125040.34120 521758615920.08155080.4038140.05075026.0688101.16e-414.1065387298.9024040.31950 521773331550.03155022.1328160.180319161.2523791.92e-37.3919116298.9365040.39180 52177810.00155022.0741660.275963564.4073857.35e-314.0225500298.9473040.37550 52180140.11154971.3339660.02815910.8452933.29e-512.9234752298.9979040.31480 52183850.78154964.5806770.0161670.2815372.00e-714.6165260299.0674040.38430 52184414070.46154968.2847610.0434873.6137556.80e-614.9155720299.0751040.35830 52555520.17154970.6364910.11622032.4486351.64e-415.2084775284.6931040.49860 52599260.91154964.9127550.0256270.4378103.00e-714.2105869286.6588040.42600 526380251450.19154958.1467460.0256996.7005061.63e-511.4946642288.2709040.40040 526430435630.01155322.3946500.050475120.5800001.18e-315.7775094288.4508040.43250 52648180.93154955.2334380.4246101.9050502.60e-68.8639212288.6266040.45460 52669370.56154971.8156590.1280015.9170861.38e-514.3525483289.3497040.49720 52694070.53154965.6451240.0168570.9588711.00e-614.1645307290.0908040.46180 528204915450.21155187.3747440.0319745.9103771.74e-515.1695970293.8369040.41050 52824640.73154964.7078820.0280690.4963994.00e-712.7967472293.9457040.44960 52832660.80154964.6767200.0200680.3146492.00e-714.1964921294.1519040.40150 52838390.93154964.8553690.0191830.3152312.00e-715.1565906294.3030040.46690 52841330.15154958.8898710.0323638.7845762.40e-512.4447922294.3822040.45220 5284262-1.00155004.961964 17.9633126.73e-513.1106349294.4163040.48020 52856070.36154959.5760100.0273803.8994017.40e-611.4196235294.7722040.45960 5286221-1.00155004.348011 15.2959835.29e-511.9148001294.9404040.49660 52867860.11154966.8020290.0253839.9487462.91e-515.4564946295.0802040.47710 52879838280.22155003.9943980.0140122.5071054.10e-615.5555680295.3781040.49340 52885430.41154964.8054210.0322373.4570766.30e-613.585295.4941040.40620 52903050.80155000.3016640.0347430.6205091.05e-514.2946542295.8864040.45600 52947390.59154968.0532090.1017963.7359957.10e-613.9305068296.8372040.47310 52962760.94154999.2502650.1056391.8920032.60e-613.7855711297.1415040.49820 52968770.95154953.8163690.0220690.3772653.00e-712.2876661297.2698040.41020 52972981300.04154954.1021600.04249934.1936061.64e-413.3255958297.3603040.42980 53008780.50154965.4936330.0161751.2794431.50e-614.7674631298.0819040.47810 530200617550.97154980.5090400.0077780.1511711.00e-715.0506536298.2990040.47030 530672019910.03154976.4735230.02197427.3645241.54e-415.2445941299.1849040.48440 53068620.56154954.6928420.0393372.0256382.90e-612.7776088299.2139040.45840 53077800.88154964.9750350.0188150.3088512.00e-714.9066075299.3981040.42290 53087780.39154949.7621090.24262740.5655002.38e-411.7774812299.5774040.45850 53093536430.45155004.1070120.0218261.3763801.70e-613.992299.6813040.42840 53103870.96154953.6646640.0261960.4416693.00e-712.6826520299.8789040.48240 53104350.53154956.2909410.0802004.9313641.04e-513.2546215299.8872040.48730 53439760.22154954.7325690.0242954.3313929.00e-612.612285.0857040.52760 53475370.00155061.8402510.041269345.1842223.81e-314.0235488286.7118040.52850 53477840.19154962.2860920.0418569.5840592.72e-513.0945392286.8225040.51320 53533740.79154964.6609480.0223090.3933213.00e-714.0686402288.9739040.51010 53536530.91155000.0596940.0207160.3685574.50e-615.1316510289.0655040.54850 53565936440.04154981.6641350.05913645.9778682.59e-413.7255395289.9668040.53270 53576820.83155000.2340010.0440100.7177061.18e-514.6256435290.3048040.57000 53578820.98155000.0894020.0219970.3874024.80e-614.6946429290.3538040.55100 53582000.79154999.7571090.0298800.5359487.70e-615.0057034290.4513040.51060 53596780.27154966.1232350.0312446.2306101.48e-514.1546159290.9513040.54800 53694190.87154954.0469780.0254340.4376803.00e-712.9736669293.8278040.55090 536982726900.20154967.7784170.0098443.6069286.70e-613.4615367293.9335040.59070 53703028310.30154967.3507250.0285803.9043277.60e-615.0165606294.0568040.54970 53711090.89154965.7897410.0684161.1918621.40e-613.9727396294.2628040.59860 53729668320.12154967.6753260.0264379.2863572.62e-515.3655464294.7440040.53390 53748830.86154964.7562200.0255730.4197173.00e-715.4635818295.2248040.52650 53749990.67154965.2631150.0223020.4578803.00e-715.2935806295.2486040.55530 53765520.82154954.0838220.0299590.5038194.00e-712.8606631295.6098040.59830 53768361820.30154966.3171890.0261343.4794256.40e-614.0415672295.6713040.59910 53773490.62154965.7485690.0283601.1167661.20e-614.9465629295.7812040.53840 538471334440.00154978.0590320.01183760.3268043.68e-413.6933690297.4292040.56190 53848026460.17154966.9887680.0216476.0830931.44e-513.7056203297.4490040.51090 53857230.52154998.0138830.21760812.4449261.92e-35.771297.6555040.59980 53868100.96154954.0866680.0561830.8888919.00e-712.6807395297.9218040.51940 53896160.98154964.7726060.0226510.4068843.00e-714.6695828298.4810040.50700 53903510.75154999.9357250.0945800.5474549.00e-716.076298.6180040.59290 539289733420.11155187.4678320.11778342.3992992.84e-415.7475901299.0694040.51570 53935580.12154970.2456340.02659710.2171033.03e-513.7525676299.1868040.50170 53945440.57154953.6634060.0091830.4319743.00e-712.8045884299.3728040.58390 539612219350.06154971.1665820.01454815.4443046.85e-515.8385658299.6517040.54570 53980023213-1.00155009.793719 14.1531754.79e-511.9808527300.0150040.52700 54259500.76154964.6154750.0212340.3781683.00e-715.0035483283.0570040.68820 542866827940.79154976.4318910.2010311.4067011.90e-615.7285719284.4447040.69350 543581636960.00155084.8774540.036075181.8519091.92e-315.6845792287.6238040.60550 54397900.81154954.5029030.0450990.7960867.00e-713.2486566289.1206040.65050 54407460.86154964.9446100.0282370.4826544.00e-714.1726138289.4213040.63270 54443920.58154954.9151150.0316331.5195281.90e-611.3785674290.5174040.69680 54503220.94154965.0042250.0239640.4240193.00e-714.7865741292.4119040.63610 545081417800.11154970.6239120.0158776.4875331.58e-515.6934398292.5569040.63820 545602335210.00155012.5873320.041639131.9783071.05e-314.3134655294.0362040.65920 54588800.82154976.0598920.2035903.5116896.50e-67.8249671294.7815040.62680 54593730.97154964.6708870.0167630.2866092.00e-715.0914982294.9131040.68480 54608350.06154977.1535370.03289621.5392748.81e-514.2935864295.2969040.66160 54615700.96155000.1558570.0244510.5076617.90e-614.8287127295.4630040.64680 54629010.15155006.0813190.0167645.2707261.21e-515.9534139295.7556040.61870 54682950.92154964.7822850.0218170.3520122.00e-714.3105758296.9310040.66530 54716190.60154965.1982530.0303640.9628351.00e-612.3707844297.7036040.64250 54735560.21154956.4789520.05450811.2588243.43e-513.5455932298.1501040.65620 547473316100.54155066.4603740.0155520.8837759.00e-714.0635700298.3949040.62890 54756240.66155279.9781670.0524371.0698431.50e-615.5496561298.5550040.60660 54757120.53154967.1743590.0505632.9918855.10e-613.2806370298.5738040.67660 547780516070.18155067.6602820.0195595.0067101.08e-513.5185921298.9625040.63070 54784660.97154964.8572620.0280130.4825014.00e-714.2265809299.0945040.69420 54799730.58154964.8696260.0436671.7952732.50e-614.8896169299.3805040.69480 548142637720.22155002.1902000.0206634.7681033.00e-519.319299.6449040.69060 5511076-1.00154999.687125 6.5131991.62e-511.8635931282.9722040.72700 55138610.57154954.9959350.0290841.5102122.00e-611.6386170284.3522040.71470 55243250.83154999.6793130.0372860.6249799.60e-614.9627181288.9038040.77100 552717216780.34154975.4146380.0261233.1839676.70e-612.6785640289.8181040.72390 552964316790.62154964.7903320.0319450.7597667.00e-715.9325902290.5111040.70860 55308810.27154965.9607700.0318325.0825221.10e-513.5086138290.9227040.77740 55347020.59154965.6345070.0225181.0254661.10e-613.8216838292.1834040.70720 55348148380.07154996.2905690.0151939.7187752.80e-515.3115794292.2144040.75980 553496535570.00154992.4951260.068554243.8212442.28e-313.2976194292.2604040.70370 55350610.77154954.0512730.0255240.4634303.00e-712.3886580292.2867040.74860 55352800.01154979.1381720.03868974.9853015.07e-414.8515730292.3479040.73310 55434820.80155000.1862150.0172150.2948282.00e-715.7345156294.6424040.72980 554676121600.15154964.5885660.10191017.6706526.62e-514.8745564295.4812040.73200 55536240.13154972.7337390.08641925.7620711.13e-414.2315358296.9871040.77540 555365215750.06154974.0411960.04127624.3282321.05e-415.9525143296.9919040.75890 55573680.93154953.7682640.0178590.2979312.00e-712.6505143297.7350040.76780 556083138190.60154999.8713660.0263290.8677211.90e-616.090298.4946040.73160 556330033090.00154967.7332920.01669371.0547664.71e-414.7105090298.9683040.79740 55638140.91154964.6830040.0194490.3082342.00e-715.1925032299.0670040.72100 556548637420.50155001.4328840.0349032.8250476.00e-614.9646471299.3781040.75740 55674380.96154964.9895280.0334140.5845405.00e-713.8096289299.7490040.77250 5596440648-1.00154973.696864 10.4748573.19e-513.2206256282.7207040.89920 559797060140.14154956.7744000.0244926.7173841.69e-512.778283.4398040.83620 55986390.58154955.0133850.0257181.2975511.60e-610.201283.7774040.84200 56066440.63154999.6724770.0183680.8619311.54e-514.8337541287.4298040.82250 56085666090.12154965.4504390.0130014.3969979.00e-614.4915696288.1607040.87890 56106980.54154965.8913300.0598634.1325288.20e-613.8946247288.9207040.88130 56115610.75155000.0094200.0145410.2586952.00e-713.971289.2022040.86760 56117630.98155000.1031120.0202140.3616054.40e-614.9316201289.2686040.82730 56155280.70154964.7711340.0162740.3391752.00e-714.5625850290.4088040.82870 56158150.80155000.1352480.0409150.6742501.08e-514.8147128290.4942040.89600 56179530.76155002.0674770.0160440.2986962.00e-715.8855289291.1830040.83170 56209810.79154964.7593520.0202020.3335162.00e-714.8735406292.1272040.88340 56212940.60154954.5105180.0294660.9389059.00e-713.6138425292.2193040.89330 56222500.09154976.1929550.03763816.2942145.89e-514.2036215292.5132040.82760 56237740.53154964.7735870.0374251.1336301.30e-613.7844975292.9621040.87550 56239230.61154999.5277820.0371731.2087501.26e-516.5178300293.0064040.85460 562935361320.06155016.1729710.05720533.3250002.79e-314.6246016294.5579040.85050 56302120.36154990.5592560.25075547.5847652.71e-410.214294.7917040.87090 56327810.23154975.7399510.07526211.0252023.32e-512.1135786295.4383040.84360 563664238170.47154999.6281840.0102460.9335002.90e-616.4285528296.3308040.89630 56407500.05155269.6357141.333982987.3000001.47e-211.5654557297.2018040.89240 564262028820.42154965.0651250.0564610.9867911.30e-615.3984442297.5909040.81500 564349260150.03154994.1744220.04362141.8654722.28e-414.5285832297.7605040.83000 56470080.56154965.0088510.0120750.7998628.00e-714.3355444298.5268040.85840 56484499790.24154960.9069370.0207254.3488648.70e-610.680298.8041040.84360 564920636360.29154998.7748210.0295434.8934743.12e-517.991298.9585040.86360 564932526760.02155001.0443830.179821391.1000005.05e-313.5605716298.9804040.87200 564995615400.43155003.9579820.0225552.4157403.90e-615.5595390299.1033040.84930 565226037030.15155001.0105890.1561388.9292607.37e-517.2965516299.5469040.86130 56529833710.00155077.1095380.041974498.3747397.35e-312.1934997299.6762040.85650 56531260.09154985.8161520.06792838.4968821.95e-413.1735766299.7020040.89630 56850720.73154964.6265120.0128700.2559052.00e-713.1874626283.9091040.98260 56969090.50154964.6876930.0088790.6430036.00e-714.9845451289.0711040.97880 56996170.77154964.7920950.0168780.2889172.00e-714.9714817289.9502040.98660 57003300.09154971.5790090.12998253.2204143.13e-413.6135605290.1534040.90160 570293930000.09154996.2983680.03658318.3982016.98e-514.1685634290.9722040.99470 57032300.93154954.3581930.0417340.7314747.00e-711.7957748291.0714040.91700 5707897-1.00154998.254127 8.4160912.26e-512.8896066292.5603040.99690 57162440.58154965.7850210.0348161.3303331.60e-615.4235683294.9603040.98700 57167632720.46154953.9787970.0089770.6406615.00e-712.1075672295.1011040.98670 57281392060.27154964.9808260.05409210.6681653.22e-514.4635771297.5937040.97730 572828310110.36155003.9813050.0569186.1982791.53e-515.6705750297.6203040.94310 573039436030.39155000.5668060.0438505.5191782.67e-516.1175122298.0619040.95730 57313120.08154968.0931630.0164037.9463822.11e-513.8114658298.2518040.90350 5733154-1.00154980.084398 62.5199033.90e-412.6716839298.6118040.94910 57333840.98155003.5119900.0870021.5467092.00e-610.3956360298.6529040.90160 57358780.14154966.1744100.05979416.8320826.08e-513.1256045299.1617040.92700 57364610.24155006.6197260.0407447.3461641.95e-515.6305412299.2717040.97240 5736537-1.00154965.954593 1.7615296.00e-613.6547395299.2878040.91290 57374740.76155000.0198890.0258500.3979423.00e-715.8295613299.4743040.99450 573850636760.14155002.9907560.0299549.5014797.95e-518.347299.6812040.96790 573869861340.41154956.5916980.0436524.8087741.01e-511.9416210299.7198040.90400 576892761350.16154956.7693340.0192324.3905129.10e-613.2095799283.2617041.08450 57704310.89154953.9233850.0240010.3924373.00e-713.3996338283.9705041.08120 57708600.88154965.2701530.0450960.7375627.00e-713.8576391284.1901041.02500 57715890.12154962.1167640.03873610.7391423.32e-511.8095927284.5855041.00960 57717191900.11154972.3042120.03385712.2648774.04e-514.1375425284.6489041.01500 5771961-1.00155009.861435 26.0664371.16e-410.5616977284.7599041.04340 57732050.62155000.1232670.0120560.2668711.70e-619.742285.3719041.07110 57743750.60154965.6779490.0449931.5499772.00e-613.9395173285.9259041.09080 57798524490.00155325.2927830.027070504.1559207.35e-314.1836081288.1981041.09420 57811920.14154961.8825810.0321639.4599932.67e-512.9895372288.6974041.05920 57833680.81154999.4665160.1740031.8638734.66e-514.8067910289.4322041.01680 57836760.97154964.4987760.0213960.4014453.00e-713.4765911289.5334041.07590 57855510.74155002.0192920.0138220.2666882.00e-715.0945034290.0881041.07370 57855860.59154964.8161450.0126530.4596213.00e-715.7565125290.0996041.08140 57861540.18155162.6107670.954804197.9207811.92e-313.5344743290.2559041.01800 57865450.75155001.9874890.0150410.2805752.00e-715.4324954290.3605041.05250 5790807259-1.00154960.128986 79.9962465.44e-49.9546349291.7718041.09810 57909120.78154964.7156890.0214750.3833173.00e-714.4945733291.8089041.01420 57918860.77154999.9923750.0186840.3251703.00e-715.3485647292.1333041.04890 57920930.71154964.6433620.0330990.6005885.00e-713.9066312292.2002041.01370 579564860160.16154954.7730670.0210054.5533699.30e-611.4716052293.2944041.03540 579618533690.01155207.3660510.02125342.5592352.84e-415.8315530293.4561041.04590 57966756520.05154967.5172230.02475416.0806765.80e-513.6534628293.5919041.09520 58015712250.35154965.3128200.0116561.6771942.20e-614.7846037294.9133041.07470 58022850.26154964.9844000.0125772.4170503.80e-615.3494791295.1084041.07410 58024700.26154967.1337050.0218453.7918737.20e-613.7645418295.1563041.05260 580248610390.36155003.4057550.0163772.1478403.30e-615.6865646295.1605041.07930 58028340.88154954.4766520.0610461.0924431.20e-612.2116077295.2704041.02410 58075790.07154966.6939410.03113517.8443256.73e-513.745296.3493041.07300 58098270.67154965.4920310.0392551.2221101.40e-613.5386076296.8463041.01370 58098680.80154964.7970270.0255010.4393903.00e-712.9556878296.8543041.06750 581680636450.33155003.0961880.0311424.4554361.97e-517.046298.3380041.07530 581756661380.47154961.0175510.0719038.4121982.26e-511.6847994298.4760041.07990 5818706-1.00155003.064617 14.9599415.14e-511.4936123298.6959041.04170 58202090.81154964.8139010.0944280.6560876.00e-713.4954750298.9905041.06450 58210500.97154953.9304780.1095351.9333692.70e-612.1426764299.1503041.06870 58231210.79154965.6287320.1501532.2980013.50e-613.8905283299.5424041.04880 585851952060.39155000.4732530.0411634.1825001.45e-414.7405933285.1034041.11250 586609910550.06154966.6322100.03460636.9767061.88e-413.6985366288.4429041.17220 586610436510.03155003.6353700.03450936.9760005.44e-417.066288.4448041.17260 58661380.05154926.7729630.489670342.3000003.81e-311.0705078288.4589041.10820 58719180.11154972.7598300.03296912.6432974.09e-515.7014021290.3489041.13780 58721504140.08154967.6458620.04048020.3551038.11e-514.5575816290.4254041.13920 58725060.78155000.4248750.6312642.1260885.62e-514.7307571290.5345041.16750 58726960.99154953.7987100.0098220.1726131.00e-711.854290.5962041.18560 587636042790.53154999.8170750.0121071.0508443.40e-617.172291.8200041.11250 587680533310.15155188.2305220.07183218.1730368.62e-515.9275559291.9650041.12220 5877364-1.00154996.428536 89.6485386.38e-48.880292.1599041.19820 58780810.72154999.8575620.0305880.5911348.90e-614.3727695292.3893041.11500 58788360.80155002.1500310.0212810.3548793.00e-715.1635491292.6385041.10870 588032010600.20154973.2126030.10442612.1096393.85e-514.3486400293.0846041.13540 58818380.73155005.7952250.0159100.3003312.00e-714.7375093293.5332041.14360 58873160.55154964.6670640.0075110.6030815.00e-713.9896216295.0456041.10420 58919630.95154949.8191260.0153760.2819602.00e-713.6025526296.1734041.14010 58978261260.13154967.6288580.11676133.8042031.64e-413.1095661297.4759041.11430 590330136920.42155003.4231220.0142912.3203304.10e-615.1495948298.6583041.13890 594209319950.03155008.0117030.01288714.3873086.50e-515.2645587284.8745041.20370 5944240-1.00154999.591219 2.5532227.23e-514.6717474285.9139041.29160 59515530.95154965.0113180.0230080.4319713.00e-715.3435863289.0210041.28350 595240361390.53154965.1978920.0147360.9056789.00e-76.966289.2874041.26480 59553210.16154975.7525640.02472211.6378823.63e-515.3856169290.1827041.21660 59557310.99154954.5538890.0533721.0038301.00e-612.993290.3092041.22490 59565880.83155001.9067290.0187240.2729072.00e-715.8335202290.5842041.23520 595677638210.61155000.3035050.0195270.5691151.00e-616.7476946290.6483041.23410 59571230.91155000.9864400.1805962.8229754.25e-515.1328926290.7715041.24400 59602830.94155110.1017640.0145530.2496681.00e-715.7615308291.8151041.24320 5960989-1.00154983.686510 50.7215342.98e-412.5106074292.0520041.26610 59613270.76154964.7080080.0157790.2992022.00e-715.4174842292.1672041.29410 596135060170.14154958.0996910.0189495.2626681.15e-513.5376869292.1745041.29070 59625140.56154999.8789410.0305661.5800993.67e-514.8386566292.5399041.21160 59627160.47154965.3899490.0237521.8046082.50e-613.8776035292.6083041.22520 596581933190.28155143.7574240.0468528.2400552.21e-515.0245718293.5199041.27740 59662370.91155000.0836430.0226710.3975835.00e-614.9356589293.6490041.29750 59757120.87154953.9071900.0546031.1360931.20e-611.507296.0697041.27100 59777360.80155003.0383270.0963161.5791302.00e-613.1727661296.5202041.23280 59785210.94154964.6949010.0339090.6081515.00e-713.6766439296.6989041.26350 597986360180.07154966.5518750.02792716.6218546.08e-515.2295698297.0000041.29000 598080038820.61155002.0335000.0108270.4141634.00e-715.0445193297.2035041.22890 598235310360.10154967.3539460.04843319.5630957.51e-511.1155961297.5255041.26180 59833480.08154983.3448830.04848225.1507841.08e-415.0485680297.7337041.25090 59833510.74155001.9588460.0176280.3211854.00e-717.834297.7351041.25370 598353242890.01155232.0922110.048826147.2884481.37e-315.0504298297.7801041.20920 59840000.82154964.6531320.0198630.3230582.00e-714.4315414297.8845041.24940 598620934760.03155297.3747130.02313423.7379701.26e-415.1475345298.3718041.29180 59884650.76154960.1186230.3781077.0565261.75e-511.4188661298.8648041.29410 59907530.15155002.9471270.0257787.2165921.81e-510.9164886299.3055041.26350 599193626060.98155007.9262560.0341120.8074368.00e-713.4248630299.5486041.24140 599227018550.04155001.3911760.09306958.4306803.68e-414.7824222299.6220041.21250 602385934140.01155109.3377600.01316927.0098781.41e-415.4833928284.4963041.32590 60245720.86154964.6524690.0253030.4149103.00e-715.5216224284.8571041.31710 602512434110.01154991.1243380.01187926.8377241.23e-414.4265931285.1478041.38890 60254660.45154953.7740980.0115051.1278011.30e-613.1225815285.3023041.36720 60262040.98154953.9435990.1286302.2798153.50e-611.6158418285.6587041.31440 602886029500.47155003.1475710.0090080.8440338.00e-714.4035401286.9206041.37120 60291300.10154967.7420930.03289912.5916324.09e-514.8325160287.0398041.32890 60292140.60154954.3341420.0203320.8190668.00e-712.927287.0756041.39100 60348120.93154953.6672620.0209510.3673072.00e-712.822289.3365041.31860 604173421670.04154969.0581050.02822224.3400241.33e-415.2805994291.6045041.30940 604203141650.59154964.5656210.0138260.5371044.00e-713.0785221291.6907041.33290 60421160.27154958.7807020.0369975.4071581.20e-511.300291.7181041.39000 6042191-1.00154981.274403 43.3909232.38e-413.1584986291.7434041.31000 60422144500.02154977.9081430.02023827.0462341.23e-414.1736089291.7522041.31120 60426630.07154984.5314290.05047430.9717691.45e-415.5965354291.8995041.30590 60440640.54154966.7011000.0920185.0632071.10e-515.0015095292.3532041.32420 60445430.67154964.9132410.0253870.5320864.00e-713.7647240292.4850041.31560 60452640.61154965.6341570.0222640.9093109.00e-713.4376074292.6973041.33470 60460610.70154919.4544100.0154530.2972562.00e-714.9884563292.9391041.31140 604749810130.42154964.6019270.0094121.0374451.10e-615.3485359293.3856041.34980 604802416840.00154984.4644640.01671362.8160003.90e-412.8496162293.5345041.32990 60481060.55154999.8430390.0313561.5593613.59e-514.0916777293.5584041.39540 60501160.79154964.7080060.0151820.2399081.00e-714.2584569294.1380041.33960 6056992510.09154966.9352370.02468310.4311533.12e-513.761295.9188041.33240 60578290.75154954.0792030.0282620.4834274.00e-713.3095444296.1240041.38580 605861417990.27155004.1318390.0113561.7310802.40e-615.5055735296.3057041.31710 605887536160.51155002.0725830.0157331.1298681.60e-615.8394586296.3704041.39050 60605800.31154954.6322630.0161472.3133693.50e-613.4605308296.7686041.31950 60611390.76154964.9133840.0179580.3224412.00e-715.2325063296.8937041.30810 60634480.03154972.9451770.08585076.0176965.07e-413.7556416297.4073041.32980 606637936490.55154999.8100090.1362791.3038604.60e-615.4756047298.1325041.33430 60677350.85154953.6954990.0268190.4461823.00e-712.6505558298.4543041.31490 60721950.93155000.9946860.1518382.8001234.60e-611.4108313299.3757041.35520 60725780.77154862.1420790.0151590.2696722.00e-714.6775017299.4453041.35240 61030490.59154964.8889120.0148180.6431716.00e-715.1475623283.7682041.44110 6105491-1.00156903.857649 13.2996384.47e-511.9196486284.9915041.43330 61067710.77154964.6166740.0156170.2638262.00e-715.4915559285.5787041.43780 61096880.18154959.1991160.06625514.0867884.72e-512.2716845286.9136041.48150 61174156019-1.00154969.445961 19.7416257.65e-510.5436282289.8611041.40820 61187790.90154964.6210500.0221550.3642462.00e-715.5105428290.2789041.41170 612494110580.04154969.2012400.0081515.6701441.29e-513.783292.2618041.44260 612802760200.13154969.9064960.0184235.4557661.22e-515.8634878293.2185041.41730 61281410.30154965.7263510.0121891.8726242.60e-614.3375775293.2529041.42630 61282480.76154964.7505950.0172480.2917442.00e-715.1664867293.2808041.43570 61316590.09154960.0413970.03404917.5278306.50e-512.5344870294.2791041.43690 613770436050.00155266.6184630.039349178.2679721.58e-314.1604975295.8384041.42730 6137885-1.00155003.383308 12.7900994.14e-512.7896088295.8830041.47470 6141791-1.00154998.492254 13.6590354.53e-512.9955859296.7550041.48460 61438260.92154953.8046320.0777611.3547601.60e-612.7116928297.1752041.46110 61448270.82154964.6441350.0132940.2346501.00e-714.9975217297.4123041.44110 614593952430.05155006.1952230.02589617.7454147.80e-512.3666090297.6765041.42860 61468380.03154976.6718670.02669227.4672011.23e-413.1825338297.9160041.48560 614712210620.06154959.7636780.02504115.4514985.37e-511.7987625297.9812041.44490 61475730.07154970.3633850.03843325.8368331.13e-413.3475503298.0788041.48430 614827138120.57154966.1147610.0409791.7852901.26e-414.0266284298.2297041.45980 61532190.62155000.2601430.0187630.5303001.30e-617.0896603299.2638041.42050 615367217940.11155153.0722860.0095703.3644256.10e-615.3375600299.3565041.41430 618201960230.29155003.8010050.0264443.6649657.40e-615.6435504282.6849041.58800 618284935120.21154999.6984840.0317656.3991071.60e-513.7185893283.0740041.54090 61857170.06154972.4305540.01816111.7022043.80e-513.3935901284.4613041.56180 618734142160.42154964.8864100.0119570.9845991.40e-615.9864798285.2562041.59560 61878930.60154954.0872520.0216550.7891688.00e-711.7025103285.5196041.55010 61915740.50154964.8785850.0100921.0345301.10e-614.3534208287.1770041.53310 619194560240.08154968.5298210.0129296.8073777.65e-414.0444992287.3327041.50670 619703861440.46154961.7765800.0984469.7517082.80e-513.5314937289.3008041.52650 61973190.93154965.6496200.0937561.6638042.20e-613.645289.4071041.58610 620070936940.28155001.4645430.0256723.7235302.11e-516.7205794290.4167041.52580 62054600.58154956.4552220.0983393.7228327.00e-612.7465242291.9803041.55940 62067510.56154954.0130990.0260991.2453341.40e-612.1426965292.4063041.51300 620934760250.30155004.4821640.0153912.1365773.70e-615.2815283293.1983041.55830 62098240.91154954.9330210.0720031.2629741.50e-612.127293.3472041.54820 62131310.64155002.0765660.0232040.5614166.00e-715.5356328294.3036041.56170 62204700.33154969.5045650.0646898.1441362.17e-513.9607377296.1589041.51650 62204970.62155000.3132650.0501921.3231672.85e-514.7497254296.1648041.55590 62236460.84154953.7111090.0229950.3649342.00e-713.5527907296.8833041.51890 62248530.95155000.0787970.0302520.5360487.70e-614.4157338297.1333041.53610 622756036500.13155187.6725030.0137104.8035121.29e-515.9274405297.7585041.51360 62287030.21154955.0563370.0351338.4004142.24e-512.843298.0631041.51070 62314010.15154970.5869440.0233936.0919561.44e-514.8475843298.6218041.56740 623346635520.13155008.6130650.05230115.8733071.23e-414.6795400299.0473041.53810 623390336090.36155001.7191150.0394415.9908483.03e-516.4555699299.1310041.58990 62628820.79154965.1115030.0635090.9965011.10e-613.9798317282.6457041.60870 62640910.97154964.6404340.0198030.3250182.00e-715.2025680283.2481041.65310 62657200.93154964.7276750.0189120.3124282.00e-714.8235585284.0142041.66560 62677020.90154999.9496860.0157920.2831962.00e-715.5935065285.0034041.64130 626864816130.08155213.5174051.669587503.2500007.35e-311.049285.4766041.63270 626872260260.25154955.4494810.0159832.6384334.40e-612.6016234285.5184041.66050 627997418120.43154965.0968800.0100650.8052598.00e-713.7426022290.1265041.60110 62811030.98154964.8706230.0189050.3632812.00e-714.8995715290.4672041.67450 62832240.56155003.3574620.0150770.7664738.00e-715.5725100291.1915041.66720 628615538030.13154999.6663450.03490714.5418304.99e-513.7635062292.1691041.61980 628616135010.09154999.7653720.03593114.5417851.08e-416.7095735292.1710041.62130 62864020.95154964.7116300.0194230.3433202.00e-715.4896068292.2537041.60630 62871720.95154953.6519110.0108210.2038731.00e-712.7146646292.4987041.62920 629038238690.13154970.0279860.0194036.1281611.44e-513.1867016293.5192041.67180 6290740-1.00154994.495729 15.1518275.21e-512.2546342293.6252041.66150 6292925-1.00154999.637550 13.6123484.47e-59.7178159294.2413041.61980 630103060270.14155000.2479990.03727511.9911581.11e-417.7775727296.2964041.60460 63020510.75154953.6676450.0375870.6658736.00e-713.3338041296.5376041.67070 63025920.93154965.2096050.0885411.5780242.00e-613.8487737296.6603041.61440 63051922190.22154997.5631070.0457718.0251572.14e-514.1535347297.2141041.66400 63070620.01155075.4846250.04462575.3790075.07e-414.8635141297.6291041.64150 630708320500.03154849.2842010.027541376.9401675.05e-312.2184992297.6352041.64190 630753711200.25154960.6590130.17772629.7445241.37e-411.753297.7571041.68050 63116370.56154954.3809040.0360021.6208132.10e-613.2425534298.7033041.63400 631168111220.59154967.2146530.0226450.8447868.00e-715.3635500298.7115041.63580 631252136560.32155002.1070840.0194443.0155491.13e-517.3575095298.8824041.66330 631417337080.58155001.6542800.1838551.4332633.80e-617.7197073299.2406041.62170 63444290.76154999.9482350.0238920.4084595.20e-614.6556816283.9302041.70320 63500200.74154964.6137870.0125860.2417931.00e-715.3835592286.6452041.70340 63532030.64154954.1041660.0180820.5085044.00e-711.7536102288.0366041.79010 63597710.91154964.9764790.0231110.4060683.00e-714.9676078290.3423041.78660 635979811210.08154959.5432810.02827314.1540384.79e-512.9325452290.3529041.76970 636238661460.32154956.9542230.0359034.5924029.40e-612.9306983291.2642041.74880 636349436340.48155003.9469810.0217551.8156335.14e-514.4209727291.6350041.76570 636532111230.44154964.8875240.0102200.8484858.00e-715.3235648292.2368041.73930 63676280.59154957.3521010.1037273.7796927.10e-613.0355185292.9853041.71690 63683160.92154964.6373470.0192640.3385052.00e-715.0845440293.1879041.72810 637012028110.44154964.6416920.0187871.3547771.60e-615.1694244293.7289041.70120 63703610.84154953.6595590.0275830.4549103.00e-713.2106509293.8004041.77310 6370558-1.00155015.363887 60.3165843.68e-412.278293.8644041.71690 63706650.96154965.4052850.0552090.9323169.00e-713.9997386293.8957041.76010 63722680.52154966.7251420.0547855.2200471.14e-511.446294.3562041.77720 63871930.00154930.6264230.138291553.9900007.35e-314.9265510298.0320041.71660 638745012280.20154968.2691240.0181563.6613266.90e-614.3495205298.0917041.79410 638788752800.58154999.9686020.0055850.2169008.00e-717.03710648298.1854041.73400 638877030350.43155009.7866150.21415221.3419708.62e-513.8706073298.3619041.78110 63902050.80154964.6576430.0271340.4494023.00e-712.5458254298.6646041.78000 64211880.09154969.2877160.03708816.4343546.18e-513.8145657282.9060041.83180 64214830.58154954.0968980.0457982.1584023.30e-613.0245016283.0451041.86010 64221700.00155363.2397261.053053624.3120007.35e-313.5385205283.3781041.81530 64241240.91154964.8913710.0249260.3855283.00e-713.9795797284.3411041.83870 642659235540.00155179.1718830.036690394.6846655.05e-315.2075568285.6016041.81750 64315450.91154964.5896410.0197410.3168342.00e-713.8535459287.8287041.80490 643167035340.05155097.4767290.04363029.9114852.98e-416.1285103287.8848041.87940 643205912290.54154964.7543000.0127750.7697407.00e-714.8405412288.0399041.81840 643602928280.00155291.0748850.100395505.4669347.35e-315.7684652289.5388041.89280 64360380.96155002.1273470.0227900.3763073.00e-715.1795745289.5422041.89040 64433920.53154953.6193640.0130630.7769767.00e-712.723291.9930041.88410 64435380.97154999.7782421.3897846.2614461.56e-513.928292.0531041.83710 64462190.95154964.9527240.0258890.4448063.00e-714.1526225292.9238041.88430 64474300.92154954.1480490.0665841.1600021.30e-611.4058010293.2967041.87410 64487680.13154981.0901310.05297016.4867985.99e-513.6455859293.7218041.87310 644935861470.31154955.0734100.0436015.7767901.31e-511.6107449293.8964041.83180 64495520.09154968.8107830.04905120.1488117.95e-514.9045357293.9489041.85550 64527420.46154965.5539360.0165091.3755441.70e-614.7265642294.8835041.80050 64620570.93154954.0185410.0266600.4787164.00e-711.8496518297.1442041.88170 64642850.55154964.9468050.0171760.8436518.00e-713.8265061297.6710041.87600 64669390.41154964.9002300.0200412.2858943.50e-614.4544920298.2575041.85060 64673890.79154953.6861780.0177790.2889762.00e-713.1325183298.3585041.89140 64689380.16154961.2346270.0279007.2170121.81e-513.2725805298.6900041.88090 64699460.52155003.3429640.0115690.7158027.00e-715.5795097298.9068041.83560 647051637050.56155002.2568480.0399762.0804316.60e-616.4488162299.0235041.82200 64710480.77154953.6856540.0187040.2972282.00e-712.8364850299.1282041.82830 65040950.96154964.6326060.0158360.3067752.00e-714.8425679284.9609041.94690 65045340.02154976.7170440.02050228.1626001.33e-414.2164788285.1671041.96710 650495417900.00155107.4251920.053864130.3545941.18e-315.2545700285.3719041.99390 65075410.91154964.6994600.0805390.3272122.00e-715.2785797286.5610041.99560 651687438240.61155001.9201150.0191430.9163271.20e-615.8965787290.0969041.97070 65215420.31154965.6816410.0279304.4257549.10e-614.2805880291.5281041.91600 65227500.09154968.7454630.03591317.4456416.39e-511.2305547291.9289041.95640 65232160.19154956.9066240.07246314.3131564.85e-513.2546200292.0838041.91500 652519652930.36154954.3521390.0241793.4206046.20e-610.1545966292.7180041.92250 652520934790.08155017.8993260.13641675.1317105.07e-414.6585207292.7214041.90490 65265450.95154963.7842650.1275532.1014183.10e-613.6715948293.1286041.94910 652722952960.00155096.8730920.048109200.8000712.28e-315.8145668293.3340041.93730 65314850.54154964.7984810.0117280.6769906.00e-715.5535587294.5879041.91430 653149636460.10155011.1799780.03088714.3239141.45e-416.0955604294.5905041.94650 654367452980.53154965.3038470.0345812.3910303.70e-613.535297.5416041.95090 65450180.42154965.8356420.0383283.9914607.80e-613.7485594297.8138041.96310 654650836130.20155189.7940790.0225706.1070571.83e-515.7405210298.1314041.95100 65484470.30154955.2573140.09909010.7683793.22e-512.8805031298.5425041.95320 65494910.79154964.7337300.0492610.7646537.00e-714.9155597298.7572041.97710 65798069670.07154967.0859200.0182719.8804822.88e-515.2125869281.6692042.03860 65917890.25154967.3544430.0282135.0884101.11e-515.3535410287.0465042.00050 65933630.09154972.2568330.04339818.5278246.98e-512.8935865287.6727042.05920 65935750.88154964.8290120.0199160.3457442.00e-715.5115687287.7549042.00030 65949720.13154965.9851950.03251310.8191713.29e-514.3425680288.2931042.05740 65956620.32154965.5977780.0209622.6805144.40e-614.7465759288.5331042.04760 65999198580.04154843.6667320.01682913.6101054.53e-515.0605440289.8978042.00920 66030433680.03155030.3265420.108273110.3242868.40e-411.3759034290.8546042.08690 660375617290.38154968.8850560.0503395.2042831.14e-515.4245115291.0916042.05850 66062820.32154965.4355430.0143722.1071003.10e-612.9705594291.8724042.03050 660665312240.59154965.2845910.0661642.6980244.40e-613.7176352291.9869042.03770 660693460280.01154986.8399050.02413937.8069391.95e-414.8986122292.0717042.07640 66076100.08154995.1830660.13001763.5180264.15e-414.9854856292.2761042.03770 66102190.20154962.1341690.04042411.3009953.43e-513.2035986293.0256042.00140 661133016910.02154864.0472910.01583135.1466902.19e-415.8385230293.3381042.01630 66136270.98155115.3448480.0085520.1508001.00e-712.5487090293.9765042.04830 661492660290.41154966.3272530.0324123.0267655.20e-614.0446038294.3314042.09400 66150410.76154964.8067320.0184410.3400852.00e-713.8775718294.3619042.04590 662000312250.20154966.3152400.0140103.4285516.30e-615.6863955295.6222042.09290 662823760300.18154968.1391030.0186793.8401297.40e-614.4795679297.4710042.08790 662933212270.18154968.7307860.0141164.3105568.70e-613.9975452297.7071042.04740 66295880.55154966.7831030.0420772.2644713.40e-613.9836520297.7556042.00910 66317211600.07154967.4298140.02417213.7382834.60e-513.8056153298.1836042.01310 66339290.90154950.0666720.0222900.3589084.90e-615.5295482298.6054042.09970 663411253080.07154966.8467490.0161439.9422292.91e-514.0995099298.6425042.09280 66650640.52154964.6974520.0093250.6983709.80e-615.1835780281.6500042.13210 666522312320.01154946.2181500.061312119.4120259.45e-414.4274906281.7426042.12310 66698090.65154953.9985710.0298970.7337387.00e-710.7637239283.9097042.13100 66708120.99155001.4617300.0912691.7418142.40e-67.243284.3557042.10350 66716980.73154954.0773030.0223320.4715254.00e-713.4895570284.6989042.14680 66722290.09155023.8829920.04283723.8323741.08e-415.5815487284.9411042.11320 667506036110.09154997.9592350.02446210.4433289.20e-516.5105883286.2449042.14640 66772250.89154964.7334730.0333640.5250274.00e-713.7157163287.1373042.14450 66783831110.02155259.3835420.062247103.5123577.65e-412.5965853287.6046042.16680 66893680.96154954.3437910.0611211.2701141.50e-612.982291.1778042.19880 669017133200.00155237.4072060.03045585.0624157.65e-415.9545034291.4268042.16410 66923400.95154954.1267550.0388450.6748496.00e-713.3306270292.0900042.13840 6693555-1.00154997.298851 10.8749883.29e-513.8466605292.4559042.13720 669418660310.24154957.0531470.0325405.5542241.24e-512.3765247292.6311042.18080 66955100.97155001.7163020.1203712.1729673.20e-611.9975920293.0068042.11030 66958890.50154965.3737540.0163311.1065611.20e-615.4155964293.1074042.12260 66977160.44154965.5806550.0157891.4432491.80e-614.4244898293.5947042.14310 66986700.10154962.0756950.20307910.8158903.25e-512.9606002293.8383042.12220 669956253170.04154960.3845140.05665446.2705312.59e-413.5296127294.0647042.11290 66996791.00154953.6128340.0114840.2012031.00e-711.574294.0955042.16160 67062870.38154966.3873410.0214032.5353884.00e-613.620295.6771042.11140 670794235690.08155000.6074450.0185709.0142003.00e-513.5704678296.0576042.11090 675620235470.00155226.5250290.073006290.7859703.81e-314.2825055283.8986042.30000 67566698620.16154965.8607640.0246675.8515321.40e-515.3305353284.0873042.23320 67575580.02154348.5698610.409745421.1600005.05e-312.8654742284.4548042.20480 67589174530.21154966.8697900.0121662.2361023.50e-614.5495457285.1197042.29910 676218853230.18154967.0012240.0335857.1555021.81e-513.6724801286.5511042.23480 676282917400.15154971.6679030.07853318.7952667.23e-513.9415640286.8304042.27920 67663250.92154964.7121110.0266080.4399663.00e-713.7756154288.1966042.27520 67667480.25154969.0125480.0355377.0028651.75e-513.9346601288.3636042.24810 6775034-1.00155005.339857 10.0285472.94e-513.9926886291.0820042.26860 67780500.55154965.5649820.0165480.9458281.00e-614.5145091292.0221042.29010 67782890.11154955.0999470.08155530.1301501.41e-413.0766320292.1024042.25220 67815350.12154971.8345340.0291499.1220862.58e-513.6665727293.0745042.28030 678488753280.02154968.3410880.03603544.7144482.48e-414.9655961293.9911042.26090 67916040.70154964.6824740.0284390.5288064.00e-713.9247346295.6755042.24060 67941310.81154954.3083180.0690551.6133282.10e-612.5379189296.2302042.22280 68033350.95154954.3349130.0609361.1108531.20e-612.118298.2075042.20110 68051466680.16154956.5686670.06141313.7797024.60e-513.2106214298.5916042.20640 68057790.95155000.9326840.0444870.8019218.00e-713.0846200298.7236042.25860 6806632-1.00154973.974780 9.4691572.70e-513.2929224298.8907042.20990 68361400.73154964.6613780.0280360.4877214.00e-714.6465037281.0407042.39790 68415770.09154973.2726560.03721715.5375355.71e-514.8755478283.7758042.35930 68423450.04155010.1719170.01872717.3816126.98e-515.5675834284.1321042.35040 68435070.78154964.7680430.0198370.3431822.00e-715.0935489284.6444042.39890 68444890.84154965.3764380.0657711.0797601.20e-614.1366077285.1266042.31800 684701813490.06154958.5235850.02509316.6621675.99e-513.3446211286.3003042.37480 68490462010.22154966.3345550.0239164.2253858.50e-614.0145491287.1306042.35020 68506653244-1.00155110.512239 214.7160562.28e-312.3914828287.7663042.32270 68524880.56154966.9376850.0452322.1720413.20e-613.9087262288.4731042.38010 68532290.96155002.0439390.0253180.4261114.00e-715.7965939288.7466042.35320 68598130.13154954.7935690.03392210.8824223.25e-512.0685951290.8067042.34390 68626038660.18155004.6456300.0133352.8611665.00e-615.6185848291.6717042.34310 686316137570.55155004.0567780.0278061.9866395.80e-514.7269011291.8533042.30670 68632290.61154954.4859370.0523841.9949212.80e-612.1346465291.8704042.32860 68638400.31154964.7458690.0235213.8527347.40e-615.1385024292.0549042.33500 68648590.06154955.5563000.05752540.8778432.19e-411.663292.3502042.39340 68656260.66154964.8421530.0305320.7267687.00e-713.8305611292.5733042.35020 686622813480.12154970.5627640.0243987.7023702.01e-515.1445388292.7399042.35940 686776617980.03154969.1423060.01238412.9647254.25e-514.3845971293.1962042.37060 68776730.11154989.0923420.09746536.7588871.88e-413.6765819295.7658042.39130 68807270.94154965.0327120.0235170.4127373.00e-713.6785902296.4392042.38360 6881709-1.00155003.281167 6.7411161.66e-514.1565748296.6588042.36980 6889235740.43154956.2858790.0457765.1886701.13e-510.9609288298.3242042.38850 689151253350.45154955.2062800.0360543.5051266.40e-611.3885591298.7989042.39090 69276290.21154968.3430290.0337037.7352282.09e-515.2445550283.9054042.44190 69298690.96155000.0937210.0158350.2836922.00e-715.5364992284.9426042.43730 693378137370.00155062.7577960.025824130.4195631.05e-311.2415502286.6973042.45120 693458760320.48154954.4768230.0196841.5709192.00e-613.4065840286.9976042.46520 69369770.01154992.7658880.01838636.4731221.82e-414.3595269287.9515042.41320 69396700.33154968.2010680.0320294.2388558.50e-614.8585436288.9649042.46940 694716435310.02155023.4990160.05466670.5828514.71e-414.6245743291.3570042.49360 69476660.02155014.4421720.06245156.6902645.05e-315.5855777291.5061042.44810 69484802975-1.00155063.9379170.044874175.3293051.58e-315.3105751291.7875042.46950 694881553390.54155000.4341000.0290681.5415313.55e-515.3487431291.8871042.43020 69495500.15154969.5871420.0329347.8410672.06e-515.1445718292.1175042.45630 6956014310.40154954.5591150.0159911.8511822.50e-610.795294.0318042.46880 695621636040.37154998.4105680.0445514.8188303.06e-514.550294.0878042.48970 696044636540.18154999.4528090.03535710.1490008.81e-516.7986117295.1958042.41890 696048733860.02155190.2573960.02885934.5259882.19e-415.1425858295.2039042.43050 696091313610.03154984.1326650.04102659.8800003.68e-414.9954050295.3045042.47530 69620180.45154965.0738430.0141891.2698941.50e-614.7914191295.5437042.42840 6963171-1.00154997.777557 23.3082191.58e-314.1065931295.8099042.45920 696404313510.40155292.0081760.3086965.3625821.52e-515.6135374296.0145042.42230 69647960.97154964.6836640.0232470.3999663.00e-712.6115657296.1969042.43040 69652930.18154957.4738480.0208535.0778201.09e-512.8475944296.3164042.43350 69662650.76154964.7571060.0167560.3134352.00e-714.5505460296.5353042.43710 70098280.23154968.1238540.04860010.6424543.19e-515.0135581282.4277042.59360 70139340.90154953.7676820.0377920.6413686.00e-712.9407699284.3202042.53900 70194892128-1.00154965.4817820.02753424.2598431.29e-415.9625283286.9442042.58060 702117734520.06155017.4974060.02171418.6453287.37e-515.5115684287.6370042.53080 70239170.71154953.8887780.0302320.7728427.00e-710.115288.7184042.50230 7023960187-1.00154984.5295500.04315330.8825371.45e-414.8575768288.7295042.55090 702453039220.02155008.7069200.05181666.1530001.18e-315.5205814288.9292042.52920 702554035500.39155279.4065340.0175372.1482074.00e-615.7834516289.2528042.56260 70258510.31155000.8684830.0268384.6810001.70e-414.3906054289.3596042.53020 70337480.49154968.7130700.0575574.3927108.90e-613.6856202291.8437042.55850 70351390.80154964.8717750.0199090.3097412.00e-715.4805656292.2836042.59460 70373190.84154965.1234960.1204170.5781105.00e-713.7127027292.9485042.50840 70374050.16154905.6252210.892253207.1505241.92e-311.8754605292.9762042.54770 703754013470.12155294.2363750.04394614.4059116.29e-514.808293.0204042.50880 70388310.63155000.0327300.0148890.6272915.00e-714.3746266293.3968042.54840 7039026-1.00154996.118502 9.9439292.88e-510.8206914293.4486042.58660 7041856-1.00154999.450276 4.0006697.70e-611.9786672294.2317042.59010 704729953510.01155034.4143710.02492235.8822441.82e-414.2955608295.6107042.57840 70494860.09154971.0508400.05042926.7184251.19e-413.144296.1250042.52210 70500602215-1.00155012.472816 22.0440009.00e-512.999296.2551042.53020 705198428790.54154964.5394530.0116450.6781336.00e-712.7715438296.7019042.50870 70603330.91155005.6176220.1394682.5272489.90e-69.0887576298.5506042.56110 70914760.95154954.3846620.0500830.8077368.00e-713.1646658281.3239042.67000 70975710.55154954.4957170.0419982.2139643.40e-611.267284.3138042.60090 71055740.08154976.2006860.03986620.7260668.28e-514.0695765287.7462042.64860 710756753530.50155000.3004640.0111570.8125981.41e-514.2356897288.4957042.69560 710843361530.55154999.8519910.0310421.5191889.61e-515.1067206288.8238042.60230 711529133570.02155053.0722870.03483152.8027763.13e-415.1935609291.0010042.62220 711700335140.01155109.6181850.242546428.3000005.05e-314.1735473291.5439042.63900 71171530.78155003.1652890.0211720.3595292.00e-715.6075672291.5928042.63760 71175410.47155003.0696030.0213851.5856742.10e-615.6345854291.7239042.62980 71185450.13154977.6951940.04878214.7972195.14e-514.1856095292.0287042.66960 71186210.74154964.8619710.0194980.3705532.00e-714.1365693292.0590042.63540 71186560.93154964.7478490.0195560.3213552.00e-715.0335271292.0682042.64230 71197570.64154965.3031310.0209480.7429227.00e-715.6085072292.3985042.62990 71198760.85154964.6574360.0226810.3663642.00e-715.0155995292.4324042.68240 712188534670.05155206.1066060.04461733.9375422.11e-415.1915970293.0307042.63520 712225934540.12155292.7999980.04811820.8821681.05e-415.6006122293.1458042.62420 71256360.14154965.0668740.0212966.4906611.58e-515.5074358294.1079042.61730 71289180.16154970.1567800.0259227.1187991.79e-515.7585386294.9982042.69390 712946561550.24154966.1710900.0248625.4918221.24e-515.3165182295.1370042.64700 71300440.76154964.6956120.0166440.2976652.00e-714.3025047295.2743042.66890 713254235170.08155001.3794140.11887766.3609874.41e-415.3275389295.8852042.62190 71332860.29154988.5953730.25663638.5106811.95e-413.035296.0586042.66960 713695833500.08155192.6163230.05560329.0158531.70e-415.5465553296.9398042.69190 71377980.51154954.2177050.0336442.2535373.40e-613.4516597297.1378042.68000 71739100.82154964.7060680.0253420.4022443.00e-714.3605792281.2031042.74610 717434938440.25155001.1932150.0116832.9741401.52e-519.294281.4370042.72730 717461761560.38154966.1862660.0149561.6083772.10e-613.8194889281.5938042.71000 71764400.98154964.5663950.0178310.3582712.00e-714.2935807282.5124042.77090 71775530.06154954.5458420.02908317.9964676.73e-511.511283.0121042.72130 71778920.50154954.6513930.0172781.3862491.70e-611.766283.1690042.79210 718666530330.30154970.2204950.0467988.5593962.34e-514.5385848287.1224042.70690 71984740.76155000.0681730.0371660.2423051.00e-715.5565759291.2318042.70400 71991830.97155002.0307630.0264780.3240923.00e-715.7725462291.4291042.78630 71993530.78154964.8143940.0171150.2819872.00e-714.4905166291.4849042.73780 719977413460.16154955.9470270.0190494.7081289.80e-613.2795633291.6101042.75980 72001020.06154972.5733710.02200614.6657575.06e-515.2135207291.7083042.79700 72031790.56154955.0354030.0489512.2457393.40e-613.4326242292.6888042.74800 72040410.92154953.9655330.0177310.3316792.00e-712.9895089292.9479042.72980 721206636100.21155186.3552990.0183363.8404869.30e-615.2605504295.2117042.78630 72127220.43154965.3109950.0245402.3161723.50e-613.9695683295.3752042.75380 72178660.91154964.7265110.0253620.4071573.00e-713.8655600296.5834042.76500 721990660330.02154986.3951470.02575635.0898101.76e-414.2665380297.0146042.78920 722032037750.56155000.1421870.0156880.7521582.10e-614.0825533297.1082042.75290 7255336190.32154954.8971660.0128312.4064023.70e-611.374280.9438042.83920 725737360340.25154955.6584320.04999710.4669023.09e-513.424282.0533042.86500 72588890.59154965.0037740.0232120.9039059.00e-713.6736203282.7763042.81110 7259722-1.00155008.819044 9.6332262.75e-513.3756026283.1575042.89040 72599170.70154953.8066460.0203250.3846793.00e-712.132283.2591042.84560 726949319610.34154964.6361470.0164641.9078062.60e-612.8525331287.5712042.81390 72697970.86154964.7084880.0174340.2817922.00e-715.6375163287.6995042.84470 72698430.81154964.5677960.0167280.2682162.00e-715.9625002287.7201042.88860 72702308760.07154997.9009660.0138656.9980901.75e-515.8775417287.8841042.83240 72727390.77154964.8522940.0158670.2811652.00e-712.9615192288.8572042.81250 72730330.96155002.0480550.0168480.3050332.00e-715.2095443288.9512042.88830 72807040.93154953.7069400.0176820.3243502.00e-713.0575869291.3755042.81130 72821280.94154964.9357010.0203990.3470502.00e-714.3385363291.8165042.80260 728468813450.64154953.6780430.0189980.6460435.00e-711.234292.6300042.82930 728739135460.16155186.1815280.0167584.2861001.10e-515.295293.4636042.88410 72891573990.37254969.9760490.0441305.2658071.16e-512.9476013293.9661042.83730 72891573990.00254996.3173890.055294242.7129922.28e-312.9476013293.9661042.83730 7293054-1.00155144.355701 671.8000007.35e-311.0484588295.0398042.87950 729557060350.22154964.6464810.0192023.6037703.13e-414.4925423295.6580042.80120 729609437900.48155000.5096560.0685930.8907492.70e-618.590295.7881042.84640 73049110.95154954.0457420.0378940.6255515.00e-712.7696683297.8204042.88540 73355170.98155001.9207770.0127380.2745042.00e-715.75010758280.7783042.98840 73367540.16154966.7663090.04278112.1552453.85e-513.9645546281.4969042.90610 73391230.76154953.7204170.0191720.3471032.00e-711.5416138282.6419042.94640 73393450.76154964.7771960.0137800.2596641.00e-715.2004877282.7368042.94680 73482060.90154964.8998370.0251640.4012053.00e-714.8066089286.7782042.97940 7350038-1.00155004.470351 13.8299424.60e-512.261287.5149042.91180 735397035740.00154988.6147910.063116198.4434961.92e-313.7605379289.0249042.93590 735753113680.00155063.0220850.031723502.1244557.35e-314.6955503290.2024042.95590 736269639370.12154967.8218930.0123444.9313001.34e-515.5355246291.7605042.92390 73627510.74154964.7444920.0185100.3382492.00e-715.7745079291.7772042.95120 736285260360.31154968.3202540.0406777.0367141.76e-515.1685961291.8096042.98160 73654470.38154999.7425460.0230802.5253887.23e-514.3406596292.6215042.92200 73661450.90154964.9029560.0490160.8643618.00e-713.7846428292.8334042.93150 73678330.77154964.8612660.0167390.2861992.00e-715.3425799293.3349042.92190 73681030.54154965.3540150.0400322.1825153.30e-613.4197838293.4154042.91730 73684510.90154953.9415150.0217070.3733772.00e-711.891293.5257042.96070 73695230.40154966.3199870.0416885.3188371.18e-514.9055907293.8414042.94810 7373255-1.00154997.976421 13.6611064.53e-511.5116284294.8559042.93720 73735550.96154964.7668040.0286670.5366754.00e-713.8966997294.9417042.91040 737474635370.37155186.6492690.0209682.7338925.70e-615.0025142295.2529042.90000 73753482660.09154979.1972440.05076925.3091261.08e-411.472295.4043042.98140 73756120.97154953.6387040.0085210.1600731.00e-712.0416682295.4670042.92790 737579513780.12154966.3596980.05466319.3007967.37e-513.601295.5107042.93060 737650035350.20155004.6557940.0278155.8771282.94e-515.1775461295.6881042.97060 737698313580.13155189.7376550.0201875.6449251.63e-515.5054601295.8255042.94340 73770338820.17154968.4712850.0143393.9136207.60e-615.5335081295.8354042.94310 737734353840.13155000.2945390.03884315.9089519.45e-414.4065965295.9089042.98820 73774220.16154986.6444260.389498107.6228478.40e-413.5624488295.9304042.95120 73781780.71155001.8375750.0211530.6242697.00e-715.9055612296.1190042.96530 73822500.68154954.9842640.0197391.4187321.70e-612.0116125297.0566042.98320 73830210.82155000.2699000.0277460.4660614.00e-715.6875335297.2187042.94150 73854780.54154954.5347840.0294701.6554782.20e-611.4716477297.7411042.99610 73872960.94154955.3330020.1444542.5795444.10e-611.0558822298.1156042.97880 742288361590.16154958.9452330.04160311.4145343.51e-511.2546639283.6073043.00420 7431665-1.00155005.281580 281.4000002.79e-310.9744729287.3766043.00950 74317030.64154953.8876410.0257720.5725265.00e-712.2477279287.3913043.09870 74324790.70155000.0775950.0183140.4084596.00e-714.5395607287.7149043.02620 74335130.70154965.2561180.0654390.7011196.00e-715.4505466288.1163043.09430 743617760380.10154996.8822860.05251419.9335231.37e-314.5756270289.1110043.01360 74407420.73154949.9284110.0135750.2839922.00e-711.8314834290.5139043.00980 744984414520.46154965.1243080.0157791.1522181.30e-613.6306834293.2815043.05580 74555530.15154970.9001220.0987826.5164971.59e-513.0596434294.8399043.01970 74565210.00155040.7901310.092603276.4300092.79e-314.9735720295.0964043.04800 74571630.88154954.1164810.0469140.7746047.00e-712.4426155295.2739043.06000 74582850.71154964.8636300.0344070.6606286.00e-713.5196536295.5428043.04920 74668636770.06154968.1642260.01903911.9711393.80e-513.7686035297.4010043.04280 75012300.75154954.4472740.0467770.8927509.00e-712.4476977281.3623043.15300 75061640.88154964.9026690.0319910.5580134.00e-713.6827576283.7142043.11430 75064460.69154964.8940980.0148180.3526002.00e-714.216283.8507043.12290 7511416-1.00154998.051230 5.5908551.25e-512.9416496286.0600043.16620 75123810.75154953.9698730.0222560.4239253.00e-712.7375911286.4998043.13050 751567937280.85154998.1324421.6789745.5904351.25e-512.2527127287.8072043.18880 75163450.75154964.9103930.0311790.4918704.00e-712.3256885288.0625043.12760 75188160.65154953.6912770.0218510.4665803.00e-712.8466087288.9657043.10750 75237330.94155120.5631910.2133723.1211595.40e-611.8137525290.5869043.11660 75291230.84154964.9315150.0220020.3500782.00e-714.7625673292.2412043.10710 753297314500.54154954.1155720.0337422.1446323.10e-613.4805988293.3513043.13460 75338070.95154964.6694690.0172660.3168452.00e-715.2925571293.5822043.16350 75415020.03154961.5822970.04215644.8273232.48e-411.560295.5765043.19030 75420910.83154953.8731190.0237710.3904993.00e-712.3435673295.7167043.16460 75464290.92155001.9184560.0202880.3521213.00e-715.2285533296.6955043.13860 75467910.94154964.6040150.0145050.2423621.00e-713.5665038296.7738043.11030 75492650.89155113.9726100.1028911.9624322.80e-613.8055810297.3141043.14080 75523448880.27154964.9484380.0096292.0014812.90e-615.4195274297.9751043.16490 75847390.72154954.4314990.0456660.9115589.00e-713.3806772282.2911043.28390 75848260.62154965.0806500.0209730.6223095.00e-715.1875599282.3465043.28450 75907280.70154999.9455660.0263070.4767228.00e-716.7196931285.2735043.26570 7591456-1.00155004.547470 5.8357511.34e-510.708285.6098043.20550 759311017480.17154999.1929990.0158273.5493848.40e-615.8955524286.4260043.26430 75970950.76154964.7091470.0161770.3012062.00e-714.1994915288.1218043.20790 75977030.29154971.6030460.0520839.2178032.60e-515.3225713288.3741043.29430 75981286810.04154977.2367050.05192544.2581732.48e-413.2046312288.5420043.25540 759900454030.18154998.3691950.0170944.8228933.68e-414.7776118288.9104043.21850 76016331360.04154964.7314280.01618915.6638735.53e-513.4395982289.8735043.20380 76017670.80155000.0244060.0289680.4867341.39e-514.4866567289.9236043.21920 76056000.19155006.2424910.0142833.3261936.40e-614.8883671291.1507043.28530 76103400.95155000.2108140.0806171.5176957.10e-514.8276716292.6802043.29870 76104860.80154964.7535410.0292550.4576793.00e-715.6845682292.7315043.24490 76206640.94154965.2907890.0413590.6837186.00e-713.1126362295.5619043.20580 762084435510.03155011.5667940.05210458.6215703.68e-415.1615056295.6104043.26040 76220596161-1.00154971.127861 10.4032623.09e-513.2726204295.9200043.28180 762248614470.59254966.6377430.0599802.2799963.50e-613.092296.0251043.23490 762248614470.03254994.3059520.03816340.2465032.11e-413.092296.0251043.23490 762429760400.07154981.6666130.03151218.0196526.85e-514.9285135296.4600043.28550 76270590.81155002.0062190.0192750.3236503.00e-714.8745754297.1142043.21430 76306580.47155003.2850350.0253152.1511353.30e-613.893297.9152043.25620 76306900.97154954.5811740.0649810.8865639.00e-711.2438996297.9232043.25630 76579140.72154953.9805790.0273740.4745463.00e-712.9066794279.9679043.38570 7660607-1.00154954.588856 2.7634011.12e-510.955281.8825043.30020 76686480.08154963.3154010.05404427.8185901.26e-415.3255875286.2770043.33910 76704850.14154972.4113200.0261578.4677062.30e-514.4085623287.1294043.34410 76706170.07154969.1281280.04424024.7038441.05e-415.5174876287.1845043.36710 76715940.34154965.3993630.0084501.4103481.70e-615.8153717287.6359043.37080 7672068-1.00155005.325304 16.8361776.08e-512.4345942287.8638043.30420 767294014630.00154977.0929600.0896461064.270000 12.328288.2586043.37650 767405054120.00155196.7166540.030396472.2220005.05e-315.9115491288.7436043.35110 76766100.85154954.6378790.0719241.2256751.40e-612.6418493289.7734043.38810 76770050.05154975.4093990.05290838.0581391.95e-412.1786683289.9158043.39080 76784348920.10155005.6168900.02596610.3716923.09e-515.1935010290.3932043.36390 76805930.97154964.7770890.0156770.2763922.00e-715.4455169291.1472043.33750 768123042940.45154965.4195330.0096360.9625911.10e-614.8436029291.3642043.38590 7684873140.20154954.4263570.0140902.9473635.00e-610.4707906292.6119043.30510 76856890.78155001.9946740.0183830.3251603.00e-715.5405677292.8773043.36870 76869180.99155002.1549200.1424462.5188344.00e-613.5906436293.2746043.33630 76908430.64154954.1583450.0300870.7862617.00e-711.0834827294.5265043.39650 76915270.18154968.7823280.0216484.8002311.02e-515.4315354294.7326043.34950 76915530.94154964.8709390.0207560.3483082.00e-714.6205786294.7397043.37630 769509360410.27154966.3003600.0268154.0327687.90e-613.8615706295.8085043.30310 76967780.79155000.0072020.0179140.3312365.00e-715.4335022296.2881043.39870 76970650.70154964.7491020.0131980.2727662.00e-715.1155126296.3702043.35230 76986500.88154965.2143790.0352350.5991555.00e-715.2286107296.8058043.38550 77001810.93154964.8204890.0206440.3636982.00e-715.1425433297.1702043.35050 77005780.57154999.7520860.0331221.5071067.10e-514.1506693297.2602043.30640 770774239980.61154999.7508470.0255160.7583541.50e-616.9756918298.8995043.39560 770819336660.24154999.6095610.0441807.9424501.49e-415.9945315298.9973043.39890 77090860.79154964.8401110.0238560.4094753.00e-715.8105512299.1871043.37130 773279136230.34155004.0576400.0137022.0641355.80e-616.1774197282.5534043.41740 77335400.78154964.6140240.0749880.7725827.00e-715.2143918283.0138043.48310 773373140220.44154968.1520890.0542154.8580951.02e-513.2695870283.1285043.45690 77403020.92154953.6567460.0635631.1535091.30e-611.999286.6433043.45980 77405660.81155113.4543110.0173850.2970632.00e-715.6115526286.7832043.43080 774346454170.01155053.2270880.03178155.2490143.30e-414.9255809288.1531043.47360 77441730.89154964.7475710.0249240.3985283.00e-713.6875922288.4883043.48130 77481130.82154954.1444740.1020581.7346632.30e-613.0608948290.1135043.43650 77495040.95155007.8512010.0296390.5662445.00e-712.72311064290.5606043.46300 775074061620.17154967.3179500.0262805.8741981.36e-514.8575777290.9964043.45880 77515620.13154975.4255840.05702817.0421596.29e-515.2525951291.2846043.40530 776326937210.12154999.1269530.0192696.4079297.65e-414.0786004295.1549043.44430 77658940.88154956.9799040.1621603.2045425.60e-611.9557233295.9351043.47820 77661850.73154954.5547020.0415230.8354578.00e-712.1145977296.0164043.43680 77675598950.29154965.2096070.0275894.4094099.00e-615.4035436296.4102043.45540 776773333220.05155202.0080510.03285325.1983021.37e-415.9405699296.4621043.45970 77677740.99155007.7402590.0099290.1733881.00e-712.511296.4773043.47480 77684470.15155085.7776860.464845122.5000009.45e-411.8984694296.6699043.47260 77690720.52154965.0499190.0092680.6088635.00e-713.8864858296.8397043.40810 777047137060.57155000.1825690.0263031.1578053.90e-614.6206280297.1805043.47710 77705690.00155179.7734920.054616903.590000 13.9075399297.2050043.43210 77733800.94154964.8889980.0187670.3075782.00e-714.4755357297.8640043.49800 77774430.63154954.2572710.0344640.8851259.00e-711.9148224298.8540043.43500 77784371310.32154966.1737270.0396055.0142321.08e-513.7976244299.0975043.49760 77982590.36154965.8325580.0150641.7342222.30e-615.7264619280.3438043.59610 7799540-1.00154983.030286 60.0000003.68e-412.3935177281.1918043.52500 780213614490.09154970.1368720.02532210.9802463.36e-514.2125712282.7976043.57810 78112110.49154964.8238390.0129020.9024069.00e-714.5965549287.5706043.53170 781217536650.06155002.6126660.02858617.7939251.95e-416.328288.0242043.54580 781245528810.50154964.8776270.0116640.9035829.00e-714.8116253288.1708043.50120 781303937870.00155000.3445640.012882141.7337801.18e-313.8915726288.4391043.50530 78162010.94154954.1164380.0358590.5749575.00e-712.018289.7494043.54340 78166800.18155007.6962940.0303798.5851982.44e-515.5736267289.9213043.50820 78184480.66154964.5914290.0187910.6189525.00e-713.8946222290.4794043.50180 78210100.03154969.6158450.02487124.2382431.03e-410.8166298291.3199043.59550 78214500.81154964.6814050.0184960.3147622.00e-714.9375155291.4678043.54980 783032160440.43154966.7102520.0112492.0273962.90e-615.4765347294.4544043.50050 78304600.94154957.4181540.1776613.3977506.10e-612.0807269294.4983043.58380 783063714540.01155044.4978140.083398121.5991819.45e-414.6005789294.5474043.53370 783136338040.25154965.9745320.0147752.8172582.38e-414.2486072294.7749043.59290 7833144-1.00155001.231654 2.2477348.50e-612.5617724295.3246043.50540 78353480.95154965.1735570.0384050.6640626.00e-715.3855960295.9784043.57290 78363300.63155147.8697320.0110190.6583906.00e-714.2015053296.2497043.54250 7837302480.06154982.9355710.03967023.8371361.01e-413.722296.5539043.54320 783752654360.03154970.2339340.02573328.2972101.29e-412.7966065296.6163043.52930 78386390.27154965.3302230.0221944.2263958.50e-613.7745959296.9144043.51950 783890661650.19154954.6083540.0236485.6149491.26e-511.925296.9856043.58140 78390270.88154964.8193040.0435880.7206937.00e-713.8427500297.0186043.53000 784003537580.10155004.0854540.17676713.5421001.33e-416.9005287297.2779043.56960 784261014530.38154964.9096800.0137991.9438652.80e-615.2895375297.8966043.56390 78467300.21154958.9383510.05084811.0282273.32e-512.956298.8560043.53700 78479270.01154984.2275850.04060470.3762674.71e-415.1085308299.1330043.52710 786692133600.05155107.2692080.12190091.4998896.93e-414.8015019279.8561043.66790 78712000.75154953.6773200.0131690.2429041.00e-712.7994644282.7182043.67000 78770620.82154964.7787430.0172540.3036522.00e-713.8275484285.8989043.60350 787782435300.16155186.3625980.0370019.4494263.40e-515.6505534286.2885043.61430 78784020.74154964.7351730.0197450.3743513.00e-713.3885415286.5918043.63600 78793990.74155075.8194650.0201000.3926973.00e-712.5975321287.1245043.60010 7881722-1.00154954.118369 0.9532892.40e-613.5857762288.2734043.69770 78844260.95154964.6749500.0162770.2967322.00e-715.1135285289.5351043.68870 78848420.78154954.8930140.0823561.3145481.50e-69.6019126289.6946043.62600 78855700.58154955.1584370.0390801.7293372.30e-611.6795398289.9737043.65380 78863290.53154953.6414110.0097220.5674945.00e-713.2056079290.2341043.66210 7887124-1.00154950.4797551.01276532.4864271.54e-412.4226388290.4833043.62240 78896280.93154964.7903000.0195690.3423962.00e-715.0815746291.3192043.62020 78903790.92155000.2521010.0187910.3451274.30e-616.9805372291.5644043.68710 7897952-1.00154982.830888 66.9916394.41e-412.085294.2019043.65530 789857635660.30155003.0029040.0543978.6468981.18e-314.0976217294.3886043.69050 79052090.96155115.2379960.0251090.4195544.00e-713.2685926296.3660043.62920 79068826860.01155004.6762710.02518552.5135653.13e-413.5795360296.8408043.64710 7907688-1.00155000.020979 4.3448378.80e-614.7546121297.0531043.64380 79149066047-1.00154962.971405 8.7529072.40e-511.9616952298.8165043.67330 791817218170.01155059.7913510.163767191.8066401.92e-314.3395009299.5931043.69310 79182171770-1.00155123.743476 63.9297993.90e-410.880299.6020043.69600 79196530.38154965.6746540.0323794.2104778.40e-613.7965679299.9373043.62710 79362190.95154964.8005490.0227610.3855983.00e-715.3976005280.3544043.72200 79384680.55154969.1608510.1411967.2269511.81e-513.2705899281.9433043.72860 79388700.62154953.6939930.0237310.5807265.00e-712.2956651282.1833043.70640 794053361670.44154954.6221940.0488293.9055977.50e-612.8625326283.0663043.74360 79410500.86154964.7828940.0187920.2979812.00e-714.9815069283.2890043.79090 794163554490.52154965.4133820.0133670.7627247.00e-714.5005131283.5701043.73610 79435350.15154957.0752090.0188364.7193399.80e-612.6726516284.5627043.77430 79436020.46154967.6651970.14712514.6920165.06e-513.9884889284.5936043.76040 79476310.26154966.9606600.0129852.5165564.00e-615.1794823286.7650043.79630 79507750.12154962.6071330.0254908.9666112.49e-513.4786222288.3241043.76330 79509620.92154953.8192020.0514060.8269578.00e-710.6786800288.4098043.70720 79509640.94155001.7803070.1556970.8269578.00e-713.4035690288.4107043.70750 79537960.94154964.8436650.0175430.3175482.00e-715.7795582289.6456043.73780 79553010.33154968.2729010.42023715.3244195.37e-512.6724821290.1863043.72390 79596120.81155000.0955870.0141910.2432142.60e-616.8895187291.6543043.73710 79605470.17154968.2647820.0276646.7673411.67e-514.1435669291.9920043.76680 79671000.49154965.3661450.0149481.9272952.70e-613.9435806294.2792043.71990 79688800.93154965.1651520.0929681.7739192.40e-613.9766573294.8592043.75810 79706290.47154966.5237470.0217982.0510693.00e-614.5416040295.4027043.77480 79707600.25154957.4568700.0422637.6494131.97e-513.3986172295.4444043.71820 79713890.03154969.4624530.02161626.3496141.16e-414.0985791295.6347043.75020 79727851840.25154966.5659170.0476347.3007331.87e-514.9336134296.0477043.76210 79738820.92154964.6064330.0236830.3466342.00e-715.2085314296.3604043.71940 7973970-1.00154997.201704 9.4799339.45e-414.4875902296.3820043.74890 79757274180.07154983.3789580.03880822.4183159.20e-514.4795153296.8994043.70720 79758240.75155000.0539190.0068150.4037503.00e-714.655296.9287043.79190 79767830.99154954.2607280.0709041.2088521.40e-611.9907937297.1806043.76460 79772610.91154954.3410410.0546850.9258129.00e-713.1466146297.2973043.77710 79851670.47154954.2004810.0182491.3844781.70e-612.9585923299.2001043.79590 79877490.06154978.5419930.02724117.0308546.29e-514.4615349299.8216043.76030 80048390.96154964.9563460.0192300.3437642.00e-715.1295660280.2184043.89000 80058920.00155465.3556570.034009958.000000 13.7065059280.9718043.87560 80081280.09154969.5590160.03540514.8544155.14e-514.5585956282.4258043.88430 80095000.02154983.5751350.03231838.4766392.02e-414.5795142283.2012043.88900 801343923520.10154970.9279940.0167758.2562152.19e-510.421285.1828043.83110 801621154600.53154966.7526770.0470663.1748863.13e-414.3954933286.6933043.87000 80162140.53154966.7256450.0486943.1749715.60e-614.3645657286.6958043.86740 801904360480.34154954.0187990.0162371.9855862.80e-611.4276396288.0875043.87610 802248926740.01155105.4039080.086785197.5111211.92e-313.3495687289.6513043.82440 802331760490.13154979.7334780.05290916.5790025.99e-512.8875625289.9703043.82050 8027591-1.00154994.397704 24.2744321.03e-411.420291.3655043.86800 80281580.80155110.1294390.0150360.2710393.30e-615.9305484291.5685043.80880 80297080.75155000.6010780.0170440.3135573.70e-616.7265226292.1565043.81860 80392250.95154955.6583640.0985521.7941272.40e-613.1916426295.3208043.87250 804371417650.12155008.0992690.0212046.8149891.75e-515.9815280296.6609043.81640 80439610.63154954.5559030.0424811.5592122.00e-610.7366348296.7312043.84110 804460835230.01155067.6402230.063221106.1759388.40e-413.7425788296.9040043.82390 80451211.00154953.7612150.0148540.2631771.00e-711.9716990297.0398043.87280 805247436400.00154948.8921030.089589245.4400002.79e-312.777298.7836043.85480 80531070.82154964.7197120.0231840.3888713.00e-713.6596080298.9471043.88320 80542330.03154751.8062880.9680521058.000000 11.7834733299.2436043.81440 80593030.86154953.8826020.0221330.3734262.00e-713.470300.4888043.86790 80740450.62154964.9702750.0210780.5363934.00e-713.6396754280.5026043.97780 807480526700.01154961.7577160.125107170.8743791.58e-314.4125848281.0559043.92370 807561854710.04154970.9230390.02001117.5612076.50e-515.6745288281.5979043.97650 80813890.56154965.0042010.0316241.4894401.90e-613.9906639284.6220043.97200 808148215390.40154966.8687340.0292892.8194564.70e-614.5695522284.6640043.98500 80877990.73154999.9197510.0840900.9262983.50e-614.1697869288.0692043.90510 80883540.29154965.6040980.0199072.8978304.90e-613.6486073288.3292043.96530 80941400.50154965.1459780.0108740.7064296.00e-715.1594200290.5572043.98740 809509961710.45154965.8671140.0432214.2064798.40e-614.1695834290.9106043.92950 8095275-1.00154919.8907962.49891823.0073509.61e-513.6064683290.9708043.97080 80975530.74154999.9065470.0209810.3912363.00e-715.2775408291.7791043.94720 80978250.51154954.8826860.0406582.9368524.90e-613.2835329291.8819043.97320 80979020.75154999.9940610.0174050.3315645.00e-716.3845569291.9086043.95750 80983000.36154956.7375830.0337954.3059188.60e-612.8176275292.0587043.92520 809872820080.35155068.4279360.28644124.4850001.03e-410.8006404292.2263043.99530 80996150.96155007.6789430.1171401.9007172.90e-614.8094027292.5449043.92050 810403032690.02154997.1378480.02513946.8399402.59e-415.3145700294.0680043.93690 81069730.00155055.7101200.164559439.1083787.35e-315.8625563295.0191043.95980 810843754780.00155040.2957440.069073351.2900003.81e-315.7035682295.4931043.99350 81087850.76154964.6407000.0127040.2288271.00e-714.7574354295.6033043.92560 811138115500.36154965.4879040.0197912.2337953.40e-615.1955520296.3657043.90560 81113871.00154954.3009440.0653011.2735971.50e-613.1856062296.3672043.95540 81116220.07154978.5333590.02837115.4460595.45e-515.4885603296.4385043.96600 81120130.47154955.1947010.0228951.7905182.40e-612.4506350296.5560043.96780 8112039-1.00155019.864444 41.8082352.19e-48.380296.5647043.94760 81123240.59154964.9218090.0149700.5759255.00e-714.5635257296.6476043.99500 811315415420.54154953.8782340.0484692.5868784.10e-612.8976589296.8776043.94160 81221241.00154964.6128330.0142200.2492781.00e-713.6386250299.0195043.95760 8123430-1.00155000.824704 11.1699903.40e-513.4505775299.3394043.99960 812764837130.38154999.4968760.0151182.0469448.90e-617.506300.4588043.93600 812806743140.15154966.7713230.02425812.4296474.14e-515.6635304300.5630043.98010 81289650.29154971.0067760.0458807.1403781.80e-513.2325683300.7731043.96210 81291890.09154985.9714030.12245453.6470813.13e-412.4795080300.8331043.96230 81431700.15154970.1130640.10159328.7859431.29e-412.8504957281.0895044.05790 81437570.78154964.8392960.0201810.3565232.00e-714.7615847281.4853044.00970 8144355-1.00155039.429868 80.5141046.38e-413.6774880281.8770044.02990 81454770.89154965.0761950.0337730.5657842.20e-614.7936801282.5666044.05460 81457890.42154964.9564910.0162251.6706292.20e-615.3144829282.7524044.04870 8151107-1.00155010.277304 18.0013086.73e-512.5536524285.5886044.04770 815356860510.56154999.2897940.0794683.6071432.48e-415.0766803286.9044044.00550 815536854810.57154964.8920300.0156630.7186446.00e-715.1215525287.8048044.04920 81555840.04154990.2995790.02652126.0179153.81e-315.0326053287.9055044.01090 81642621810-1.00154969.411534 87.4571706.38e-413.3607487291.2468044.00040 81660950.78155000.0888950.0498730.7991271.44e-516.3177362291.9283044.09600 816793860520.43255002.1449610.0236622.5657024.40e-610.84611167292.6175044.00210 816793860520.18255002.1413850.0106302.5657184.40e-610.84611167292.6175044.00210 816797860530.06155006.6058180.03562622.0527169.83e-515.4405301292.6334044.00180 817665310160.13154969.9488360.0052812.8666784.80e-615.0285056295.4722044.07740 817779836240.45155095.5032200.0228582.9004126.40e-613.9107337295.8169044.00570 81779580.81154954.7748610.0703251.2352561.40e-611.9536681295.8597044.07130 817974754830.11154969.9488610.05042817.9462776.73e-514.9335040296.4170044.04820 818002017410.24155067.7502060.0376155.8031261.69e-515.8965327296.4936044.05230 81823600.66155000.3919250.0300640.6951462.32e-515.3216904297.1259044.02510 81833890.02154975.2546810.02751132.4403401.59e-415.8544939297.3703044.09880 81835400.87155000.6767170.0402350.6842071.49e-414.2656431297.4091044.03510 81838500.98154953.6644270.0225810.3983593.00e-713.3285796297.4778044.04950 81891960.99155006.3533230.1237492.3041383.50e-612.3216379298.7787044.06270 81904910.95154965.1960150.0449320.7778777.00e-714.2505972299.0898044.06710 81906130.91154964.8009520.0208460.3325852.00e-715.1265384299.1217044.03750 81928400.95154965.0148950.0235830.4335493.00e-713.4666136299.7078044.03880 81933150.43154967.0040690.0284832.6238744.20e-613.7006457299.8297044.04040 81958770.48154955.1444320.0167671.5102001.90e-613.4415821300.5683044.02960 81961800.31154954.0751570.0271043.6716616.80e-612.8147114300.6358044.05340 8197368-1.00154995.741398 9.0878572.53e-512.7036412300.9348044.09430 819740654860.96155019.2088110.1399412.5130063.90e-612.5726736300.9419044.02370 819776161750.07155011.4488890.14756819.7384507.65e-510.6567068301.0388044.07110 8210370-1.00154963.676988 153.7000001.37e-311.1674793280.7721044.18870 82107210.08154971.1420820.04825622.6728169.40e-514.2745412281.0105044.15380 821160534050.04155001.6757480.14137420.9795251.05e-415.4864995281.6060044.18480 82116180.74155000.2382880.0182700.3374444.50e-615.6875556281.6123044.12630 821182438810.59155000.4806000.0125590.8411268.00e-716.0554860281.7446044.16960 821827410640.58154965.2777300.0295341.1873531.30e-613.623285.0634044.16790 821926821330.52154969.3806060.1001836.2467301.47e-512.4954712285.6729044.11670 822281310690.12155190.5480690.0247618.7042123.03e-515.0705221287.5932044.17940 82229450.98154964.7042010.0264920.4511233.00e-714.7785129287.6658044.11060 822332817670.01154927.8934490.01643735.5162791.76e-412.4815497287.8569044.10280 822365554880.00155119.9421140.019425280.1577812.79e-315.8845213288.0262044.11890 82290480.20154964.9300010.0227765.4789531.23e-513.6366253290.2905044.13420 823080960550.43154973.3172150.0487374.0783478.10e-614.9365618290.8917044.16890 82308150.93154953.6800870.0207680.3452192.00e-713.3405640290.8932044.13130 82312310.88154954.0896870.0400660.7116106.00e-712.3036621291.0407044.11570 82318770.26154964.7758730.0144272.6155284.20e-614.9324956291.2670044.19730 82344770.50154966.9568650.0563554.0286727.90e-613.7756071292.2294044.16080 82401090.56154955.9853190.0341072.3011883.50e-613.4897740294.2235044.13570 82408610.62155000.0006640.0232870.8985003.36e-515.2826088294.4713044.12340 824107930200.19155000.0092020.29905910.9191173.29e-513.5345946294.5404044.19100 82412520.78154964.6479400.0198980.3540442.00e-714.8765932294.5926044.19310 82423505493-1.00154958.005866 6.9935561.73e-512.5946334294.9346044.12980 82424930.75154964.6218440.0154070.2832862.00e-714.6974985294.9713044.18300 824268110650.30154966.6375660.0294084.0206297.90e-615.4725961295.0393044.19110 82432630.31154966.8335530.0206183.5185536.50e-612.9846415295.2253044.11270 824417335450.38155185.6995340.0178962.1841324.10e-615.8964390295.5061044.11050 82453260.94155001.9852180.0195590.3307673.00e-715.0525545295.8767044.16630 824678110670.00154921.1500990.030250185.0230001.92e-314.6855955296.3094044.16570 82488120.66154964.7673130.0260560.6853666.00e-713.4177018296.9062044.16750 825740710630.00155009.3050990.03416589.6981586.38e-413.6245964299.0209044.17280 82579030.77154965.0576630.0273280.5150654.00e-713.5215930299.1495044.11830 82622230.53154955.0705130.0258041.6130152.10e-612.1467596300.3324044.14410 826374635810.16155004.7675350.03018010.9938367.23e-516.7514697300.7819044.19410 826375233380.13154993.7945000.17460510.9938023.32e-513.4276320300.7839044.19260 82639400.92154965.1339910.0270010.5154954.00e-713.4587639300.8324044.17630 826409736550.31154999.7978340.0218352.8974701.46e-517.687300.8723044.14430 8264510-1.00155003.229908 5.6867591.29e-510.6097478300.9686044.19200 82645340.93154954.8728000.0803781.4157981.70e-612.6708514300.9757044.11280 82659510.81154954.2441470.0440370.7799577.00e-712.7347044301.3487044.18790 827976511300.27154965.4741770.0185032.7577944.60e-615.2355464282.6034044.28700 82801350.97154964.7979730.0162030.2868852.00e-715.6535317282.8140044.20910 82852540.28154970.7804370.0510187.5358961.95e-515.3984888285.5653044.29530 82853490.90154953.7788220.0345180.6671106.00e-712.2396088285.6162044.21570 82859700.84154964.7646190.0089900.5624885.00e-714.7925398285.9587044.25470 828840454980.00155295.5981610.092905519.7989067.35e-312.6516045287.2117044.28320 82887190.41154954.6232160.0138261.5100971.90e-613.2765090287.3597044.29500 828874148880.64155000.1192250.0068740.2197661.00e-714.4995557287.3679044.27320 82944840.58154999.8393200.0252561.0127395.37e-514.7136253289.9403044.22570 82964670.16154970.1675460.03491210.3033563.06e-515.1775316290.5926044.20660 82983440.93154964.7960260.0148400.3028752.00e-715.3545023291.2859044.21590 829994736310.25154999.4384360.0264075.3656003.55e-517.743291.8866044.22460 83010130.38154957.3109890.0329644.4280598.90e-613.3006479292.2967044.28060 83024550.29154957.8057120.0246564.8839761.03e-511.5355797292.8627044.22110 830834737610.15154948.0545570.638154164.9498631.92e-315.4734826294.8975044.21580 83091750.93154964.7485700.0168050.2995912.00e-715.2805473295.1561044.23530 83112550.69154964.7638040.0302880.5791165.00e-713.666295.8178044.20610 83122220.14154969.1764130.03280712.8232764.19e-515.6265726296.1174044.23280 83148010.09154981.9627800.08645437.1832781.88e-413.8405449296.8732044.24130 83148790.62154999.8459810.0278210.8777608.00e-615.6158904296.8903044.27920 83165030.25154967.9811500.0304595.0653301.10e-513.9556103297.2978044.28170 8322564-1.00155005.671918 22.2588469.00e-512.4215355298.7603044.26620 832376437670.16155000.8846550.0241676.7142454.92e-517.3764961299.0806044.29500 8328376-1.00155000.221037 4.3459678.70e-611.9366369300.3823044.28010 83300920.80154964.9423480.0195620.3217242.00e-713.4846902300.8955044.24720 83305750.51154964.7735300.0242611.9141582.70e-613.4846071301.0209044.23220 833298611370.00154839.7916710.019903302.3900003.81e-314.0415181301.7092044.28180 83453580.12154965.5578750.0272509.3806332.67e-515.4355656282.1164044.37350 835605434240.07155282.9743940.02172417.0812317.95e-515.8635231287.9726044.33360 83580080.10154968.2502590.02336210.0646892.94e-514.6745020288.9664044.35690 83601840.81154964.8472290.0290470.4845454.00e-715.4735486289.8670044.39270 83641190.14154955.5150590.0303017.7359102.00e-512.4085443291.2738044.37120 836496955080.03154978.0339830.02522322.5719579.40e-515.4505431291.5974044.39850 836573937220.49154976.9790130.0288602.3892923.70e-615.3665402291.8875044.34560 83670070.81154964.9339770.0146350.2516161.00e-713.5326239292.3826044.36120 83744990.28154969.7401780.0345295.2519181.16e-514.9125871295.0005044.32100 83745806150.00155025.5036200.032003176.2427861.58e-314.4685519295.0256044.33020 83786560.43154967.7004840.0411353.6294406.80e-612.7896028296.2974044.33300 83789220.06154983.3772930.06073343.2633062.38e-414.9775438296.3717044.38350 83795470.34154959.1615820.0475906.0420391.40e-513.3734861296.5576044.31020 838074355100.57155000.7343310.0387232.0377201.08e-414.0395967296.9030044.35120 83815920.17155006.6939690.0204825.7841801.38e-515.5995424297.1105044.39990 83821820.93154965.4809670.0619391.2587141.50e-68.1839207297.2551044.37670 83860480.71155000.2076900.0433260.8174222.40e-616.6465863298.2163044.32370 83861980.95154956.5615380.1459182.5811094.10e-613.1216050298.2551044.31040 83868650.99154953.9267630.0669551.2580411.40e-612.0198510298.4225044.32780 8386982-1.00154980.276256 72.2595904.71e-49.7687999298.4551044.31340 83940400.79154964.8784530.0181590.3021272.00e-714.4575697300.2958044.34940 83974600.84154954.9006540.0899281.4189571.70e-610.2047338301.4053044.32680 839767511400.51154953.7209830.0068860.5532594.00e-713.5015462301.4758044.31980 84095886900.32154953.7176380.0106551.3608371.60e-613.5915629281.5034044.40950 84106370.03154990.6000000.485902408.3200005.05e-310.7714682282.1587044.48610 84119470.47154966.0328800.0206341.7976752.50e-615.3005086282.8874044.43910 84141590.12154975.8528890.03431911.9311333.76e-514.3785802284.1237044.44040 841491455130.02155009.7718420.060687100.3025002.28e-317.9085798284.5209044.45510 84158630.03154980.2402650.02543327.5337991.23e-412.921285.0515044.48510 84281360.85155000.0109120.0283510.4681446.60e-616.1796587290.8449044.47550 842941529650.58155000.1908680.1812151.3525751.60e-612.7096230291.3075044.45760 84294500.47154954.2176840.0327122.7051434.40e-613.106291.3159044.46280 842981755150.04154967.8970140.0084786.2634951.49e-513.9525971291.4523044.43180 843010538730.23154976.6355460.38773363.3271063.90e-410.4204965291.5586044.48820 84302100.93154966.0080670.0999201.9754592.80e-612.4468636291.6049044.48930 84313890.84154964.9495220.0223350.3510932.00e-714.5925654292.0510044.47380 84320400.97155095.4989140.3097215.3277581.17e-511.9466208292.3079044.48020 84328590.91155000.4515360.0210490.3511704.40e-617.0456352292.6403044.43970 843523238330.41155010.0052610.52374149.5682822.84e-413.534293.5341044.47710 843524711310.57155288.0023800.0114290.6961308.00e-715.4645046293.5390044.49490 84431790.00155244.6682530.013844574.7295767.35e-314.7025415296.1768044.41310 844455217690.50154964.5894750.0146231.1781001.30e-613.6435388296.6067044.47290 84457750.04154982.6211760.02778226.5082711.16e-413.8765957296.9532044.46420 84528400.84154954.1480640.0623321.2011601.40e-612.5946473298.7125044.48450 84531910.22154976.0948390.04336011.5535313.59e-513.3566044298.7975044.41800 84533240.41154958.7285890.0209812.5245444.00e-611.5164733298.8286044.48910 845425012540.39154954.9919700.0499545.0828701.09e-512.777299.0739044.43170 84553590.79155002.0265890.1887652.9636781.82e-414.2136645299.3618044.41120 8456774-1.00154998.605241 2.8863404.80e-613.2256757299.7266044.40910 8456998-1.00154961.709393 7.5315111.92e-513.266299.7784044.46110 845820760570.36154967.7749150.0309073.5301626.50e-613.9245937300.0916044.41480 84593543863-1.00154963.399820 53.5573187.65e-411.1427433300.4068044.41420 846060017300.16154967.2064570.0285746.3520871.53e-514.9334947300.7748044.48780 847489255200.00155073.8612110.045497199.4400005.05e-314.372281.7631044.57720 84791070.53154964.8179850.0126510.7675777.00e-714.9525046284.1256044.55060 84793860.28154973.7035430.06390011.7207563.67e-513.9555979284.2785044.59400 848064255210.01154995.4999250.01737731.5912221.49e-413.6875006285.0004044.54500 84815740.95154964.7283690.0151570.3268652.00e-713.9395722285.5683044.57260 84888760.18154958.3776570.0279075.8018811.32e-512.3686957289.4052044.51550 849174535550.06155059.6475900.170204111.3199298.40e-412.4394839290.5116044.55600 849441036850.00154897.8189470.028724208.8676892.28e-314.4615669291.4946044.52350 849541523620.27154966.6674980.0215462.2372184.30e-615.9384897291.8813044.55570 84968200.85154953.9827200.0258970.4369673.00e-712.5586310292.4730044.58850 85045700.35154955.7771600.0340064.0077057.80e-613.2516874295.2369044.50770 85067661380.03155071.6471390.04468248.9374112.84e-413.9606772295.9409044.57840 850707355270.00155133.8275580.060347209.0630012.28e-314.1745853296.0347044.56220 8508485-1.00155005.644464 12.5957964.04e-513.1816516296.4474044.55860 85093460.20154968.5216350.0308036.0990331.44e-513.7456090296.7141044.57720 850978155290.01154961.6105920.02963870.3358814.71e-411.7015801296.8300044.54920 85231940.94154954.2237400.0493530.8785339.00e-711.9527314300.3180044.53510 85397200.85154953.9835670.0441290.7444997.00e-712.9256351281.9884044.63650 85398500.91154964.7453990.0408310.6421045.00e-713.9247238282.0735044.68690 85432780.09154968.0105520.0160107.5493001.95e-514.6084950283.9486044.66950 85454560.77154953.6651750.0172050.3152042.00e-711.7247855285.0947044.66630 85484160.84154954.9346980.0666831.1636481.30e-613.340286.7886044.61960 85525400.57154954.1056670.0218301.0619341.10e-610.2925749288.8904044.61700 855271917920.04155009.2702410.10650588.4074666.38e-412.1605114288.9717044.62450 85537880.54154954.9976340.0295991.6061632.10e-612.6918045289.4288044.64140 85539070.04154957.8828200.04630942.0322132.28e-412.6946425289.4792044.63140 85540050.76154954.0066550.0327400.6083415.00e-712.7107304289.5226044.68760 855449850.12154999.4376610.0151194.7803211.00e-511.6655766289.7397044.64740 85555730.96154964.8301020.0177130.3263622.00e-714.5345564290.1569044.63240 85557950.63155000.0991960.0084030.2345231.00e-715.9195002290.2381044.64840 855958936970.00154973.9460570.057759223.1130482.28e-314.3805945291.6347044.64760 85598630.08154976.2840870.04599422.4704969.20e-512.7235154291.7309044.62260 856028512490.02155304.5697600.06803085.3408797.65e-415.2525745291.9024044.68370 856084012630.18154966.8545490.07263031.9738411.54e-415.5274773292.1344044.65620 85608610.12154966.8677320.08304031.9732331.54e-48.5007647292.1394044.67270 856119255440.56155001.3529360.0585152.7425938.45e-516.2676852292.2715044.69730 85639641.00154953.8433620.0179110.3384362.00e-712.942293.4061044.62210 85646720.53155063.2176270.0062900.4347913.00e-714.0355507293.6758044.62100 85659120.59155000.3342680.0280151.0121743.99e-514.7126771294.1094044.69110 85698190.17154970.5579670.09028920.8499228.28e-513.0407137295.4758044.62150 85729360.04154979.7230690.03130127.7958081.26e-414.8755706296.4358044.64160 85742700.06154972.6966140.02246615.1201905.29e-515.1665061296.8211044.67600 85797070.95154953.8517100.0426750.7885927.00e-711.5446244298.2065044.66460 85798120.68155000.0691920.0324320.6610622.17e-514.8236521298.2288044.64220 858043860580.23154968.4678970.0368056.4960331.58e-514.5025307298.3827044.61560 85816580.36154956.7377840.0290543.4816576.30e-613.3965970298.6833044.63680 85870780.88155000.2621470.0341960.5841471.81e-514.0126043300.0864044.61820 85877920.77154953.6605330.0205810.3681692.00e-711.8175731300.2827044.67030 858975435180.26155001.7779700.0369288.9393815.37e-514.0026233300.7900044.65340 85905270.53154953.8706530.0128170.7397707.00e-711.6346216301.0482044.60300 859078061830.19154960.8644020.0328498.6538932.36e-513.2535972301.1692044.64600 86049930.18154967.0187230.0281126.5704211.60e-515.2995576282.2400044.73110 86050749150.06154990.1215970.06070537.6016222.02e-415.5055876282.3060044.71470 86083100.65154964.9551910.0283270.9503821.00e-614.2716257284.0671044.74870 86084900.51154965.4736370.0163141.0828101.20e-614.7714897284.1672044.77940 86104830.05154993.1954790.05243548.7993682.84e-415.0505924285.2840044.76920 861687312510.54154964.8027310.0112320.5760795.00e-715.2375486288.7009044.70770 86182260.22154970.6500020.0319575.8820361.36e-513.7815796289.3315044.77260 862056137530.53155002.2050250.0113610.7820471.60e-616.7844596290.2672044.71140 86210260.35154954.0095360.0338304.0594297.90e-613.3746375290.4284044.78730 862135336820.13155005.8483460.03638611.3443511.03e-417.953290.5348044.77430 862452018160.02155005.6319530.00876710.2405943.03e-515.4085083291.6833044.75160 86247780.81155000.1174110.0159180.2762623.10e-617.7106001291.7675044.72130 86254690.78155000.5208010.0175120.3022463.50e-617.6585298292.0442044.72790 862582118590.02155060.7139040.02926345.3961432.48e-415.0245463292.1771044.78660 86260390.85155000.0517830.0461700.2828913.20e-616.821292.2768044.71920 863116012710.02154949.9919350.224126161.9650151.37e-313.6326374294.2655044.79430 86473090.65155000.1129420.1376171.0220372.30e-616.633298.8439044.74890 86525990.93154955.1414760.0737401.3609931.60e-613.435300.2987044.75740 86540970.94155003.4004020.1698443.0415905.20e-611.2526360300.6827044.78870 866881035380.01154944.8660470.403899313.1000003.81e-315.6384932281.7179044.87400 8669092680.50154954.2888600.0093591.0008311.00e-612.7336028281.8931044.82750 86779490.93155001.9518290.0165880.2849512.00e-715.8984819286.8068044.82980 867866417820.03155012.7767410.01596515.4204005.62e-515.5965276287.2106044.84910 86828490.88155003.0397560.0218040.3525552.00e-715.7245713289.3484044.84700 86853060.85154954.0920690.0482120.8080828.00e-711.7956971290.3464044.81750 86861509190.09155006.5360050.12671351.4258902.98e-415.6315953290.6390044.80680 868708827490.51154965.2157020.0327040.9050319.00e-711.075291.0029044.89950 8688110-1.00154965.199728 374.5460005.05e-315.8204892291.3925044.89520 86900010.14154986.6330460.07613319.3592722.28e-314.2575938292.1084044.84650 86901040.77154964.8333940.0217330.4087743.00e-714.8715868292.1578044.87340 86949260.80155000.0154250.0197630.3714863.00e-715.6195583294.0364044.82960 869577960610.10155006.6744390.02284110.2389393.15e-513.897294.3335044.87090 86962740.95154964.6930530.0230420.3914873.00e-714.099294.4929044.83220 86963270.75155000.0206040.0529470.8792293.25e-514.5886720294.5113044.80670 8696442-1.00154996.162544 12.3605533.94e-512.805294.5535044.85030 87005060.04155005.5989010.04556343.7977952.38e-413.4786608295.9308044.83850 87005583200.17155006.4968250.0707724.7918151.01e-512.1746234295.9478044.82780 87013270.24154954.0751790.0396048.5088412.30e-513.438296.1784044.87030 87029216187-1.00154970.214339 19.3843837.51e-511.9804824296.6650044.85310 870312927580.02155068.7428670.188719253.3623272.79e-311.8935003296.7236044.85310 87035280.75154953.9679810.0207150.3998753.00e-713.0345285296.8285044.80210 87038872870.09155008.607704 14.1709804.79e-511.054296.9350044.85030 8707639-1.00155098.728570 7.7851962.03e-512.714297.8877044.86830 87115480.07154982.8146720.26534718.7781617.23e-513.9446529298.8722044.87440 87156670.85154964.9147720.0257120.4057083.00e-713.4105527300.0273044.81810 87193243716-1.00155003.805236 10.2326983.00e-511.614301.1143044.82580 871941935060.07154998.3072220.02135912.6253364.04e-512.9336642301.1460044.86970 87198970.50154955.2374440.0408103.1514255.50e-612.3924905301.3087044.80700 873349735270.01155021.1248000.03065276.8198985.44e-414.0635462282.0009044.96080 87360720.86154999.9092310.0263640.4776321.36e-514.8757830283.3506044.91000 87362450.29154969.0119100.0320655.0694821.10e-513.7985594283.4341044.98970 87381150.06155039.1723350.05558437.5942662.02e-415.6325671284.4483044.96340 87398020.93155001.9998650.0144980.2745132.00e-714.8825002285.3892044.98360 874227055670.00155207.5776980.038598397.3954975.05e-314.8575531286.7926044.96840 87463100.12154969.0217010.0194566.8556241.70e-514.7675848288.8860044.96000 87581610.58154953.8326070.0242750.9982181.00e-612.4576729293.6205044.96730 87587161.00154953.6729890.0061970.107205 13.531293.8519044.94940 876013535240.01155047.8526620.089859184.6535531.92e-315.6035494294.3713044.92480 87739480.11154987.0070720.07875733.4695241.64e-413.7145684298.4424044.91090 878096836530.47155004.6604890.0575005.2344872.49e-516.3045307300.3356044.98630 87842880.34154965.2647180.0273853.6551186.90e-613.6615712301.3035044.99970 88009980.86154965.5140520.2787640.8828159.00e-713.7218616283.2749045.08390 880134312470.46154953.8504720.0314152.7398744.50e-611.7436291283.4699045.05250 88038822659-1.00155093.215663 89.6302166.38e-412.9985018284.7969045.09910 88048240.87154964.6998450.0275910.4574041.60e-614.7227202285.3761045.00970 88167900.79155001.9994600.0140760.2458561.00e-713.6936226291.0336045.02560 88225550.80155000.2360740.0540810.8528423.12e-514.4086375293.2931045.04200 88233970.55154953.9392500.0290221.5065041.90e-613.2498540293.6099045.01860 88236660.79154953.8903830.0255140.4324513.00e-712.6385959293.7090045.01060 8823868810.16154988.0086330.08853423.8761361.01e-411.4099751293.7857045.01850 8838070-1.00155004.084670 43.3627242.38e-413.9366226298.1911045.09360 88416160.59154954.4811330.0456951.6795852.20e-612.833299.1617045.05190 88421700.90154999.9893230.0209040.3493922.10e-614.8765589299.3105045.06360 8845026440.09154993.4751750.16380866.4675394.41e-413.483300.1519045.08960 88452210.39154966.7444230.0461415.4034621.20e-513.6156082300.2099045.00310 88469780.77154954.8736600.0880381.3790601.70e-613.3715191300.6806045.00220 88481040.50154964.6259310.0127510.8248528.00e-712.3725447300.9949045.07890 884827112560.12154970.4431680.0253229.9916652.91e-514.0395627301.0424045.02290 884828838860.52155038.3871640.0855485.5664751.24e-59.8374624301.0473045.08760 886836435410.00155095.2098560.058024421.4283435.05e-313.769284.2572045.11870 886864939270.62155731.7930350.6256274.4474419.10e-614.0165268284.3966045.13600 88686500.62154957.9509120.1400054.4473829.00e-611.9394991284.3976045.12890 886890735390.02155213.2151040.125954157.3244941.37e-315.2915852284.5137045.12030 88696806960.35155007.1453180.0588537.0339511.76e-513.3575810284.8804045.13460 88727370.96154964.7896670.0269850.4590993.00e-715.7485338286.4104045.10650 88786810.33154955.2186590.0176582.4963333.90e-611.2116504289.2316045.16430 88787190.96154964.6756510.0182330.3646352.00e-713.8495991289.2472045.19580 88794270.07154969.8531600.02875716.3132855.89e-514.5245715289.5367045.10510 88799150.32154965.5312460.0233343.4426276.30e-615.1875698289.7452045.18720 88912786980.04154993.2735760.01668612.7187094.30e-513.816293.9136045.18980 889272033360.03155242.5974660.06537561.4911435.44e-415.5235588294.3566045.19500 88927220.89155002.0340290.0957791.7943782.40e-612.625294.3567045.12390 88929101320.11154966.0311330.16146910.8101343.25e-513.7945943294.4125045.13090 88939360.69154968.9411740.1244174.2444818.50e-613.9734697294.7471045.13820 88946300.95154954.0494530.0605281.0840011.20e-611.5447117294.9902045.12720 89044480.74154965.0552470.0529930.8659838.00e-713.8797820297.8815045.12640 89060390.71154954.9338890.0847872.3474793.60e-612.6245620298.2823045.13010 89066760.95154958.8529210.0257598.2095142.17e-512.121298.4486045.10420 8908102699-1.00154969.704621 5.4145821.21e-513.6335757298.8360045.11650 8912308-1.00155005.755725 20.1744437.95e-511.4324872300.0684045.10160 89124680.98154953.5769450.0053260.094838 11.7516194300.1156045.16790 89129110.86155004.1801690.8508023.4635606.30e-613.1487542300.2481045.10930 89130610.76154954.1080730.0591511.0199711.10e-612.5515414300.2923045.15130 89341110.92154964.5923160.0225260.3645182.00e-715.2025644283.3494045.29740 893535255840.39155001.1936120.10509710.9088002.84e-414.0965091283.9836045.28480 893701937540.05155000.8650620.0109535.6636523.85e-517.930284.7905045.23010 89386280.14154966.6030880.0189556.8622161.70e-513.6815602285.6626045.21770 893965055870.37154965.8206600.0251803.6553216.90e-614.2686142286.1252045.27690 89409610.36154966.9603350.0272743.1666705.60e-614.9325590286.7895045.27140 89484243220.16154965.3603700.0244515.8888401.37e-512.970290.2099045.25190 894931638490.51154964.6877950.0078840.6043572.88e-516.1823701290.5190045.23540 895305960620.30154969.8687260.0403195.4999401.24e-515.4806217291.8422045.23930 895325713830.30154965.9192880.0220123.2217855.70e-614.6016001291.9206045.24700 89532960.60154965.2264570.0255320.7842957.00e-713.9016346291.9387045.22220 89534260.40154953.9545130.0460105.3317511.17e-512.1565987291.9910045.23410 89569570.97154964.7455060.0188520.3243822.00e-713.9786307293.3337045.28290 89578870.77154964.8830070.0205550.3473552.00e-715.4305367293.6607045.25420 895795461890.36154967.3084580.0291954.3598508.90e-613.9605845293.6859045.23860 89586700.92154954.2493470.1389632.4253173.70e-612.7807302293.9233045.24940 897143213840.56154964.7947900.0125740.6243875.00e-715.4875057297.5735045.23330 89729080.99155092.5897400.2501024.2001258.30e-612.5806207297.8737045.24540 89730000.14154991.3474960.10407728.0278731.26e-414.5945294297.8944045.21120 89771790.97154966.1095040.1219303.1962425.70e-614.7694807298.8793045.24140 89773900.86154954.1569540.0390550.6532616.00e-713.1056427298.9343045.29770 89825010.85155000.1410120.0256280.4144913.00e-714.4585476300.3465045.27230 89825140.84154953.9284680.0254990.4144913.00e-713.2265635300.3535045.27360 898470661900.13154965.3230830.03461610.1354003.00e-513.9205642300.9359045.20570 90014680.12154975.7264520.05060217.3299666.39e-515.2004949282.7616045.39850 90020760.85154953.9897310.0289520.4814054.00e-712.2566434283.0870045.39040 900223713890.15154967.7994590.0172544.3500888.80e-614.8555772283.1891045.36420 90043800.97154964.6000100.0130590.2503331.00e-714.2386070284.2739045.35930 90050430.72155002.1394620.0163230.3202383.00e-715.7795141284.6322045.33170 90058540.27154968.4582090.0245333.7804547.20e-615.5695190285.0313045.38050 90079180.52154954.7466820.0232541.3872071.70e-611.6586939286.0084045.35600 90162959250.05154984.6548420.02716019.9744837.80e-515.2175819289.7275045.36770 9016693-1.00155002.583038 26.3680271.16e-411.6357020289.8839045.30410 90202890.94154964.8592010.0229830.3840283.00e-714.7415997291.2254045.32560 90204260.59154965.4457950.0190650.9133939.00e-714.5505732291.2793045.30680 90213970.80154964.8080640.0485890.4262113.00e-714.9705301291.6250045.36290 90248570.01154993.6009060.01836535.0265941.76e-415.4965109292.8785045.34440 902591435960.14154998.8328660.13646211.3203211.03e-416.7565900293.2633045.34940 90267660.76154964.8467980.0152380.2721282.00e-714.9984880293.5784045.30990 902784142660.48155001.9248970.0058560.5040004.00e-715.4984760293.9522045.31830 90280240.86154968.5404280.2045683.8578637.40e-614.4265494294.0102045.37460 902847435100.00155010.6725160.046925124.9365791.05e-312.3385653294.1595045.37590 90294860.20154965.3297930.0253266.2771611.50e-513.6305368294.4729045.38970 903044714010.90155066.5580720.0764920.5666985.00e-713.4406693294.7900045.39160 90305090.88154964.9621890.0240750.4017853.00e-714.4805172294.8102045.39330 90308170.88154966.3564060.4979112.0262232.90e-613.8106266294.9231045.32700 90326710.70154953.7985420.0135390.2496081.00e-712.9824807295.5100045.31240 90329001340.22154985.4715590.84123967.5242234.41e-413.6756156295.5866045.36500 904814560630.15154970.3407710.0330538.6678262.38e-513.0896484299.3980045.31820 90517160.94155002.1999500.0779161.3908161.70e-613.8396579300.3513045.34520 90517230.74154964.6991160.0208930.4034483.00e-715.2925213300.3520045.30710 905308637510.56155000.3143430.0202441.2748414.50e-614.0345961300.7217045.30670 90711040.82154964.7628940.0233290.3852133.00e-713.6515959282.9860045.40800 90713730.81154953.9913620.1086080.4217693.00e-713.069283.1591045.41560 9071386230.36154955.7820300.0423724.6933069.70e-612.2916324283.1663045.40310 90757040.68154999.8903080.0256190.5131529.00e-716.2357556285.5646045.49430 90777960.72154964.6452490.0101380.2380801.00e-715.4393516286.7326045.49590 90835230.65154954.4849070.0430320.9184219.00e-712.709289.7392045.45830 908477816310.50154964.6492610.0099750.5922445.00e-715.6534787290.2809045.46430 90859550.99155002.0433210.0202730.3592483.00e-715.4195914290.7479045.46210 90879180.78154964.8619150.0254170.4456073.00e-714.4865675291.4839045.41720 90918100.70154953.6011770.0195270.4797214.00e-712.7554807292.9500045.42000 90923030.95155000.7550380.8605442.5771644.10e-613.5908180293.1318045.44220 90943350.94154964.6937710.0193300.3407592.00e-715.3605530293.8433045.49120 90971209270.03154974.1824160.02460823.8996531.01e-415.4535957294.7177045.48580 90977980.99154964.7211560.0192090.3340652.00e-714.5815592294.9251045.48100 90985900.47154966.7297950.0305292.2435713.40e-614.9655846295.1889045.40620 90988100.12154956.2420920.0235638.2581822.19e-513.4485126295.2696045.47600 910127956140.58154965.9322130.0472641.8114612.50e-613.9478372296.0016045.44810 910140061920.55155000.9412450.0282901.6580378.11e-514.6616414296.0348045.49080 910805856150.57154999.7294370.0490892.1749311.19e-414.2816563297.7811045.42430 91085790.81154954.9979500.0693351.1696281.30e-611.5606386297.8999045.46660 91102130.73154964.6626450.0175790.3370542.00e-715.9864400298.3097045.41920 911034636070.44155002.2190030.0181331.7905532.80e-616.3975054298.3419045.40770 911741634250.17154978.4662500.04003420.0346017.80e-513.266300.3162045.49540 91194050.11154972.0911600.05398518.6463237.10e-513.7295569300.8903045.40340 911965261930.43154964.6985720.0197822.2162381.95e-414.3055097300.9570045.44920 91379920.64154956.7147180.0351341.4700451.80e-612.9815471283.4603045.55580 91404029280.28154966.4436670.0172972.4941663.90e-615.2515450284.7594045.59910 91429640.73154953.8802660.0308330.5892535.00e-713.2366663286.2011045.55620 914325413860.38154965.6674290.0176442.2750493.50e-615.4525653286.3619045.55520 91457070.75154964.7661430.0166390.3207712.00e-714.7505399287.7475045.51800 91458460.96154964.7022710.0161500.2944802.00e-715.1614745287.8326045.59030 914978928740.54154964.6686800.0109820.7050236.00e-714.8675311289.8589045.50380 9151763-1.00154948.994358 438.0519395.05e-311.6954307290.6850045.56840 91519720.87154964.6480830.0235100.3867963.00e-715.3725803290.7679045.55740 91536210.06155002.6703280.497138305.8196783.81e-312.8744789291.4119045.53520 91593010.55154956.3028090.0632783.0447705.20e-612.1467959293.6933045.51700 91614280.92155002.0824550.0160270.3025933.00e-715.1195535294.4249045.50600 91636740.54155003.2980010.0242041.5462892.00e-613.833295.2885045.51830 9163796-1.00155026.988381 121.0068449.45e-49.5985135295.3375045.50480 91645610.61154965.2556690.0312271.2670381.50e-613.7098059295.6152045.50470 91646940.75154965.2934900.0671191.1113641.20e-614.1756213295.6658045.50690 91648362130.01155003.8387830.03326248.1188192.71e-414.4745758295.7123045.58980 91668629310.27155003.6797310.0262833.8555997.40e-615.2725714296.3932045.56860 91725060.06154982.9073090.08040350.4403142.84e-412.0095987297.9661045.54580 917818538680.18154966.2958610.0122342.9927075.10e-613.9575664299.5534045.52210 91795310.28154968.7429400.0344306.5107801.58e-515.0915594299.9282045.59510 91798060.84154964.8122700.0176810.2809632.00e-715.1735189299.9919045.52080 918028256360.74154955.6068310.2287443.0376015.20e-613.1166204300.1190045.51040 91818770.75154953.7939190.0166090.3210102.00e-711.6984599300.5397045.50720 92059930.56155000.4947280.0273461.2197375.21e-514.8717124285.7254045.66640 92075080.57154965.1115360.0460052.0151522.90e-613.7056718286.5950045.69830 92108280.44154965.4088320.0170701.6564132.20e-613.2214893288.4445045.61270 921471260640.00155149.8996780.055504265.3009732.79e-315.5185628290.3896045.68140 921471560650.00155149.9231560.055997265.3000002.79e-315.2795862290.3912045.68160 92206000.64154954.4473840.0217150.9791631.00e-612.2647055292.7854045.63020 922139860660.04154955.9737930.01731713.7875204.60e-512.1406420293.0929045.69180 92287780.99154954.0880820.0774191.5665942.00e-612.038295.7770045.67360 92368580.45154954.3190420.0297202.5370824.00e-613.0406510298.1215045.65110 92371490.64154964.9604850.0223400.5263444.00e-714.8725809298.2004045.62030 92375330.95155004.7179630.0990251.8686562.60e-613.8236222298.3151045.65340 92377550.98154964.7778070.0189580.3316702.00e-714.2195176298.3809045.62770 92382070.75155001.9666070.0122570.2313532.00e-715.6104910298.4960045.60010 92396840.99154964.7901490.0148460.2618161.00e-712.5785827298.9106045.60820 924066443380.25154974.4129050.01095810.7843333.25e-513.6385370299.2067045.64550 92437950.14154957.9470840.05258714.4431304.92e-512.7325505300.1263045.63360 92459290.94154964.7420650.0162000.3083752.00e-715.5385093300.7409045.62780 92467150.11155170.5147770.445226171.2776971.58e-39.2664699300.9514045.60410 92662850.25154965.5720260.0315775.6138701.28e-514.0724184284.3105045.76960 92681050.76154964.7972050.0228970.4256943.00e-713.6046046285.2936045.79970 92722760.81154953.6980940.0167700.2806132.00e-713.1605560287.7477045.72140 92744720.90154964.7260220.0196340.3020902.00e-713.9195112288.9946045.77910 92780210.19154956.8731590.0143503.3594726.00e-612.9836331290.6501045.78240 927855313850.07154972.0842820.03122118.6100957.10e-515.8405848290.8835045.76590 928268761960.54155000.6110630.0320051.6804368.28e-514.1106623292.5728045.75770 92838260.84154953.7981190.0217890.3565242.00e-713.0925674293.0453045.73580 92847410.09154974.2269010.02737320.7292648.28e-514.8075085293.4254045.76090 92855870.93154999.5460190.0975431.8119482.50e-612.9258008293.7493045.76170 92881750.99154964.7407970.0145530.2609351.00e-712.5496972294.6843045.75040 928878613900.30154965.7635730.0127261.7441022.40e-615.7024197294.9158045.78390 92908380.92154964.7478740.0215020.3630322.00e-715.4985395295.6501045.78390 92913680.53155002.3192170.0674683.7964712.59e-414.0057889295.8262045.78760 929162961980.53154967.6184591.38568920.6861048.28e-513.9574629295.9068045.72410 92917480.17155009.3010590.07005915.9269945.89e-515.5385012295.9471045.74160 93074230.73155001.9971910.0271680.5586166.00e-715.7924597300.5921045.75750 93288520.54154964.8863980.0122600.6458526.00e-715.3304338284.9971045.88670 934386262010.57154999.8502510.0250971.1232574.66e-515.0107709292.4328045.85340 93446230.15154972.7819810.05864114.7594795.14e-513.8226312292.7402045.80150 93451630.77154964.7572180.0144870.2451221.00e-715.4584799292.9436045.82630 93458380.75154954.5320630.0658351.0458741.10e-612.3786761293.2210045.84390 934625313880.09154983.4510230.07244734.0645781.70e-415.4435916293.3866045.87030 93466550.47154965.1220040.0106390.8716219.00e-714.2994183293.5396045.87390 93478680.83154964.8352490.0185990.3184702.00e-715.2105575294.0103045.82220 93508890.89154954.2416500.0426870.7259487.00e-713.5726725295.0918045.84280 93531820.20154959.0513000.05361210.4762573.09e-512.4215874295.8544045.89220 93532340.86154965.4314570.0910301.4865271.90e-613.7258595295.8762045.85500 93567530.76154953.9475850.0340780.5926795.00e-712.9666021297.0435045.86690 93570300.93155001.9175980.0156560.2804422.00e-715.5365452297.1239045.85870 93572750.52154954.0656680.0258081.5882982.00e-612.1867545297.2025045.84990 93650250.94154954.4625690.0556050.9843041.00e-611.9028012299.3679045.88400 936698835970.46155000.4559470.0921051.2190303.00e-614.3715661299.9716045.81190 93883030.78155002.0022110.0143140.2667032.00e-715.5515385283.6258045.92170 93891220.75154964.9079810.0190500.3499502.00e-714.3135400284.0834045.94690 93923310.77155000.3396260.0151830.2617622.00e-715.6995993285.8676045.98800 93926820.80154954.6247050.0507080.8929189.00e-711.4987195286.0571045.94940 93927020.37154964.8939110.0337643.9093141.60e-514.6186170286.0696045.90060 939460136840.59154955.4154560.0247090.8768269.00e-712.2906118287.1531045.98380 94026520.65154954.2893050.0322761.0731041.10e-611.8236641291.2787045.93420 9408183-1.00154979.695875 49.6835442.84e-413.1794896293.4932045.98760 94084400.00155346.3659800.096130989.985000 13.1995688293.5906045.93170 941131760670.08154965.2436570.0172368.2905011.05e-317.4094416294.6685045.96640 94119430.22154967.0878330.0193403.8440237.40e-614.7385656294.9418045.92960 94121140.86155001.8938730.0143970.2502522.00e-715.2265991295.0012045.99050 94124620.28154965.5278240.06216310.1865903.00e-514.8465350295.1204045.96860 94149050.92154964.7096290.0263840.4565263.00e-713.6345792295.9642045.98080 941861960680.07154955.1219310.0117656.1502471.44e-510.6228671297.1818045.98840 94189940.03154969.4941600.02782232.0038011.54e-413.3965053297.2839045.95310 94196030.77154964.9609810.0588641.0524171.10e-615.3115652297.4628045.96780 94260717060.05154986.8938120.03819128.7142041.33e-413.7656425299.2831045.96440 94269700.97154999.4218000.0890451.7711332.40e-613.2276577299.5509045.91490 944682413820.28155004.1070670.0279914.2023358.70e-615.6535921282.1844046.00690 94508830.94155001.9950790.0209790.3636562.00e-715.2255755284.6929046.07950 94510960.54154954.7294220.0223591.2503911.40e-612.640284.8071046.09800 945112713810.22154967.5858030.0286975.1174021.11e-515.7645881284.8227046.01370 94515980.92154964.8087130.0199390.3623492.00e-713.6276060285.1191046.05060 94531920.83154964.8890200.0435820.7188376.00e-714.0226729286.0059046.04890 94663160.84154964.8966630.0214920.3525352.00e-715.7025223292.4286046.03360 94682960.12154965.2783310.0126065.7488261.32e-515.3114814293.2198046.05370 946838234090.19155002.9140270.04175411.0824893.36e-513.5664911293.2526046.04900 946838434660.16155579.1969290.04153811.0825787.23e-516.4115595293.2528046.05160 94700540.96155003.4127550.0798801.4732281.80e-611.7237794293.9033046.09900 94701750.77154964.8414770.0165010.3038322.00e-715.3475438293.9436046.00460 94721740.78154953.6431780.0183180.1257651.00e-712.26410645294.6359046.06640 94742220.12154966.7907810.04051413.6917884.60e-513.2756400295.3740046.04270 947448556830.53154965.2922720.0151891.0251631.10e-614.8844469295.4645046.01700 94749690.17154984.7925160.09281621.5705068.62e-512.4626085295.6289046.05140 94756630.80154953.8424390.0433090.7080276.00e-712.4947790295.8615046.09750 94788360.71155002.1325130.0118500.2540641.00e-715.2184939296.9122046.02480 947946062050.53155000.8440580.0366642.0738831.11e-414.7017568297.1107046.08960 94805160.92154954.2960230.0747311.4298111.70e-613.3917051297.4106046.02230 948053539010.02155036.4056030.113329160.1341101.37e-315.1305825297.4144046.06080 94809770.94154954.4278930.0462400.8710318.00e-712.2997289297.5310046.01760 94816740.78154964.7998810.0251380.3888603.00e-715.4425347297.7129046.04860 94894110.66154971.1049470.2094146.6889281.64e-513.9604499299.8634046.07410 948994733850.01155068.8486940.02794954.0613153.30e-415.2315570300.0181046.02630 95080520.91154964.6495080.0173480.2799962.00e-715.9235004281.8474046.12350 95089540.80155002.2927600.0850071.1006468.90e-614.6528512282.5043046.19980 95092070.11154954.5474670.03681314.1998404.79e-513.135282.6682046.16010 95129580.76155005.7429090.2073253.2371515.70e-610.964284.8384046.19890 95140700.64154999.7938520.0275950.6072562.58e-515.1796589285.5040046.10730 95179910.00154855.2818720.085461717.0000007.35e-314.1655568287.8265046.12840 95195900.88154964.6767360.0205440.3308942.00e-713.9165961288.7156046.16730 95207000.31154966.6174530.0287374.2736698.60e-614.9025595289.3382046.15280 95271670.97155002.1540360.0160740.2808952.00e-715.5235412292.1836046.15930 952842017420.39154967.1526050.0468164.7084699.90e-614.4175982292.6599046.15950 952843034890.06155006.9871910.15628590.0825176.38e-412.9636307292.6636046.11490 952973336000.46154967.0764030.0518044.8091325.07e-414.0386221293.2088046.17310 95298560.02154988.8392760.03094737.4822251.88e-413.4606176293.2625046.15060 953212360690.15155000.7425390.0297718.2150001.95e-416.3565434294.1790046.18840 95322190.77155001.9453860.0112230.1981551.00e-716.1185031294.2168046.18020 953242137100.14155002.1798010.0147624.3091262.83e-516.7704720294.2919046.16200 95325910.95154964.7885160.0222060.3583762.00e-715.4265333294.3457046.12580 953348937830.00154936.0030320.017868197.1500001.92e-312.962294.6738046.12270 95335080.86155002.0574770.0215030.3735371.00e-614.309294.6826046.10160 95337060.78155002.1238180.0164460.2841183.00e-715.4315675294.7610046.18490 95350801509-1.00154986.027785 49.6452962.84e-412.3856021295.2635046.14800 95360530.98154965.0400530.0265820.4721664.00e-713.7546240295.6156046.14500 9540226-1.00155115.624332 175.4588271.58e-311.6724584297.0340046.19850 95404500.44154966.7550300.0237092.1547133.20e-614.1465556297.0933046.13240 95411270.68154953.9749400.0271570.5366514.00e-712.5586821297.2838046.11810 95443500.92154966.0479710.1290152.2597773.40e-613.8215932298.1837046.18870 954947262060.18154965.0971580.07251315.7137915.62e-514.0495571299.6091046.11820 95512000.56154964.9052630.0111070.7119226.00e-715.2165059300.1193046.14490 9552608800.11154959.1545870.0236149.2506212.60e-511.3107906300.5376046.10430 95526680.91154955.6286540.1351892.3873613.70e-612.9475565300.5563046.10160 95698660.46154964.7551490.0190051.4803231.90e-613.9835110282.2271046.24620 957461417450.40154965.6850690.0105950.9820851.00e-615.9335276284.9671046.27630 957619762070.34154969.1941490.0673897.9644342.11e-514.6415082285.8845046.28980 95791920.16154960.5312020.05342612.0835423.80e-512.3446612287.6319046.29870 957949914610.05154970.1566810.0108247.9467152.11e-515.7914705287.8046046.23890 958882243880.14155146.5744990.23596471.7601904.71e-412.0455326292.1343046.20240 95921450.65154965.0154510.0235790.4888674.00e-713.9736658293.5113046.21110 959257535650.46155186.1308930.0363332.6375756.10e-615.9025436293.6693046.29750 95927052880.24154969.1726250.05438210.2753013.00e-511.020293.7165046.22670 95928550.60154953.9719630.0264561.2193251.40e-612.2167290293.7701046.23660 959352839390.73154965.3655600.0088891.8866281.37e-415.2106059294.0282046.20180 959375938000.28154999.0348860.0169892.4943181.31e-517.4744594294.1073046.20950 9596037-1.00154990.757471 33.3556131.64e-413.7326341294.9424046.25010 959608936750.03155008.1725620.01488520.8389903.81e-316.5835177294.9623046.22560 95961870.48154964.6875400.0131040.9533171.00e-614.5385929294.9912046.22360 95970950.31154967.4528230.0193292.7456404.50e-615.945295.3286046.26840 95974114240.42154965.5773880.0169031.5756322.00e-614.7315975295.4348046.20310 96025420.99154965.3365230.0827111.4631741.80e-613.8898037297.1280046.20970 960259557000.55154955.8534450.0737313.5565086.50e-611.8827897297.1435046.22850 96124681.00154953.6038030.0075680.1334711.00e-711.5317202299.9821046.26240 961307036010.34155000.2625410.0191742.3318531.82e-414.0876146300.1565046.20330 963289514510.06154965.4244660.04109227.3220461.23e-413.5525425283.2413046.37850 963482120370.00155016.7282510.02386273.7579006.93e-415.2134836284.3427046.31660 96355290.39154957.8602960.0358504.7039109.80e-612.2306347284.7045046.37880 963655936180.14155004.6553560.03333710.6367009.40e-517.0356554285.3344046.30990 96372390.91154954.0629340.0444100.7730267.00e-713.0467237285.7333046.37820 96372650.88155002.7001850.0937121.8554532.60e-613.9307424285.7463046.35430 96372990.44154965.7382700.0212861.8824412.60e-613.6806061285.7607046.36700 96392650.63154964.8082100.0140980.5063534.00e-715.5755004286.9604046.32320 96394910.73154964.9254480.0160560.3445462.00e-713.8854833287.1123046.38080 96409210.02154972.4361980.04503580.7061705.44e-415.3955841287.9638046.30690 96409857130.43154965.0151740.0226412.1781543.20e-613.8356628287.9961046.32940 964101815040.43154965.0217960.0229762.1781553.20e-614.0705708288.0149046.34900 96410310.44154954.1327130.0234342.1781543.20e-69.1775867288.0203046.32410 96412550.49154965.0356510.0327552.1781484.10e-616.3705136288.1501046.38800 964201844300.52154964.7672540.0066470.5051114.00e-715.5445106288.5968046.32600 96446800.68154964.7026370.0288470.5859415.00e-713.4356985289.9913046.30090 964922260710.18154965.9239380.0285055.9186191.38e-515.6785691291.8585046.38650 96494930.85154953.7970500.0229720.3715692.00e-712.8555964291.9596046.30910 96512980.95155001.7189840.1063062.1551203.20e-613.4557677292.6967046.39940 96526320.38154955.1755120.0360934.9776241.06e-511.576293.2474046.31040 96544760.71154964.6247830.0199030.3963243.00e-714.8285628294.0086046.38000 965512917140.46154966.7584340.0251612.7439974.50e-613.8055140294.2481046.37400 96551870.81154953.9659480.2865304.4162468.90e-611.5177856294.2675046.30220 965639735430.00155139.9943500.078589204.7401055.05e-313.8416301294.7093046.38470 965654335880.37155002.4028810.0195112.5445659.20e-616.3195297294.7686046.37420 96570960.94154954.8053510.1222982.1381823.10e-612.0456276294.9758046.30430 965811835160.11155005.0573460.06071024.0599951.92e-314.1586225295.3660046.37720 966186936470.04155009.7758210.07020520.4271002.38e-416.6775915296.6571046.38050 96625810.79155002.1162240.0153220.2580112.00e-715.8084773296.8872046.39290 966421560720.27154964.9250320.0215713.3194966.00e-615.1015543297.3596046.34360 96643820.75154999.9466740.0410550.2907544.00e-716.5844936297.4071046.31610 96650860.69155000.0799030.0120110.2965362.00e-713.877297.6177046.39330 96655030.13154970.3400420.03523211.5679793.59e-515.2175141297.7376046.35810 96731730.09154980.0959250.04643921.2947408.62e-513.7315838300.0141046.34530 967460817950.13154966.2493620.0084462.9720455.10e-615.7724216300.4173046.33600 969233638590.63155000.3666560.0242570.6878981.80e-617.490282.1741046.45680 97001540.80154964.7889320.0168930.2572531.00e-715.4954315286.8548046.40830 97001810.86155115.0772950.1704192.8486184.70e-612.7456426286.8776046.43380 9701423-1.00155002.826201 8.6073972.34e-510.8296529287.6039046.41280 97026410.90154964.9625640.0306680.5031784.00e-712.5895685288.3272046.47170 97036260.78154999.9283950.0240600.4151483.00e-715.5106163288.8690046.46580 970545914480.33154969.5959930.0206942.4865873.90e-615.4185658289.8052046.49170 97060780.60154954.1372880.0170080.6135615.00e-712.8125692290.0668046.49280 97117510.49154965.3564200.0229281.7115002.30e-613.7886429292.4579046.43340 9711769-1.00154971.276518 12.9359094.19e-513.3796494292.4648046.49180 97136640.89154964.6751860.0204480.3212362.00e-714.8035585293.2532046.43310 971412333920.02155020.2660570.03841350.3554612.98e-415.7245657293.4437046.47150 971435860730.13154967.3955010.0218216.4741771.57e-514.9984825293.5403046.43730 971592535990.11154998.9319720.0165426.3081993.40e-516.5154891294.1644046.42400 971593936900.08155000.3969980.02112912.8930291.03e-415.5176146294.1699046.42530 97164560.92154953.7396510.0970831.8132862.50e-611.9808035294.3689046.40510 97179240.72155000.1611050.0790350.3955881.70e-616.207294.9068046.44230 97179584313-1.00154980.189904 67.9953544.41e-414.2136083294.9158046.48530 971963636860.26155000.7919020.0223143.3515704.42e-517.2795724295.5262046.45710 97227370.79154964.9739680.0247450.4185283.00e-714.9296517296.6284046.42460 97240800.94154965.6661290.0636721.1739181.30e-613.9047470297.0414046.46340 972499357080.12154972.5478220.0228297.8633662.07e-512.5245509297.3132046.44820 97251550.99154953.8989710.0572081.1271461.20e-612.7528123297.3597046.40250 975297331620.43155000.1705990.0069040.7167096.00e-710.0475865282.1948046.52290 975315424570.39154998.5537010.0178313.7042676.90e-612.4026514282.3012046.51620 975808918710.02155010.4602250.04960892.7290516.93e-414.8974449285.2537046.58220 97605311.00154953.9060650.0161390.2727982.00e-79.5406742286.7491046.53900 976119914590.36154964.7264260.0084881.3840391.70e-615.6924060287.1431046.50810 976157338370.10155000.0791220.0191747.4416089.45e-414.1146308287.3717046.56480 97618829480.06155006.7146340.04446624.5859781.05e-415.5985298287.5697046.56790 97625190.12154971.0792540.0224647.5151471.94e-513.7115435287.9414046.58240 976739262110.50154999.5802150.0384082.9145152.38e-414.7136402290.4780046.53800 97674370.67154953.7505930.0099320.7127226.00e-712.8424770290.4944046.53640 97725319500.01154985.2053190.01718231.2016891.49e-415.7983871292.6570046.53730 97726420.80154953.6337780.0164410.2754322.00e-713.5474927292.7037046.58950 977440062120.45154959.3509800.13274410.8182933.25e-513.3925684293.4551046.52180 977525336210.11155001.8326400.0195388.7884961.18e-316.705293.7974046.56180 97767180.87154999.9391280.0313550.5443517.00e-715.037294.3352046.58230 97770620.08154965.5807110.04312919.2300387.37e-512.2417466294.4608046.58970 977709036720.18155000.3668520.0226355.5081366.38e-417.7794867294.4716046.58920 97779870.76155000.0675540.0323090.2585004.00e-716.283294.7955046.50650 978376034870.00155038.2702520.02046289.7395606.38e-414.2945572296.8625046.54550 978423038510.55155000.4875610.0718060.7981982.30e-617.579296.9905046.59900 97843710.95154957.4727230.1872663.3012265.90e-611.8807999297.0290046.52870 978545435770.01155070.6933280.099067184.5200001.92e-314.0705162297.3417046.54340 978601757140.55154956.6404720.0640604.4980039.20e-612.5025753297.5080046.52160 97861650.73154999.8749470.0174540.3326251.90e-617.1316098297.5457046.57790 97867980.74154964.9151620.0232900.4454683.00e-715.2745983297.7186046.59760 97868210.36254964.9542880.0527888.5935022.32e-511.510297.7257046.54880 97868210.02254962.0077950.01419421.1200198.45e-511.510297.7257046.54880 97881130.99155019.6754880.1052042.0680583.00e-611.702298.0970046.56500 97884570.60154965.1868560.0320840.9633381.00e-613.0057939298.1987046.52990 9790355-1.00155001.236851 14.5655484.99e-514.0555668298.7419046.57730 97909650.59154953.7339540.0173490.8220688.00e-713.3886309298.9116046.58660 98136780.56155000.2869590.0095510.5050793.60e-615.9925190282.5090046.63440 98187320.05154965.6326950.05864945.0355912.48e-414.5296309285.4728046.69870 98210780.95154965.2914830.0229978.4294382.28e-514.1174112286.8193046.66480 982115132430.13154999.0089300.0227828.4294132.26e-512.3856135286.8598046.62550 98219230.95154964.8123820.0206140.3495332.00e-714.2105730287.3450046.63720 98271220.86155003.1946680.1279492.1549223.20e-611.844290.1673046.61660 982714925860.32154966.6514070.0245742.1319394.50e-615.5455599290.1762046.69830 98322270.95154953.9513680.0276930.4579483.00e-712.2605854292.3164046.62220 98325450.59155000.0939840.0275831.0207504.04e-515.1787903292.4578046.65750 98336180.61154964.9240930.0475541.4085021.70e-613.6816206292.9663046.66280 98338060.66154964.7297340.0131560.3931763.00e-713.4974942293.0487046.61660 983425734570.10155003.0148780.03696415.6514395.53e-512.4296342293.2332046.60020 98347197150.20154966.0592630.0115103.2433385.80e-613.9005854293.4264046.68790 9835416-1.00154957.446497 4.0366057.80e-613.3386994293.6965046.62050 983708337190.52155002.3139070.0096040.6233947.00e-716.180294.3194046.61960 983754435290.02155220.8922670.03795671.6619296.38e-415.1674886294.4864046.67620 98375780.08154965.8458300.03710120.7337498.28e-515.7265359294.4970046.68980 98380470.85154953.7114900.0718400.4361613.00e-713.4925574294.6605046.69080 983806033140.03155059.2875730.02493223.8158281.41e-416.0295365294.6659046.66590 98389752180.06154976.8323120.02958818.6928667.10e-516.1475018295.0335046.60020 98390620.01155173.1883960.156809424.6150007.35e-315.5136108295.0659046.68640 983908162130.20154965.2618330.0103472.5592414.10e-614.7525700295.0711046.68780 98404120.79154954.5568070.0524320.8784569.00e-712.8436507295.5437046.61960 984289014790.51155191.2125020.0925544.9883761.52e-515.7525583296.4381046.61540 984290614930.49155191.2233340.0895934.9886021.52e-515.4476179296.4418046.61670 98434350.59154999.9670740.0474811.6847098.28e-514.7797291296.6215046.67040 98434510.91155002.1933320.0268150.4427535.00e-715.4706578296.6272046.62290 98463487160.01155012.9490020.01560126.8931571.19e-413.7545845297.4922046.69450 984723957220.02154965.7921830.02055328.5078911.29e-414.8765883297.7411046.66050 98481900.90155021.0155320.3021035.2410041.14e-511.3739402297.9904046.61040 98503870.47154956.4162990.0323122.7485014.50e-613.5496808298.5924046.69050 985114235130.26155002.7764800.0541228.4803004.85e-57.6316804298.8002046.66550 985194340010.61154965.5743310.0461682.1639193.20e-615.2544793299.0404046.67040 98519440.62154955.8470040.0531612.1639023.20e-611.2496204299.0406046.66120 98738690.22154954.1890560.0280484.9947781.07e-513.0385993282.6998046.71700 98804673260.14155004.0278990.0269008.9734992.51e-512.960286.6560046.78350 98812580.37154955.6958310.0308304.0570257.90e-613.2815845287.1256046.73350 98822800.77154964.8771300.0158680.2890752.00e-714.5165343287.7230046.79620 988622436140.25155000.8063400.0180322.9926601.54e-516.3284749289.8569046.78990 988625518460.01155015.0488040.058843105.9609428.40e-415.7955137289.8696046.72970 989247135840.10155009.3958730.0221748.2680832.32e-515.7685496292.5312046.72870 98950043280.18154953.8021000.0107612.2508273.40e-612.8205534293.5763046.77550 989570915940.36155066.1587250.0107481.8189302.50e-615.1345908293.8726046.71500 989643537550.04154997.3284880.01985218.0767002.02e-416.636294.1258046.79780 98977100.76154964.6770690.0244330.4255373.00e-715.2765610294.5761046.73490 989836415790.11154967.4712890.0199667.1323821.80e-513.3377300294.8303046.73440 98984010.99154964.7339720.0088100.1527741.00e-712.0737376294.8448046.70420 989918128670.58154999.6435750.1458881.3325532.20e-612.912295.1505046.77230 9899216-1.00155004.681825 10.9158493.29e-510.886295.1617046.75060 98993450.60155000.9487530.0396831.3326285.89e-515.0246603295.2080046.78620 98994160.60154954.3895390.0403261.3325551.60e-610.0288608295.2281046.78490 990285615560.00155110.3270240.037179271.8257622.79e-315.5355843296.4176046.73200 99040591450.04154991.0581490.081258102.9663707.65e-413.6084940296.8177046.78150 99065900.63154954.6598590.0206081.6863382.20e-612.4296338297.5496046.78280 990750534270.03155053.8740060.03897539.2068082.11e-415.5455666297.8179046.76420 99094970.96154965.7748680.0683051.2840731.50e-615.6275992298.4222046.75090 991111257330.37155001.0916780.0144522.3336503.25e-514.9908750298.8713046.75200 99129770.60154966.7091250.0409461.8878742.60e-613.726299.4268046.70010 99134810.36154955.8044650.0515777.0094851.74e-510.8627408299.5866046.76550 99340520.99154964.7191090.0191150.3522462.00e-713.8015946282.4306046.80710 99342080.13154970.3371750.0288049.0584872.53e-515.5074258282.5421046.85660 99352450.63155000.2957850.0283920.7848601.60e-616.2565400283.2130046.83500 99353110.82155001.8388760.0300670.2737752.00e-714.3444455283.2458046.85110 99366980.27155000.6683640.0307855.7121511.16e-414.0456393284.0673046.80960 994056515480.19154968.1059460.0729844.2786548.60e-614.7084593286.2564046.89270 994138757380.03154974.2471370.02494427.6596081.26e-414.7065150286.8164046.88440 99442010.50154964.7077780.0108260.7215237.00e-715.0694737288.4909046.80500 99444210.12154968.3706710.0228447.0952071.79e-515.1375304288.6192046.80300 99449070.71154964.8263510.0215770.6134405.00e-713.701288.8836046.86980 99452800.49154964.7516840.0160921.3034601.50e-613.8795536289.0974046.81110 99479240.72154953.7305920.0179520.3628062.00e-713.5815981290.3908046.81190 994800235620.04155047.1246380.108489101.2632977.65e-414.3196069290.4253046.88990 99482010.89154964.9018950.0166620.3031812.00e-714.3725791290.4991046.88500 99538940.74154954.5352850.0592841.3825991.70e-611.0837295292.9217046.81210 995422557420.56154965.0497190.0295181.3406525.99e-514.5586087293.0744046.90000 9955262760.04154987.7075830.08854977.4799265.44e-410.1436478293.5420046.82210 99561240.91154964.8864630.0210950.3627252.00e-712.8456546293.8950046.84270 995735139640.60155000.0781860.0142830.4955522.00e-616.9484610294.3541046.84090 99574110.86154964.7052940.0230130.3746903.00e-715.1105983294.3784046.82050 995765957430.04154988.7471860.03749530.6945524.15e-415.4965932294.4760046.86170 995766857440.04154958.0246230.03748530.6953351.45e-412.5086072294.4783046.86380 996259557450.05154975.4552490.01549211.3744433.51e-514.5855118296.3280046.83960 99630090.06154986.0182480.06114540.0696572.11e-414.4585653296.4682046.85180 996346115380.17155005.4343230.04719510.5815723.29e-513.936296.6298046.88020 996520635580.09155196.8245790.03172916.2275507.37e-515.9015092297.1904046.82650 9965691-1.00154965.930571 15.6831955.53e-513.1026221297.3268046.84520 996611560750.14154956.0975440.0343148.9474262.46e-512.9855973297.4479046.88430 99678844250.09154964.7540430.0132235.4283501.22e-514.6945689297.9743046.80460 99703960.09155190.4829440.576977235.2993982.28e-311.4474716298.7098046.83300 99709370.88154999.0214680.3300194.8770611.03e-59.7978308298.8540046.82690 99714750.23154953.9221630.0263935.3574081.18e-513.1665561298.9944046.81240 9972385-1.00154963.446267 58.4221133.49e-411.5046071299.2823046.89880 99918870.88154964.7438780.0707060.3223962.00e-715.2165198281.3762046.98760 99944750.77154964.7320270.0173680.3184062.00e-714.3005646282.9986046.93070 99956600.75154964.9268320.0221490.4185903.00e-714.8755560283.7303046.91170 99959810.87154964.8467770.0182540.2932672.00e-715.5855328283.9188046.98260 100004900.56154954.2436560.0285821.4009911.70e-611.244286.5560046.95730 100011670.27154957.5865190.824451120.3909719.45e-410.0504683286.9557046.93660 100022619590.06154957.2166430.01899712.7137944.09e-513.102287.5597046.95710 10004546-1.00154983.981414 19.3569147.51e-512.9085936288.7470046.93070 1000609657530.00154975.8566560.02467270.5162264.71e-415.2845318289.4992046.92870 100075330.87154965.0392520.0394540.6480646.00e-713.8756808290.0995046.98720 100145360.98155009.9090880.2331691.0093971.10e-610.950293.0521046.93350 100148300.61154967.1244380.0919013.0305275.20e-614.8274324293.1763046.92240 100155169900.25155005.3814290.41729867.6920524.41e-410.7005157293.4736046.97040 1001939917960.04154954.2441910.01381911.8057203.67e-512.829294.9161046.94500 1001976315580.01155198.3619690.01638232.5046961.95e-415.1345874295.0464046.97460 100202470.83155000.0354260.0206900.3455572.00e-715.9215439295.2342046.94130 100204230.15154970.6936460.0288587.4483781.92e-515.1785673295.2979046.92050 100241440.74155001.9338200.0387900.8155961.00e-615.5666073296.5822046.95970 100261360.18154969.8162560.0492179.0801942.55e-515.1636292297.1720046.95400 100264570.19154965.8740100.0499479.9344232.91e-515.3905222297.2593046.98970 1002835219570.36155020.9984250.0151351.3868021.70e-612.6556191297.7922046.93580 1003077832650.07155194.2038010.04175529.4731601.70e-415.9575607298.5061046.94800 100309431.00154953.6746330.0129160.2357801.00e-711.3266704298.5518046.93680 100314090.35154957.5483690.0270794.1438808.20e-613.5535905298.6849046.95000 100318080.28154956.4303260.0574468.5896442.32e-59.557298.7976046.93020 100323920.96154964.9189110.0226730.3911573.00e-713.9316096298.9752046.90490 100329350.76154964.6723490.0179450.3205162.00e-714.6385806299.1406046.99930 1003327916040.02154972.7755710.02033572.4913914.71e-413.0505521299.2475046.95190 100630440.59154965.5955850.0268951.0096721.10e-613.9187420286.2908047.07620 100680305290.25154965.0740070.0116012.0231192.90e-614.9775379288.8490047.02200 100683837250.19155009.9493440.0282767.3049701.87e-515.7655046289.0058047.04040 1006891935730.01154986.2699490.02327743.5622722.38e-413.6766153289.2642047.00600 1007470057600.02155071.9908070.260601365.6500005.05e-314.6225066291.6262047.08120 100749390.76155063.3050370.0150310.2770942.00e-715.8884812291.7200047.01030 1008362339210.40154964.5375120.0101671.2785391.90e-615.6435420295.0824047.08630 100841150.89154964.7522030.0192470.3056662.00e-715.3505524295.2512047.00240 100902460.63154966.5387520.0824772.2861063.50e-613.5675442297.2187047.02750 1009111036270.25355185.8679310.0254424.2185171.07e-515.2325943297.4663047.02320 1009111036270.13355183.9577740.1413888.5303352.94e-515.2325943297.4663047.02320 1009111036270.00355363.0477690.032859383.8600005.05e-315.2325943297.4663047.02320 100912570.31154956.4449800.0191323.4038486.10e-612.5335630297.5099047.05450 100917030.00155626.1956970.072370710.5000001.47e-215.7964466297.6393047.07490 10092506-1.00154997.352307 31.0416751.45e-411.2106526297.8457047.07230 100954690.60154999.8658350.0225260.6777631.30e-614.6936261298.7059047.03480 100955120.24154953.8884550.0298136.0171941.39e-513.0535795298.7165047.01450 10096019-1.00155000.000000 6.8674691.70e-513.3486707298.8533047.08280 100968640.89155002.2649290.1067741.9467025.62e-515.9295352299.0738047.07990 101195170.95154954.0008760.0407400.7374947.00e-79.9126225281.4811047.12270 101236270.96154964.8074050.0176390.2949392.00e-715.4984454283.9374047.14970 101289610.86154964.9235140.0219820.3477432.00e-715.5525365286.5795047.13140 101294820.48154965.1924070.0117560.8462918.00e-715.9944558286.8404047.17330 101355840.95154964.9648290.0240170.3912943.00e-713.9946443289.7131047.13180 101487990.90154964.9491290.0194530.3466052.00e-715.4095340294.6943047.16630 101492370.93154951.2440180.0158180.2979962.00e-715.1835013294.8349047.16250 101498450.85155001.0706050.2368974.0563657.90e-612.103295.0444047.19640 1015283639520.00155110.1082600.086507220.9300002.28e-314.7075663296.0367047.18010 1015301117730.02154995.9453080.05787183.0975985.90e-415.6785144296.0882047.14290 101541890.87154964.7131900.0253480.4112393.00e-713.6836169296.4404047.11440 101550800.29154957.0481370.0245973.8609037.40e-613.0175830296.6986047.13770 101555630.93154953.8766980.0197810.3602672.00e-711.9925982296.8446047.10440 101560640.32154954.4581360.0332414.8559361.02e-510.3677424296.9934047.14670 101575737260.26154965.3409600.0177385.1157381.11e-515.1326164297.4320047.12860 1015841817840.13154958.0086280.0123905.0074121.07e-513.5925699297.6461047.16750 10159014-1.00155003.982194 8.7773972.42e-513.6536526297.7946047.15650 10162999-1.00155003.020162 3.4292156.20e-612.8396068298.8757047.14360 1018694540700.49154964.7841520.0157640.7936717.00e-714.5494894281.4407047.24650 101895230.48154965.4185590.0111381.0139161.10e-615.8565002283.0120047.23860 1019105657740.53154955.0314690.0348132.4274953.80e-610.8116588283.8663047.22830 101910707270.59154964.7455160.0354611.2137451.40e-615.8254650283.8757047.23190 101980970.82155000.7365100.7996212.8152244.70e-612.759287.4838047.22400 101981090.07154979.3922030.03047117.9187436.73e-513.7765592287.4935047.22470 102063400.61154956.9626460.1365364.5644019.30e-611.2035213291.2451047.24930 102087590.51154967.6470380.0601504.5750319.50e-613.9906570292.2557047.28630 102154220.07154987.1269090.04355624.8470801.08e-414.6085427294.7599047.20190 1021586935480.24155002.5987910.0298645.0172705.71e-514.1156287294.9237047.25000 102161860.64154965.0165940.0284890.6059395.00e-713.7706655295.0404047.22500 10221886-1.00155004.929759 8.3167182.23e-512.4486148296.8986047.28160 1022361610760.03154975.1446520.09313029.1245831.33e-415.1874375297.3907047.25570 102258007290.37154965.6545640.0135121.4237971.70e-615.6235707298.0002047.24370 102263880.77154954.1165300.0321370.6606576.00e-710.772298.1489047.27720 1022786339830.63154968.0734350.1663325.1397091.13e-513.7535476298.5526047.24730 102282400.88155000.6973200.5079942.1734213.20e-613.9776404298.6391047.22080 1022894262190.08154960.1964570.04071821.0254428.45e-513.0796361298.8274047.25770 102297230.83154953.6842900.0367480.6287245.00e-711.9716201299.0200047.22050 1023212310750.44154954.1818520.0152511.3437661.60e-613.056299.7008047.29180 102533750.89154999.9282070.0228820.3753252.30e-614.5236159281.4474047.32130 102534210.68154953.6344110.0194380.4283543.00e-712.511281.4872047.31930 102551100.88154953.6236400.0211950.3367032.00e-713.4886213282.4988047.33080 102579030.59154965.0284050.0179540.8585708.00e-715.4825761284.0842047.37360 102585580.11154969.4030960.03565120.8678568.45e-514.4925862284.4545047.31200 1025902936300.12155002.8660320.0212197.0611405.29e-517.1155373284.6748047.34080 1025930136080.01155118.9473960.060502244.8330002.28e-313.5565853284.8153047.39260 102595300.86154964.5884390.0424260.7072066.00e-712.1217736284.9397047.33540 102642020.50154965.5501760.0143421.0351481.10e-615.7775207287.4236047.37330 1026560226890.00155007.2908710.021787165.3446781.58e-315.5485756288.1779047.36670 102670440.82154964.8609030.0249550.4300363.00e-714.0396878288.8693047.37000 102688090.05154971.9999510.03427624.7089991.05e-413.7375787289.6806047.31780 1026890337730.39154999.9105770.0097491.1039663.60e-617.362289.7130047.34350 102742180.95155003.4119990.1123301.7641122.40e-610.321291.9270047.34710 102742440.08154954.5264630.02838913.6836904.53e-511.5445206291.9364047.30970 1027507436060.33154999.2503990.0282694.3628844.41e-414.1826354292.2677047.39480 102751970.79154953.7073040.0224640.3908353.00e-712.8966440292.3249047.39900 102757470.62154954.2746970.0251160.6617486.00e-712.7967362292.5385047.36440 102758870.48154972.4766670.1225349.7267502.80e-513.040292.5922047.39230 102809900.90154964.9186370.0225320.3844573.00e-714.3185523294.5230047.36860 102856610.79155002.0380680.0185960.3082922.00e-715.3185733296.1928047.33720 1028724811520.20155733.7523540.0236374.7222571.03e-513.987296.6956047.32730 102885020.97154964.6774190.0135990.2301851.00e-714.7946116297.0418047.39390 102916830.91154954.2704460.1176152.0437432.90e-69.9238359297.9296047.39060 1029223835260.02155099.3581810.098477143.1192631.18e-314.9965512298.0774047.34660 102924130.95154954.2022090.0331510.5591594.00e-713.194298.1235047.32510 102924650.43154964.9347120.0150571.3533741.60e-614.9565258298.1363047.38450 102946080.37154956.2182830.0292873.7089846.90e-613.3445603298.7363047.37740 1029595111540.36154955.4244270.0623556.8108251.67e-512.6286998299.1028047.37780 102961630.17154959.3874000.0430599.2967642.60e-513.2116229299.1669047.35610 103195900.09154965.7167430.08521321.3204598.62e-513.7295518281.7148047.41440 1032034157860.04154991.5282720.03552730.1146911.41e-414.4826061282.1970047.41960 103222960.84154964.7803040.0207400.3150332.00e-712.719283.3916047.43650 103225820.88154964.5595110.0177590.2912692.00e-714.7955806283.5413047.48510 103304950.18154971.6102270.08459518.0600816.85e-514.7245132287.8751047.44580 103327890.08154968.2064310.03637118.7407267.23e-515.8615893289.0368047.46600 10334122-1.00154983.553583 37.9528571.95e-412.8466116289.6644047.40040 1033827932160.05155001.4271320.0071745.6602701.28e-512.0495404291.3706047.43550 1034191311720.60154967.3137860.0349111.8674982.60e-613.0795949292.7759047.46170 1034204111550.60154965.4537360.0412311.8674932.60e-614.6585084292.8330047.49550 103454787370.09154972.1845030.02686414.4983874.99e-515.6845117294.1210047.40880 103458620.09154968.8755020.13723558.2882243.49e-414.2315250294.2542047.43780 103465220.59154965.5711480.1104933.9891427.80e-614.4045286294.4834047.45270 103502250.80154964.8274780.0178990.2820702.00e-714.7815455295.8023047.43990 1035176711530.58154965.1146150.0137790.6350705.00e-714.5396113296.3203047.40660 103526030.07154992.9737690.05989232.7789871.59e-414.5205884296.5904047.41690 1035293837560.41155001.7244830.0632326.4716294.66e-514.350296.6970047.40760 103556710.95154953.6370540.0150540.3036302.00e-713.5995224297.5058047.47340 103578520.87154954.0710410.0297280.4883414.00e-713.0626327298.1117047.49110 103633000.56154965.1777220.0193890.9349269.00e-714.6815700299.6345047.47730 103836200.64154954.1264740.0249890.7345637.00e-712.8307470280.8377047.57900 1038369636710.13155001.4682180.0271108.4877006.85e-516.9475346280.8858047.56560 103849626190.24154966.2798570.0180252.8792434.90e-614.3715688281.7756047.59330 1038568262230.34154965.8737060.0411206.2074611.47e-515.0015805282.1896047.52380 103888970.99154964.7474920.0178140.3437292.00e-714.1355795284.1032047.52910 103895960.99155156.0612830.1299232.6093004.20e-613.358284.5048047.55100 103898090.77154964.6706120.0223000.3973973.00e-714.6355786284.5874047.52130 103899820.74154964.6715000.0262290.4439893.00e-711.7596859284.6693047.57760 103952020.81154964.6433450.0195030.3059452.00e-714.7055260287.5056047.56180 103955435310.09155000.1921900.0087643.6874707.00e-614.4183946287.6912047.54690 103956090.87154964.7605450.0221970.3642542.00e-714.5206160287.7299047.59740 1040722126050.61155011.2000390.0460150.9337401.00e-615.6474427292.8445047.55040 104171350.94154965.3166320.0639061.2033321.40e-613.2498421296.4779047.55470 104179860.99155000.0274760.0042310.073731 9.128296.7488047.54380 104187977410.04154979.4777640.02976623.3553489.83e-515.2785556296.9573047.55380 104192117420.08154969.2750980.02340311.5214273.59e-515.4725572297.0799047.59740 104202790.03155005.9437910.03695945.4332502.48e-414.7745512297.3803047.54500 104228520.56154965.1658890.0258341.3988901.70e-614.8555877298.0764047.51280 104479020.76154964.6345770.0191510.3374642.00e-714.9185578280.4769047.65500 104544010.12154972.3452070.02496512.1807223.90e-515.3865568284.3172047.67860 104547250.64154964.7483110.0390560.8317681.70e-614.2416911284.4652047.60270 1046062911680.00254916.2434090.057432525.0200007.35e-313.9976209287.5868047.60000 1046062911680.00255061.4338630.225168856.6500001.47e-213.9976209287.5868047.60000 104628260.03154965.0086670.05586750.4670322.98e-414.8845850288.6748047.63600 104640787430.20154966.6741820.08534219.4040177.51e-515.4874877289.2582047.63530 1046466635780.00155027.5485670.033727131.7342371.05e-313.3954899289.5301047.62620 104685140.58154965.0271470.0104670.4249387.65e-514.3195158291.1097047.61550 1048095257970.38154954.3641640.0325944.0749068.00e-612.220295.8046047.67090 104809827440.06154979.1086790.03014619.2213887.51e-515.3415876295.8145047.69040 104819120.96154953.7182590.0255360.4423683.00e-711.8556593296.1497047.65320 1048364462250.12154966.3146100.0162415.1107711.11e-513.9855781296.6817047.60030 1048506911710.75155066.4941480.0875440.4452723.00e-715.3435934297.1035047.64360 104851370.72154954.0583700.0224370.4452753.00e-711.8836013297.1198047.62400 104852507450.20155013.8861180.06957916.4697836.18e-515.7884957297.1544047.66870 104864250.25154969.7084320.0294585.2748161.17e-512.4657018297.4768047.65900 1048711916350.20155008.6462870.0284206.7493602.19e-515.7465500297.6613047.62390 1048952136250.38155000.3170360.0275723.2245041.70e-516.1696147298.3533047.66890 1048953932310.28155006.6367790.17068519.7638787.65e-512.250298.3586047.63860 104909600.23154966.6368400.0328865.6824111.30e-514.3005787298.7586047.69560 104910310.42154957.2663000.0379674.3981388.90e-613.245298.7772047.65540 1049154436390.10154996.2552230.04964422.7719849.40e-513.4364835298.9116047.65830 1049155435760.07154996.2162350.04921722.7721202.02e-415.0185785298.9133047.65790 1051477011560.26154965.4934050.0115421.8724202.60e-615.2905137281.5238047.75530 1051873536120.06155008.2463860.02816319.5150002.19e-416.7395146283.9157047.78460 105282990.81154964.6316810.0237000.3998023.00e-713.9676115288.9905047.73830 1053415543450.18155001.0263660.0089634.3270928.70e-613.4045517291.5012047.74770 105358070.51154965.6990460.0204461.4816561.90e-613.8736234292.1517047.71950 105449760.55155002.1236960.0064370.3504692.00e-718.679295.6549047.76370 105472090.64154966.5084530.1488362.2540403.40e-613.6956630296.4191047.75150 105476850.33154956.4542230.0182252.7770224.60e-612.3096165296.5724047.75270 105495760.20154972.0787990.0416669.0894662.55e-513.0157492297.1183047.74160 1055134658040.59154964.8953920.0066491.4279631.80e-613.7315891297.6191047.76790 1055536537710.23154999.5859880.0305235.8018103.99e-516.6055466298.7711047.78540 105560680.91154955.3659220.1312952.1171563.10e-611.5617901298.9545047.77360 105565780.47155003.7375430.0131731.2528641.50e-615.5944977299.0953047.70680 105570080.80154964.6370090.0151230.2654192.00e-714.6625088299.2204047.72680 1058191838070.54155139.3629150.0338561.8018632.60e-612.7967252283.0437047.80460 105831807480.48154966.0108910.1927782.6962814.40e-615.2694825283.7655047.80430 105831810.47154955.2108950.0342192.6963234.40e-611.0096231283.7665047.81900 1058322539020.48154966.0120060.0317842.6963074.40e-614.5445229283.7896047.80640 105868740.77154964.7478810.0289970.5354872.00e-614.0996640285.7777047.81550 105921630.11154966.7724460.04097114.7629475.14e-515.0955482288.5536047.86730 10593759250.19154956.4765780.0228816.2652101.48e-513.4995995289.2617047.81550 105968830.84155002.0176440.0270490.4689119.00e-714.1357296290.5484047.80270 1059939712850.51154964.9108160.0147100.9374071.00e-614.5465278291.6370047.83230 106003190.94154964.8682210.0160000.2815162.00e-714.9414848291.9940047.89770 1060154962260.36154965.8070880.0126721.4637731.80e-613.3185259292.4794047.83460 106015790.20154967.7746130.0357648.0987542.16e-511.587292.4918047.83540 106022912100.03154972.3248850.02258120.9273618.45e-514.8775812292.7824047.80060 10611450-1.00154997.221223 11.6527483.63e-514.4036257296.1244047.83070 106137180.39154953.8862260.0099011.1758781.30e-612.7355080296.8258047.87740 106140121807-1.00154982.3284750.919725132.1673121.05e-39.7154859296.9287047.88300 1061415862270.58154966.7140300.1304454.4622604.71e-414.6734636296.9752047.88660 106165713400.18154969.9561580.11189923.6731071.01e-413.0575544297.6647047.80140 1061665658140.04154968.9654470.03070425.2852621.08e-412.1386248297.6945047.87900 106168290.59154965.2930610.0279191.0729341.20e-613.9606670297.7424047.89170 106182530.90154964.9855690.0279510.4374033.00e-712.8096118298.1248047.81240 106191090.55154955.1367720.0404972.0451832.90e-611.7047028298.3713047.81390 106195060.92154964.9896010.0279280.5035554.00e-713.7386526298.4768047.88960 1065194534410.06155022.5475210.03666325.3669961.13e-415.5385946285.4381047.90350 106565082110.00154969.0148180.045427124.0358321.05e-314.9896072287.9703047.97210 106576649640.36154956.7698740.0263733.2736995.80e-613.23410564288.4995047.99650 1065931360790.06154961.4126040.02469415.2493375.29e-513.5936167289.2228047.91390 106617830.62154954.9543200.0393621.2313631.40e-69.5867887290.2984047.97860 106644162599-1.00155022.174390 25.3221741.11e-414.8564996291.4008047.92460 1066623012950.37155065.7064040.0154551.5777972.00e-615.0315859292.0891047.92960 106662421980.00154986.3923350.02797787.2394806.38e-414.2885538292.0982047.94080 1067692738300.56154999.9313050.1079351.0311003.30e-617.0225451296.1496047.93780 1067718635950.01155249.8851130.070499100.4013059.45e-415.0175649296.2229047.92390 10679505-1.00155000.289961 5.6751861.29e-513.8356408296.9342047.98120 106804750.78154964.7765340.0195340.3498322.00e-714.2576082297.2213047.93900 106846731.00155026.5988080.0108510.1925561.00e-711.1257106298.4267047.97420 106868760.45154953.9498150.0324082.6184274.20e-611.7277944299.0567047.90940 1071075560800.22154966.7628950.0271304.8166111.02e-514.8435564281.9364048.01010 1071155133590.18154972.9645870.03194410.6922193.36e-515.5075752282.3833048.04280 107116460.51154964.6862060.0093200.7376527.00e-715.7874339282.4360048.09780 107119130.08155007.2041770.03808119.4080167.80e-515.5215474282.6011048.03670 107119380.95154953.8756540.0186710.3576042.00e-712.144282.6142048.02000 107231430.79154964.8413060.0180140.3076422.00e-715.4955120288.5184048.08460 107245330.76154954.3915410.0418830.7450927.00e-79.038289.1585048.09720 107276550.74154953.9091740.0182550.3533652.00e-713.4336074290.4329048.06590 1072766860810.47154999.3783780.0285652.3059003.19e-516.3219471290.4399048.04510 1072821962290.26154971.2437730.0222303.3718086.30e-615.9095456290.6606048.04620 1073533137200.00155107.1974800.042239213.3993422.28e-313.3816694293.4906048.09540 1073551960820.56154954.0529630.0198160.9070649.00e-711.7804881293.5574048.04170 1073556436170.53155278.0146930.0282311.6749853.10e-614.5678035293.5744048.00740 1073598862300.37154965.5724160.0181131.9271742.70e-615.7065016293.7401048.01150 107362230.56154965.5450550.0243381.1050941.20e-613.6517797293.8462048.05030 107375740.90155000.1633940.0230220.3656212.00e-713.9145510294.3376048.08010 107435979890.00154936.0944910.02984681.1946245.90e-415.4885394296.3823048.04530 107436000.58155001.7874690.0201120.8170231.70e-617.206296.3835048.04400 1074862135320.00154860.8404520.097721286.1800002.79e-315.1385606297.7728048.09810 1075151535890.07155060.0013670.08756056.4064914.41e-415.6814838298.5221048.03290 107537340.07154982.8070750.03103219.4066927.51e-513.5645446299.0783048.02200 107537510.91155110.1479120.0243510.4429623.00e-715.0185752299.0865048.06080 107894210.85154953.9194480.0472490.7768527.00e-711.849288.5773048.12950 107942420.21154970.8032810.0382057.1437061.80e-514.1705459290.6148048.18680 107944050.63154965.3356430.0262150.9523771.00e-614.7135479290.6886048.19920 107948780.86154954.0339420.0255910.4327713.00e-713.3855529290.8877048.12870 107964770.74154964.6788860.0272690.4849664.00e-714.1076213291.5347048.13130 107971260.77154964.6241630.0672970.4324403.00e-713.9186432291.7958048.14310 1079860533900.01154992.1665920.02526456.0481663.30e-414.9675057292.4244048.15960 1079883834490.01155005.0656010.03314762.1276653.90e-414.8225160292.5203048.12350 107995580.91154964.6463170.0215160.3664802.00e-713.6256222292.8112048.16100 107997351930.02154990.3503170.03583337.5903001.95e-414.9045883292.8762048.19530 108017030.85154964.8270350.0183770.3130922.00e-714.3805306293.6654048.10750 108029170.74154999.9057930.0146330.2724522.00e-715.8674937294.1083048.18440 108096770.17154970.7350270.0232947.0421761.76e-513.9424995296.4786048.14620 108099700.95154953.6574550.0261040.4470553.00e-713.5335637296.5773048.12700 108153790.79155002.3168110.2280040.8905209.00e-711.2456069298.0926048.10450 108161070.46154964.8028230.0272502.1615803.20e-613.9455646298.2919048.19470 108185440.90154954.3029730.0731171.3692171.60e-611.0299335298.9634048.13320 108442790.82155000.2280570.0366690.6234134.80e-614.2277037282.9292048.26020 1084518836020.00155112.6858400.052250249.3619452.79e-313.8675663283.5525048.22290 108471180.82154964.7029470.0179230.2935532.00e-713.9655528284.7987048.26330 108484597540.36154965.0938010.0159881.7369522.30e-615.5975555285.5346048.28520 108488070.75154999.9875990.0179680.3462472.00e-715.7885869285.7310048.27930 108492440.07154955.9792840.04375024.2616831.03e-412.3255887285.9783048.22550 108546210.81154964.6228690.0221500.3759393.00e-715.5335744288.7810048.25220 108555350.99154964.6293150.0063740.112782 13.8707555289.2119048.20310 1085734237390.57155005.2645700.0558632.4159252.75e-514.4678540290.0115048.24420 1085751920750.45155000.3701330.0232912.0533342.90e-612.2176145290.1020048.25110 108575890.12154980.0764380.09583332.5325261.59e-415.3545589290.1307048.28990 108581170.00154848.7146210.117852606.1100007.35e-314.3175354290.3975048.25550 108587200.63154954.8589260.0263090.9523781.00e-610.971290.6963048.20300 108618420.76154964.8178080.0285990.4719434.00e-714.2917191292.0718048.23830 10863286-1.00154955.434620 3.7238677.00e-612.9667071292.7082048.20700 10873904-1.00154996.753766 9.8856332.85e-513.0656568296.6001048.29600 1087422612900.05154972.2497790.01770511.9736253.80e-515.1755930296.7163048.21130 1087492612930.04154966.7209950.01398711.7031073.67e-515.0035737296.9327048.26650 108777030.80154964.7371790.0258020.4369373.00e-714.3446106297.7849048.24870 1087921337300.46154999.9130740.0147091.3369714.80e-618.792298.2599048.21900 108804900.75154964.8578870.0167510.2980052.00e-715.2395807298.6569048.23640 109048571940.20154997.4322120.0158063.1208315.50e-614.8045883282.9662048.34510 109058040.68154964.8871660.0368290.7510977.00e-714.4178000283.6692048.33420 109058240.80155003.2767770.5968492.7195354.40e-612.8119095283.6859048.34020 109092740.03154981.6508850.03675239.2381402.02e-412.1536358285.9762048.32080 109166750.87154953.7002520.0256550.4188683.00e-713.3776516290.0644048.33870 109195640.81154861.9875230.0378270.4621373.00e-715.7085474291.5974048.39330 1092008658410.37154965.1436650.0081323.2131935.60e-612.5206478291.8521048.31960 109203140.64154953.5866100.0217040.5051694.00e-713.1196993291.9566048.34680 109208130.18155018.4494181.33812353.7409033.13e-413.756292.2101048.31560 109232600.15154976.9534290.0285837.4360171.91e-514.5465970293.3452048.38230 109244620.67154953.9228000.0158360.3753722.00e-713.3984747293.8471048.32190 1092485312920.10154965.2862810.0110424.2048098.40e-615.6425745294.0217048.39040 109251041560.13154967.9932220.0255968.0413392.14e-513.7384450294.1214048.34950 109347550.68154964.8424500.0415490.7864847.00e-714.3977645297.7075048.33770 1093531060830.15154957.3213100.0174974.1287958.10e-613.1005669297.9159048.33210 109364270.25154971.8421890.07627714.3610234.92e-514.4195082298.3438048.33590 109376090.50154955.9084190.0332122.5704314.10e-613.4306016298.7416048.32700 1096099535640.30155185.8805040.0200493.1170876.90e-614.4984707283.3179048.40460 1096324213120.21154968.0785340.0386136.1468221.45e-514.7066157284.9105048.43160 109650910.76154964.6962360.0135890.2358551.00e-715.2804718286.0731048.40150 109659630.22154965.7752230.0366756.6402421.63e-513.8815814286.6107048.47970 109728300.95154999.9951230.1333270.6784508.00e-710.173290.3996048.46590 1097358362320.12155004.0780610.0161066.2563431.55e-515.7985522290.7988048.48390 109796690.83154954.5008420.0571980.9257689.00e-712.3336697293.7681048.42110 109797160.10154967.0822590.02228510.6840563.22e-515.7743932293.7908048.40140 109874390.10154971.8839200.02508010.6745993.22e-510.8106182296.8259048.44340 109890320.53154966.7047280.0131912.3050983.50e-613.8668620297.3935048.41080 109917690.98155002.6729380.2027933.2813455.80e-611.1268412298.4429048.41280 109919890.54154954.6479100.0176070.9744781.00e-610.2825021298.5271048.41860 109927330.08154977.1940970.03440718.5259187.10e-515.1245274298.8056048.47200 110128010.96154964.7302940.0203830.3673112.00e-714.2245936281.7389048.51380 110132019720.98155001.9907060.0131060.2273941.00e-79.2757779282.0003048.54220 110170770.68154965.1009450.0377880.7085646.00e-713.448284.7395048.55910 1102125260840.22154966.2553940.0181263.2691925.80e-614.9666165287.3561048.54310 110277220.47154965.1378010.0075490.6781376.00e-714.2916212290.9058048.53180 110363010.95154964.7151820.0162970.2852372.00e-715.1214708294.8573048.56620 110366920.96155002.0366660.0209290.3589473.00e-715.6845681295.0252048.50140 110429230.76154964.7742820.0211330.3901623.00e-714.3216086297.2972048.51880 11044668-1.00154955.001055 139.4500001.18e-312.3464959297.9449048.55780 1104477933270.14155195.8227280.03862915.6086236.98e-515.4665362297.9830048.55570 1104538316450.01154991.9390660.01381641.1667382.19e-413.4185036298.2109048.55920 110461240.95155002.5196850.2379804.3074096.29e-514.4178809298.5023048.54190 1106917620070.14154976.3825550.04199715.3796155.37e-513.1275821282.9250048.62640 110712070.16154971.6534010.0366788.0496352.14e-513.8316427284.4178048.68090 11071278-1.00154992.110514 55.8852253.30e-411.369284.4661048.65530 110732230.11154964.7970210.02834711.5789473.59e-515.0035800285.7144048.60180 1107617658620.58154964.8377730.0187810.6999866.00e-715.6675034287.5766048.67940 110762790.55154965.9268740.0282971.4725853.90e-614.2067130287.6472048.64670 110838880.94154964.6854520.0181740.3426672.00e-715.0936284291.7463048.69700 110846470.83154964.7449830.0194230.3116742.00e-715.3195392292.1313048.62760 110847820.93154953.8651630.0340490.5865355.00e-712.5838371292.1964048.69650 110862701240.10154970.1263930.03458312.6910474.09e-512.9356076292.9291048.60280 110910820.83154964.7774230.0232010.3850823.00e-714.7216294295.0943048.63330 110976780.90154954.8570240.0529210.9997161.00e-613.2206493297.6194048.69350 1109935162340.29154956.0447840.0164162.3779553.60e-611.6399353298.2774048.64080 1110065714180.06154994.5792480.0122718.3441012.85e-515.7345243298.7606048.60020 11122789-1.00155000.642064 3.2381545.70e-69.6416845283.1246048.73490 111245090.09154968.7300520.0172138.8929052.46e-514.7355417284.4035048.70810 1112593614190.25154993.8920410.0121842.6722174.50e-615.5075848285.4120048.72520 111270480.94154964.7861900.0165690.2993232.00e-715.2215448286.0572048.73890 11133313-1.00154998.054769 27.4008931.23e-412.2385993289.6666048.72960 111340790.44154965.0591010.0153581.2605661.50e-614.8645201290.0140048.70180 111359780.75154953.9263450.0155430.2920592.00e-712.3315004291.0413048.71800 111371430.91154964.7766980.0187750.3135332.00e-713.1455895291.6564048.72560 111381557600.13154965.5826000.0164834.9593281.07e-515.2635887292.1671048.72760 111445560.84154954.0610150.0392580.6429805.00e-713.5516428295.1192048.73290 111472760.31154967.1028450.0205663.1330585.50e-613.9845656296.1421048.70210 1114746062350.37154965.9428230.0307074.1077368.10e-613.9124855296.2050048.76680 1114781433340.00155057.5962330.02261495.1782996.93e-414.4014351296.3386048.75760 111519700.88154954.0671310.0197440.3116292.00e-713.0715123297.8379048.77420 111536270.89154965.0370340.0337530.5616975.00e-713.9825286298.4927048.78280 111541100.74154965.0268760.0298860.5296644.00e-713.3706938298.6704048.74540 111754950.69154954.0057910.1231182.1910273.20e-612.9698070282.5472048.85640 111796570.99155001.9675870.0362820.7889128.00e-717.065285.5915048.84790 111803619710.57154964.7778670.0175890.5330614.00e-77.7488330286.0192048.86670 111822600.45154954.0064600.0131101.2919721.50e-613.2384842287.2607048.84650 111878372520.09154968.2903110.03031117.6045876.62e-515.6133897290.4015048.82260 111891273470.17154954.7580890.0127392.6719434.30e-613.318291.1574048.86110 111908360.93154964.6631820.0238940.4040163.00e-715.4735794292.0693048.82950 1119344714150.64154953.9774950.0153930.6258845.00e-713.397293.3815048.82480 1119712614430.25154954.2985540.0055754.4948099.10e-612.7864911295.0346048.88220 1119785328130.48154999.7748750.0120350.6984616.00e-713.5864981295.3422048.85620 111980680.71154964.9644850.0186500.4001753.00e-715.5095030295.4333048.81620 111987230.17154970.5705980.0269826.8403061.69e-515.4455714295.7004048.83420 1120040537240.23155000.5765760.1403504.6396002.88e-516.8035818296.3541048.86360 112007730.31154965.0433820.0183612.4895523.90e-613.6695780296.4774048.85370 112286120.33154967.4012230.0224412.9804805.10e-614.6475829282.6072048.96830 112308370.61154965.0444800.0117360.4460793.00e-715.7385439284.1848048.95660 112313342580.44154993.0203300.0407044.1574818.20e-69.8876278284.5418048.96130 112327450.09154970.9190260.0171399.6342442.77e-515.9735204285.4706048.92730 112339110.33154969.1221090.0350794.9599001.07e-514.7425193286.1227048.92340 112346770.43154953.8726070.0173301.5874252.00e-613.2966183286.6177048.99680 112353230.29154965.5231850.12593419.6684027.65e-513.4865071287.0466048.99320 112360350.83155157.2038650.1269122.3190032.60e-514.6467927287.5145048.93460 11240948-1.00155001.252154 3.4019376.10e-612.4716822290.1068048.90340 1124181437170.01155065.2112730.033738227.6643762.28e-314.9845872290.5829048.96040 112427217630.08154973.0997640.03991719.6512057.95e-515.5365788291.0939048.93380 112445010.89154953.8153560.0157270.2966762.00e-79.8495151292.0443048.94360 112453810.75154953.6417450.0166340.3069922.00e-712.8585567292.4792048.91670 112461630.79154964.5631480.0165010.2792282.00e-714.6055277292.8746048.98400 112473860.76154999.8341110.0494000.3943256.00e-714.3877422293.4786048.95720 1124962435530.01155081.2319800.03056865.5837214.15e-415.7435344294.4386048.98520 112508670.38154955.6211710.0207952.2528223.40e-613.3875875294.9741048.94460 1125261762360.19155006.1732280.0217604.4781209.60e-615.5346089295.6914048.90380 112556670.88154954.2692420.0453580.8189148.00e-710.9416355296.7704048.92230 112557614820.18154967.6087710.0200764.9926771.08e-514.9175526296.8089048.96540 112842270.96155002.1129050.0250540.4375713.00e-713.4727243284.1708049.06200 112845470.96154964.5349760.0148460.2624411.00e-715.4505117284.4069049.03090 1128513617740.30155004.6979020.0173122.3681783.80e-615.5335672284.8615049.02700 112856250.23154975.3345100.04729410.7904443.22e-510.1436882285.2162049.08950 112877260.35154965.3246760.0383024.7377141.00e-514.1765167286.5219049.06920 11288684-1.00154998.318341 22.2100639.20e-513.780287.1591049.08000 112890030.96155000.0137740.0195060.3303424.40e-615.5415795287.3825049.05140 112950260.90154953.8886460.0179710.2908552.00e-712.8104988290.8287049.03560 112953470.97154954.5380100.0500400.8884409.00e-711.7297620290.9891049.07280 113034160.94154964.9277590.0229830.3207842.00e-715.0234825294.8917049.05130 113035260.86154954.1383390.0442890.7200906.00e-713.0026471294.9456049.03030 1130381137440.85155002.2984150.2078593.3794697.80e-615.7704799295.0615049.04660 1130498729930.35154964.8028950.0093491.3853861.70e-615.4175664295.5653049.07310 113050870.79154964.8367350.0186090.3092672.00e-715.0385512295.6023049.02420 113367070.91154964.6373720.0158550.2512981.00e-714.8044751283.8022049.12880 113388650.87154954.0920110.0478880.8803859.00e-713.2758658285.3125049.11460 113419500.74154964.8067340.0158540.2883712.00e-714.9245511287.2744049.19960 1134257317710.00155037.8455970.04126291.0560356.93e-415.9595844287.6636049.14150 113478750.86154965.5527700.3102583.4550916.30e-613.8094426290.4673049.19860 113503890.41154965.0251080.0123911.5126441.90e-615.7245124291.8429049.11910 113527910.92155000.1635450.0169000.2805193.50e-615.5776059293.0992049.11930 1135719237820.00155002.6108700.020006186.5167871.92e-313.5294820295.0872049.16990 113583920.44154954.5649430.0115360.9849771.00e-613.5486195295.6277049.17820 113593050.02154965.8715140.02485728.4871151.29e-413.3636101295.9843049.13030 113911810.12154972.0684750.0246418.6173402.36e-515.2575218284.9945049.22820 1139166716520.45154954.1313080.0110091.0837371.20e-612.9235394285.3021049.26350 1139175526390.16154979.4338560.16692425.1041151.13e-415.5275876285.3652049.20160 1139261816230.03155007.2186400.043980110.9300008.40e-412.0375520285.9061049.28750 113951170.74154964.8459170.0163640.3065172.00e-714.9934879287.5475049.20560 113956450.75155000.0113620.0291560.4969093.50e-615.2116396287.9043049.28700 1140184558940.56155005.9300550.0422982.1613991.64e-414.3557590291.2970049.24450 114023810.87154953.8840420.0256110.4173653.00e-713.2576481291.5915049.25810 11403032-1.00155001.910810 7.6316341.97e-511.5006433291.9279049.29700 1140321635610.27155186.6197620.0259294.0532531.01e-515.5375757292.0269049.20720 114037760.71155000.0426710.0175200.4018063.00e-715.7655571292.3143049.28550 1140464460850.29154969.3880450.0422035.9026001.37e-515.1795892292.7561049.26460 114046980.58154964.7883970.0115510.5901925.00e-714.8544264292.7829049.23040 114047580.88154964.8253670.0218500.3512462.00e-713.9586374292.8144049.20130 114055590.75154964.8445900.0157350.2849372.00e-713.6925232293.2256049.24260 114088100.80154953.8685420.0470690.7492877.00e-712.6077555294.7304049.29440 1140893560860.15154980.3046970.06466915.9950905.71e-515.2845660294.7808049.27360 11409673-1.00154998.146632 12.3178693.90e-512.8787906295.1364049.27330 114096980.14154972.1761640.03833610.2678273.03e-513.6916409295.1468049.28240 114104850.78154964.8549090.0288470.4287933.00e-713.6936732295.4933049.29960 114132130.87155002.0949490.0149740.2374662.00e-715.8614213296.5389049.29240 114423480.76154964.6053360.0167920.3128412.00e-714.5465301284.1005049.36230 114424657680.12154985.7420070.10341033.9338311.64e-415.7164896284.1723049.36070 11442793351-1.00154980.0969270.106720842.4000001.47e-213.8046103284.4335049.30520 114447800.73154964.5898800.0140050.2867142.00e-715.7324566285.7113049.39710 114479530.94154955.2511620.0836211.4988841.90e-611.2566412287.8080049.37810 114498441250.03154984.8521500.04090038.4787642.02e-413.7795304288.9022049.37050 1145548436730.30154998.8857190.2447386.1427504.30e-516.152292.0289049.38770 114557950.47154964.7916420.0123121.0573351.10e-615.4144477292.1842049.31000 114571910.52154965.9670890.0251032.2983953.50e-614.5545598292.9256049.34730 114603460.94154964.7149420.0224370.3856483.00e-715.1926273294.4136049.32700 114632117700.33154964.8327320.0124571.5063541.90e-615.5255502295.6652049.35100 114658137710.01155285.8165980.302424670.7000007.35e-315.2075574296.6986049.31650 11494130978-1.00154962.683855 18.9554147.23e-510.9886330284.0268049.41540 114945830.94154964.6852010.0155110.2483421.00e-715.4394385284.3674049.46440 1149576626300.10155009.3777290.0460258.3404432.23e-513.3915631285.2253049.42420 114957810.94154954.0416270.0321690.5079344.00e-713.4387729285.2312049.46150 114960780.88154953.5998630.0188480.2997192.00e-713.4755891285.4238049.42600 114986890.77154964.6072320.0181140.3063062.00e-715.1245271287.0438049.40680 1149926336200.01155047.3957710.02274046.6982172.59e-415.2675544287.4051049.45630 114997570.13154967.2514220.03534912.3143983.94e-514.7605997287.7262049.43530 115021720.05154968.6170810.03372725.4319591.11e-414.1645571289.0782049.48000 115025810.74154964.8750510.0170340.3336362.00e-714.6615696289.2659049.47280 115062350.05154973.0160160.02833420.4130558.11e-514.8745676291.3007049.49570 115069385906-1.00155004.625793 22.5747809.20e-511.6126373291.6465049.49340 115092820.83154965.0367870.0379340.6340345.00e-713.7967139292.8708049.43860 115152920.94154998.5985390.9286133.4194676.20e-610.9416835295.5720049.47820 1151771914160.45154965.8405880.0324312.4957794.00e-614.1525766296.5074049.45730 1151913434190.01154973.7991060.02286258.5849863.49e-413.0616130297.0396049.46910 1151922660870.03154973.0180080.02185322.1607159.00e-513.0345646297.0707049.44250 115210485400.03154976.4174790.02039325.7028691.13e-414.9175361297.7670049.44670 1154621116540.27154965.6000170.0094802.1944213.30e-615.1553682283.7965049.50400 1154786937490.03154998.0777470.01127810.7274171.37e-316.4153589285.0077049.50400 115481402560.36154965.5551320.0115702.7573004.60e-615.3733639285.1851049.56540 1155888262410.01154987.6615060.04413573.9210065.07e-415.4016066291.7399049.57080 115598640.94154964.6821240.0230730.3833013.00e-714.1585862292.2662049.51180 1156003738740.31154964.9976570.0089391.4665221.80e-615.4465621292.3575049.51450 115604470.59154953.7303140.0149890.5276794.00e-710.8344969292.5760049.52570 1156401337140.45155002.6945010.0464821.7505363.00e-615.2075580294.3191049.53210 115661740.77154964.6044310.0150840.2768752.00e-714.9575300295.2683049.56630 11568428-1.00154999.438319 1.7106292.30e-613.2126828296.1853049.55680 11568657-1.00154973.942928 13.4760464.42e-513.2466347296.2798049.51780 115689873540.10155004.5087310.03775615.9599455.71e-513.2355941296.4186049.54010 11572363-1.00154998.473402 19.0277537.23e-512.4266069297.7151049.57380 115726430.95154953.7402700.0201540.3454042.00e-712.2185935297.8358049.54580 1159926414170.06155292.4330260.0127778.4281512.91e-515.9775533284.9889049.62610 1160158418310.07254975.3393190.01116213.9794854.72e-514.1225167286.4715049.64900 1160158418310.04254981.8028180.04408134.2066941.70e-414.1225167286.4715049.64900 116049580.73154964.6531760.0151400.2989302.00e-713.9355286288.6376049.62470 116120910.97154953.7803030.0261930.4542693.00e-713.1176803292.5779049.66030 116154810.05155054.3304370.05786665.4320117.35e-315.5406000294.2542049.69580 116162000.49154954.8984460.0252781.7186492.30e-613.5105836294.5729049.66840 116165940.67154969.1906950.33173914.5876124.99e-511.1704554294.7495049.65560 116188830.84155139.4424100.0398760.6848721.10e-613.3774347295.6881049.61630 116199640.11154965.7175640.02725210.3685553.09e-514.5455582296.0968049.64380 11649962-1.00154973.758217 10.5627373.12e-511.4106487284.5680049.77950 116525450.68154953.7981550.0223260.4127953.00e-713.4425365286.2313049.77880 116563024340.11154983.8374030.06368322.2648099.20e-514.6265172288.6925049.72350 116568407740.10154965.7573830.0190267.4426601.91e-515.2705873288.9868049.73370 116624400.05155004.8115460.02016513.6394574.72e-515.8525252292.2173049.70790 1167142935670.07155030.5568060.185407112.4637128.40e-410.9677363296.4534049.78660 116716600.76154956.5444710.0994998.7103392.38e-513.3504867296.5447049.76020 116723190.94154964.8132620.0186260.3317752.00e-714.2885497296.8050049.71270 1167368662430.39154957.1482790.0475224.6187699.50e-611.6855949297.3154049.70610 11700133-1.00155001.662945 6.7540172.21e-512.861284.2339049.85320 117039600.93154965.1671870.0359900.6044175.00e-713.885286.8622049.83040 117040440.13155015.2291150.03192613.7653454.79e-515.7495502286.9104049.81580 117041550.94154953.6045730.0165430.2738672.00e-712.6005118286.9822049.88380 117066580.40154965.2667940.0110681.4079431.70e-614.6144409288.5121049.86420 117166880.93154964.8459390.0159580.3012182.00e-713.6475130293.8854049.84360 117177980.84154964.9482030.0216860.3747153.00e-714.1615312294.3718049.80190 117228160.82154964.7442350.0201680.3203732.00e-714.2275885296.4986049.80170 117240910.55154953.8581080.0310221.5590902.00e-613.5756957296.9770049.84180 1172421062440.17154965.0416890.0238185.7460181.31e-514.7375691297.0244049.89220 117518470.94154964.7161330.0175730.3314842.00e-713.8626226284.8429049.93860 1176119926690.00154974.6350620.068728213.6229022.28e-315.6195699290.7518049.97230 117689700.03154959.4137770.01657215.5413535.45e-512.6585038294.7409049.92880 1176914660890.01155026.5016280.125116282.9658282.79e-313.9745752294.8192049.96360 117697390.77154964.6598580.0146230.2524731.00e-715.0335136295.1158049.91730 117698012633-1.00154984.647171 29.7082201.37e-411.5496229295.1429049.99310 11774013-1.00155000.572627 3.7562487.40e-613.860296.8993049.91630 117743830.58155000.2093900.0105580.5202271.20e-619.174297.0443049.97020 118050754360.00155058.3633930.028407199.8398981.92e-314.7405262286.6569050.02160 118052350.80154964.7359220.0230780.3951933.00e-714.7175342286.7757050.07080 118114540.47154955.9178670.0278862.2746283.40e-611.152290.3973050.06510 118177500.15154954.9086030.0308829.7625512.80e-512.2506930293.8269050.07650 118191350.57155000.0653970.0262671.9016381.37e-415.0646705294.4573050.03030 1182083017280.08154959.0003620.02771712.7318704.09e-512.0877007295.2166050.08430 118242224370.02154978.4598970.01244515.8413365.62e-514.4974987296.6186050.02200 1182505738570.61155000.0877580.0901150.5320889.00e-718.852296.9696050.06710 118252040.98154964.7460930.0122140.2096361.00e-713.7977074297.0304050.05570 1182640060910.25154956.0002270.0367545.8893721.35e-512.4726947297.5134050.07480 1185313032630.00154979.8812950.01582676.8793925.44e-415.9493808285.0959050.10100 118585410.19154968.7540690.0265075.6743531.29e-514.2155375288.6361050.17330 1185897940620.27154964.7966710.0123533.0591692.71e-414.0775990288.9089050.16280 11859811-1.00154967.210262 22.3141489.20e-510.833289.3813050.18940 1186707162470.21154999.7171430.0200363.9638503.90e-414.2816403293.4839050.12510 118690521200.03154970.9094810.02216920.5454958.11e-512.0035525294.4019050.17210 118731660.47154953.9147360.0173191.4688521.80e-613.4705902296.1935050.12920 1187433834640.12155000.6627960.02174715.9751775.71e-513.9335041296.6720050.15010 1187551134710.01155067.9619970.02215367.4515444.41e-413.3424611297.1698050.14740 118757060.96154964.7882410.0222530.3857213.00e-714.1596517297.2565050.11650 119040380.79154953.8522600.0400310.6322205.00e-712.784285.6081050.29630 119062170.01154995.4575780.01924737.9102161.95e-414.4304517287.0593050.21400 1190968614830.00155121.8707260.023394185.9544961.92e-314.3055648289.1524050.25320 119098397790.19154968.5734970.05334810.4059983.22e-515.5625527289.2355050.24100 119100760.96154964.9031690.0193300.3481232.00e-714.2845450289.3509050.28630 1191156138750.03154997.1800590.0183158.8704122.46e-513.579290.1491050.23920 119130125440.35154967.1779750.0431603.7478487.10e-614.7635883291.0225050.25910 119130710.37154955.9434960.0332753.7478357.00e-69.5328329291.0614050.25540 119202660.91154954.1207560.0255570.4674103.00e-711.581294.8804050.26690 119227820.37154956.2471580.0293673.5129346.40e-610.4605581296.0074050.23260 11923629-1.00154995.528060 17.9732846.73e-512.2575975296.3860050.20500 119238190.07154959.6519900.05550133.1595121.59e-411.5627724296.4643050.28620 119243110.77154964.7559240.0261690.4451163.00e-712.8056418296.6660050.23830 1192442659440.01155004.3669830.03380564.7131614.15e-413.8825924296.7038050.28160 119595690.11154960.1003780.11525846.1487412.59e-412.3875175289.3942050.36810 119616950.02154871.3956740.2117541082.815000 13.7185768290.6239050.39040 119665570.06155055.1516100.08386260.2976117.35e-315.6805724293.4803050.34750 119670040.34154966.1090210.0158261.9416362.70e-613.8986279293.6807050.30030 119684900.49154965.4372490.0150051.0788901.20e-613.698294.3502050.35150 1196851335870.49155185.8829960.0149311.0365911.40e-614.4415337294.3616050.30530 11970288-1.00155008.521606 20.7023198.11e-511.3086690295.2126050.31690 119723870.58155000.0183940.0069020.3278982.00e-712.4356782296.1397050.38580 119737050.99154973.2033220.3925316.7721421.65e-59.1167404296.6774050.35040 119745401290.09154965.8632610.05917924.6691941.05e-413.2246507297.0094050.37230 1197536362480.39154967.4119650.0271083.5184196.50e-615.4095482297.3342050.31110 120046790.24154955.7699830.0244975.0424901.08e-513.2315432286.4257050.41700 120048340.63155002.0410000.0074460.2623171.00e-714.7183576286.5380050.46390 1201053460920.45154965.9467820.0329462.5815954.10e-615.3505490290.0268050.45540 120136150.27154971.5098020.0430958.2028692.21e-513.8785778291.9464050.48200 120163040.92154965.6523990.0591251.0240521.10e-613.7186491293.5267050.42720 120171403580.06154982.9566520.03755622.8452429.61e-513.8836026293.9149050.46930 120196740.77154953.7965850.0195080.3545042.00e-712.9615841295.1222050.43120 1202138735220.00155057.0027070.071742241.0710332.28e-310.6569307295.9108050.40980 120225170.28155003.2641080.0213783.4427136.50e-615.7155578296.3754050.48680 120227180.13154966.3967040.0220709.2553312.62e-514.6905564296.4435050.42040 1202308937270.52155001.7704980.0099200.6234417.00e-715.6265115296.5915050.49000 120550140.85154965.0413230.0302490.4999054.00e-713.5376546287.5161050.55660 120552550.90154964.5251840.0116400.2209391.00e-715.8664093287.6871050.53770 120554210.96154953.8209690.0215930.3856063.00e-712.5196118287.7894050.54390 120555170.77154999.8327660.0698770.6097525.00e-715.8794708287.8550050.51590 120591580.89154953.8450320.0267020.4718243.00e-713.5907591289.9505050.58490 1206266037460.50154998.9362580.0434812.9293001.49e-517.382292.0709050.54680 120666300.98154953.9678320.0539761.0983741.20e-611.0076818294.1088050.54260 120710060.53154955.8376400.1083176.0960261.42e-513.5337338296.1050050.51850 120717410.94154964.8175550.0161780.3142642.00e-714.8185385296.3953050.59920 121042850.87154964.7136940.0164370.2514511.00e-715.8414658287.5395050.69690 121057850.06154975.7074310.05194231.9530291.49e-413.0325349288.4874050.67550 1210693438950.29154998.6725520.0335815.9370464.09e-518.358289.1727050.63060 121083330.62154954.1065770.0198510.7054486.00e-713.2285710289.9579050.66110 1210926744570.27154977.0507320.10733779.3321185.44e-413.8156149290.5124050.64930 121095750.64154953.6176250.0135460.5316554.00e-713.2964350290.7453050.66380 1210984537650.51155000.5582230.0129300.8659592.70e-616.4404371290.9192050.69640 121533320.88154953.8710960.0167080.2946272.00e-713.0775367287.9061050.76630 121579870.66154953.9000740.0268410.5778445.00e-712.2057722290.6630050.70470 1216463434910.02154975.3159100.08113889.3312176.38e-413.6806596294.3226050.74170 121647510.60155004.6765980.0774152.6300888.20e-614.1876037294.3874050.71710 121673619800.00155012.0956410.01786747.9309502.71e-410.3768017295.5987050.72070 1217064828750.52154965.0250280.0087290.5993865.00e-714.8285000296.9638050.74540 1220888733330.01154965.1716390.03061453.5018013.30e-415.9295283291.7025050.86350 1221670636440.54155003.5216120.0252351.4710611.35e-515.0098530295.7438050.83090 122168171.00155002.0679590.0141260.2462731.00e-710.6626681295.7964050.89600 122179070.09154979.5973080.09545043.2045862.38e-414.2915745296.2712050.88630 122188580.65154953.7623640.0182680.4266583.00e-713.3345513296.6897050.86510 122516506210.03154971.6584910.01658217.7619956.62e-514.7624952287.4610050.97510 122517790.13154967.2332010.04914614.8442335.14e-514.4155926287.5736050.99870 1225349059610.04154974.5675510.01979719.1597437.37e-515.0534431288.6433050.90120 12255108-1.00155002.508341 9.1315262.53e-511.5947378289.5991050.93860 1225538231670.54154964.6285610.0865520.9993231.00e-610.4375352289.7467050.99370 122579080.63154954.9159730.0783542.6159174.20e-610.431291.2419050.93340 122677180.89154953.9998530.0334100.5450514.00e-713.3856802296.2554050.90440 122682200.41154954.1257490.0454934.4215708.90e-611.4257826296.4907050.90590 1230118120590.16154998.6122840.0231866.1472791.44e-512.9064536287.5901051.06060 123023910.03154972.6860180.02850525.3217331.11e-415.1285869288.4038051.07380 123055370.77154953.6534840.0193730.3618152.00e-711.914290.2849051.03360 123068080.08154971.1277950.06428137.8784841.95e-413.2655738291.1106051.05890 1231644735750.09155008.5191840.03571917.9077001.95e-416.1075934296.1154051.00710 123500080.71155002.0144380.0077960.1845301.00e-714.6026108287.2598051.15420 123519270.07154972.9815200.01754810.1161482.97e-515.5204641288.5106051.16250 123527120.90154999.9353570.0443430.7220652.00e-616.8006667288.9991051.11130 123537200.29154954.4142600.0122871.9533102.70e-613.0776152289.5703051.12570 123567460.53154954.3696000.0151581.0049081.00e-613.5325882291.2769051.13570 123569140.03154976.5083220.02876627.3074551.23e-415.5295368291.3735051.15340 123650000.40154953.8290140.0113921.2627431.50e-613.5735080295.3291051.13780 123673100.14154972.9893470.0295448.6274872.36e-513.8354965296.3500051.12340 1236746462500.28154954.1299390.0121471.8532092.50e-613.085296.4144051.16200 124007290.52154965.4808460.0122260.9317269.00e-715.2274949287.4136051.21010 124046150.75155001.9276120.0193970.3662912.00e-713.797289.7007051.22720 1240595037780.28155096.7677730.0572543.5396307.50e-612.3056808290.4301051.27160 124182740.95154964.8675600.0192300.3527222.00e-714.3495215296.2075051.21110 124183190.69154965.4656730.0155071.3569741.60e-613.9776150296.2266051.21010 124186620.43154967.3146040.0298572.7515744.50e-615.3115280296.3801051.20970 124188160.47154954.7429830.0166261.5218701.90e-612.4024583296.4419051.22430 124581330.77154964.8995100.0192800.3325222.00e-714.0745402290.1713051.37760 124587970.94155182.7910880.0141340.2413212.00e-713.8954583290.5310051.30860 1245973136620.08155004.4252480.03021414.1812071.41e-417.4276045291.0502051.32180 1247004162510.04154957.4925520.01779214.6677424.99e-513.4157290296.0148051.34700 124705300.13154968.8241310.0251048.2072572.21e-515.3004725296.2460051.36910 124709544390.39154965.4044020.0191111.9022102.70e-614.3135267296.4069051.35820 125049881810.23154967.6232020.0295995.0939391.11e-514.5755985288.2528051.41730 1250635114460.37154955.7361730.0175802.4555173.80e-613.1845949289.0500051.41840 125083352150.01154988.2058890.02479542.9438652.38e-414.7085535290.1651051.46730 125083480.97154951.6607840.0149080.2556051.00e-713.4288961290.1735051.41510 125538060.61155000.0398880.0147100.4631243.10e-617.136288.6711051.51910 125545360.63154953.9646230.0279070.6844966.00e-712.8197443289.1315051.53810 125577130.09154965.4978540.0155897.2147231.83e-514.8534594291.0823051.55840 125987130.94154953.6743860.0145740.2571791.00e-712.7625189288.2682051.68320 125997000.45154965.2591570.0082621.0177861.10e-615.7843887288.8850051.60430 126029850.88155002.0906250.0145610.2508692.00e-715.1524878290.8604051.67910 1264358236260.00155044.4953970.02588288.2954001.92e-316.4425630288.3188051.72540 1264476916110.03154965.6576340.03986441.0775872.19e-411.7624051289.0757051.75740 1264576159760.36154961.6692590.0352105.4191381.20e-513.3684844289.7039051.71440 127852820.64154953.9563530.0240420.7887507.00e-713.5186924290.4712052.02850 Kepler ID KOI Morph Mult BJD0 BJD0 Err Period Period Err Kepmag Teff RA Dec <!--  var MSIE = navigator.appName == ""Microsoft Internet Explorer"";  if (MSIE) {  document.write(""<hr class=\""hide\"" width=\""400\"">"") } // end hiding script for old browsers --> <!-- $(document).ready(function()  {  $.tablesorter.defaults.widgets = ['zebra']; $(""#myTable"").tablesorter();  $(""#myTable2"").tablesorter();  // Adds ""over"" class to rows on mouseover  $("".tablesorter tr"").mouseover(function(){  $(this).addClass(""over""); }); // Removes ""over"" class from rows on mouseout $("".tablesorter tr"").mouseout(function(){ $(this).removeClass(""over""); });  } ); // end hiding script for old browsers --> hide scripts from old browsers",,,,,,,,,,
"Top of Page  Copyright  Email Questions or Suggestions  Contacts  Last Modified: Dec 30, 2015 13:32","Top of Page  Copyright  Email Questions or Suggestions  Contacts  Last Modified: Dec 30, 2015 13:32",,,,,,,,,,
Kepler ID,KOI,Morph,Mult,BJD0,BJD0 Err,Period,Period Err,Kepmag,Teff,RA,Dec
